device_id,gateway_id,latitude,longitude,altitude,timestamp,RSSI,SNR,spreading_factor,distance_to_start,distance_to_destination,elevation,land_cover_code,land_cover_label,terrain_penalty,path_loss,PDR
1.0,Gateway_1,42.47050775755835,-9.001788139343253,58.9000015258789,1575451237.919151,-109.0,4.2,12,963.1368657901943,680.2327816551077,1.0,60,Bare / sparse vegetation,0.7,123.0,0.9999374784962252
1.0,Gateway_2,42.47050775755835,-9.001788139343253,58.9000015258789,1575451237.919151,-107.0,5.2,12,3250.1089502058526,680.2327816551077,1.0,60,Bare / sparse vegetation,0.7,121.0,0.9999580905827115
1.0,Gateway_3,42.47050775755835,-9.001788139343253,58.9000015258789,1575451237.919151,-120.0,-13.5,12,5770.190069152101,680.2327816551077,1.0,60,Bare / sparse vegetation,0.7,134.0,0.9257264217856661
1.0,Gateway_1,42.47055353393555,-9.001777548925782,57.0,1575451312.525759,-109.0,4.2,11,964.5082821294179,681.3755586647666,1.0,60,Bare / sparse vegetation,0.7,123.0,0.999830048932401
1.0,Gateway_2,42.47055353393555,-9.001777548925782,57.0,1575451312.525759,-107.0,5.0,11,3245.135563248851,681.3755586647666,1.0,60,Bare / sparse vegetation,0.7,121.0,0.9998765901959134
1.0,Gateway_3,42.47055353393555,-9.001777548925782,57.0,1575451312.525759,-119.0,-12.5,11,5767.006385655419,681.3755586647666,1.0,60,Bare / sparse vegetation,0.7,133.0,0.8646647167633873
1.0,Gateway_1,42.47052301535742,-9.001910209555753,25.79999923705055,1575451443.438279,-110.0,5.5,10,954.3616902623918,668.317929450858,1.0,60,Bare / sparse vegetation,0.7,124.0,0.9997253464300279
1.0,Gateway_2,42.47052301535742,-9.001910209555753,25.79999923705055,1575451443.438279,-107.0,8.8,10,3246.8540542336596,668.317929450858,1.0,60,Bare / sparse vegetation,0.7,121.0,0.9999266303356495
1.0,Gateway_3,42.47052301535742,-9.001910209555753,25.79999923705055,1575451443.438279,-120.0,-15.8,10,5762.12081097996,668.317929450858,1.0,60,Bare / sparse vegetation,0.7,134.0,0.0
1.0,Gateway_1,42.45993537084951,-9.002394575208495,50.70000075293945,1575451947.725535,-99.0,7.0,12,1417.2474772852634,1282.091689052061,0.0,80,Permanent water bodies,0.95,113.0,0.9999796004965888
1.0,Gateway_2,42.45993537084951,-9.002394575208495,50.70000075293945,1575451947.725535,-105.0,5.2,12,4413.914547991467,1282.091689052061,0.0,80,Permanent water bodies,0.95,119.0,0.9999580905827115
1.0,Gateway_3,42.45993537084951,-9.002394575208495,50.70000075293945,1575451947.725535,-120.0,-14.0,12,6657.066969257587,1282.091689052061,0.0,80,Permanent water bodies,0.95,134.0,0.9092820467105875
1.0,Gateway_1,42.47024535132813,-9.002385139455331,1.399999975158142,1575452025.504405,-104.0,7.2,11,914.6317129505985,626.8262709440277,1.0,60,Bare / sparse vegetation,0.7,118.0,0.9999488117221309
1.0,Gateway_2,42.47024535132813,-9.002385139455331,1.399999975158142,1575452025.504405,-111.0,3.8,11,3273.1169261713835,626.8262709440277,1.0,60,Bare / sparse vegetation,0.7,125.0,0.9998005605746358
1.0,Gateway_1,42.45975089477539,-9.002907752990723,55.4000015258789,1575452155.394878,-114.0,2.0,10,1406.5558342701217,1280.421675300688,0.0,80,Permanent water bodies,0.95,128.0,0.9988862248521552
1.0,Gateway_2,42.45975089477539,-9.002907752990723,55.4000015258789,1575452155.394878,-114.0,2.0,10,4431.35171397571,1280.421675300688,0.0,80,Permanent water bodies,0.95,128.0,0.9988862248521552
1.0,Gateway_1,42.4598371887207,-9.002974510192871,52.5,1575452192.412477,-108.0,9.0,9,1395.6645480809254,1269.2740328874531,0.0,80,Permanent water bodies,0.95,122.0,0.9998158942063324
1.0,Gateway_2,42.4598371887207,-9.002974510192871,52.5,1575452192.412477,-105.0,9.8,9,4421.388971619609,1269.2740328874531,0.0,80,Permanent water bodies,0.95,119.0,0.9998663117552086
1.0,Gateway_1,42.470314025878906,-9.003597395324707,5.0,1575452253.320385,-105.0,5.5,8,815.7826439800962,527.715875438465,1.0,30,Grassland,0.8,119.0,0.9979705693637043
1.0,Gateway_2,42.470314025878906,-9.003597395324707,5.0,1575452253.320385,-112.0,4.2,8,3256.6105247532882,527.715875438465,1.0,30,Grassland,0.8,126.0,0.9965864415566046
1.0,Gateway_1,42.45997833251953,-9.004535528723146,3.5999999045325586,1575452340.328852,-104.0,10.8,7,1308.951854041121,1200.5318323089655,0.0,80,Permanent water bodies,0.95,118.0,0.9993378377887877
1.0,Gateway_2,42.45997833251953,-9.004535528723146,3.5999999045325586,1575452340.328852,-112.0,4.8,7,4398.813125268615,1200.5318323089655,0.0,80,Permanent water bodies,0.95,126.0,0.9927008691532114
1.0,Gateway_1,42.45923055185547,-9.004739751352538,7.5,1575452420.779322,-97.0,5.5,12,1369.3654790652688,1272.1430862508323,0.0,80,Permanent water bodies,0.95,111.0,0.9999628296813159
1.0,Gateway_2,42.45923055185547,-9.004739751352538,7.5,1575452420.779322,-119.0,-15.5,12,4481.235398019473,1272.1430862508323,0.0,80,Permanent water bodies,0.95,133.0,0.8347011117784134
1.0,Gateway_1,42.45887588500976,-9.00473403930554,2.4000000953574316,1575452499.523112,-89.0,9.0,11,1403.529421601427,1309.3963319304844,0.0,80,Permanent water bodies,0.95,103.0,0.9999750839902685
1.0,Gateway_2,42.45887588500976,-9.00473403930554,2.4000000953574316,1575452499.523112,-114.0,0.0,11,4520.6267286285965,1309.3963319304844,0.0,80,Permanent water bodies,0.95,128.0,0.9990881180344455
1.0,Gateway_1,42.45828079223533,-9.00521945953359,12.0,1575452530.400512,-95.0,10.2,10,1441.047394841817,1359.9297892450682,0.0,80,Permanent water bodies,0.95,109.0,0.9999580905827115
1.0,Gateway_2,42.45828079223533,-9.00521945953359,12.0,1575452530.400512,-115.0,0.0,10,4585.581670634692,1359.9297892450682,0.0,80,Permanent water bodies,0.95,129.0,0.9975212478233336
1.0,Gateway_1,42.45899032592773,-9.005135535193848,59.19999594824219,1575452555.448059,-110.0,7.2,9,1374.1844924493923,1288.118433111353,0.0,80,Permanent water bodies,0.95,124.0,0.9996217669432174
1.0,Gateway_1,42.45890540258789,-9.005343437194824,70.19999594824219,1575452755.497498,-120.0,-10.0,8,1373.9300660859833,1292.4573519635371,0.0,80,Permanent water bodies,0.95,134.0,0.0
1.0,Gateway_1,42.45940512792959,-9.004888534545898,55.80000305175781,1575452855.254557,-110.0,7.2,7,1344.9788180423895,1250.9775920439308,0.0,80,Permanent water bodies,0.95,124.0,0.9972052147249632
1.0,Gateway_2,42.45940512792959,-9.004888534545898,55.80000305175781,1575452855.254557,-115.0,1.8,7,4461.753115383155,1250.9775920439308,0.0,80,Permanent water bodies,0.95,129.0,0.9757660321543089
1.0,Gateway_1,42.45989059448242,-9.005517959594727,50.79999923705055,1575452937.982959,-109.0,4.2,12,1272.1117297589687,1183.021819518997,0.0,80,Permanent water bodies,0.95,123.0,0.9999374784962252
1.0,Gateway_2,42.45989059448242,-9.005517959594727,50.79999923705055,1575452937.982959,-120.0,-14.5,12,4406.509661343115,1183.021819518997,0.0,80,Permanent water bodies,0.95,134.0,0.8891968416376661
1.0,Gateway_1,42.47084045410155,-9.005559593811036,9.500000381459728,1575453013.582843,-115.0,-0.8,11,663.763745957218,377.0340455882758,17.0,30,Grassland,0.8,129.0,0.9987442220274376
1.0,Gateway_3,42.47084045410155,-9.005559593811036,9.500000381459728,1575453013.582843,-119.0,-5.2,11,5537.940623371067,377.0340455882758,17.0,30,Grassland,0.8,133.0,0.9927008691532114
1.0,Gateway_1,42.47079849243154,-9.005745841430555,71.0,1575453144.452415,-114.0,1.2,10,644.8044203974501,367.83856184947786,17.0,30,Grassland,0.8,128.0,0.9984661893206755
1.0,Gateway_2,42.47079849243154,-9.005745841430555,71.0,1575453144.452415,-118.0,-0.5,10,3195.144581268723,367.83856184947786,17.0,30,Grassland,0.8,132.0,0.9969724452546241
1.0,Gateway_3,42.47079849243154,-9.005745841430555,71.0,1575453144.452415,-119.0,-12.2,10,5531.746109025239,367.83856184947786,17.0,30,Grassland,0.8,133.0,0.6737202053769606
1.0,Gateway_1,42.47115088857188,-9.007159723510743,23.10000038145973,1575453320.898254,-118.0,-1.5,12,543.4623001687862,267.2750477847267,18.0,30,Grassland,0.8,132.0,0.9993887472388704
1.0,Gateway_2,42.47115088857188,-9.007159723510743,23.10000038145973,1575453320.898254,-109.0,3.2,12,3155.1138242378024,267.2750477847267,18.0,30,Grassland,0.8,123.0,0.9999067288765351
1.0,Gateway_3,42.47115088857188,-9.007159723510743,23.10000038145973,1575453320.898254,-120.0,-19.2,12,5427.242548368182,267.2750477847267,18.0,30,Grassland,0.8,134.0,0.2738509629263093
1.0,Gateway_1,42.4715795875,-9.007158759835425,19.10000038145973,1575453398.344549,-117.0,-12.0,11,559.689880057376,292.82692981445336,16.0,30,Grassland,0.8,131.0,0.8891968416376661
1.0,Gateway_2,42.4715795875,-9.007158759835425,19.10000038145973,1575453398.344549,-105.0,7.0,11,3107.4779751171227,292.82692981445336,16.0,30,Grassland,0.8,119.0,0.9999445484005678
1.0,Gateway_3,42.4715795875,-9.007158759835425,19.10000038145973,1575453398.344549,-120.0,-14.5,11,5390.554722006621,292.82692981445336,16.0,30,Grassland,0.8,134.0,0.698805788087798
1.0,Gateway_1,42.47218322753905,-9.007454408874512,15.5,1575453529.221524,-118.0,-8.0,10,566.8181047782522,320.74785084385206,16.0,30,Grassland,0.8,132.0,0.9391899373747821
1.0,Gateway_2,42.47218322753905,-9.007454408874512,15.5,1575453529.221524,-103.0,10.2,10,3040.9233235565694,320.74785084385206,16.0,30,Grassland,0.8,117.0,0.9999580905827115
1.0,Gateway_1,42.47543715430554,-9.009973525000976,-18.79999923705055,1575454281.959137,-117.0,-9.0,12,702.4813277136564,604.2689831646552,16.0,10,Tree,0.9,131.0,0.9877226600969315
1.0,Gateway_2,42.47543715430554,-9.009973525000976,-18.79999923705055,1575454281.959137,-95.0,5.8,12,2693.460646894268,604.2689831646552,16.0,10,Tree,0.9,109.0,0.9999670328847198
1.0,Gateway_3,42.47543715430554,-9.009973525000976,-18.79999923705055,1575454281.959137,-119.0,-15.5,12,4914.105850268758,604.2689831646552,16.0,10,Tree,0.9,133.0,0.8347011117784134
1.0,Gateway_2,42.47553534543555,-9.009753717551355,59.09999847412109,1575454349.579483,-101.0,7.2,11,2681.2128425487704,618.0454897951054,13.0,10,Tree,0.9,115.0,0.9999488117221309
1.0,Gateway_1,42.4751848449707,-9.010083198547353,1.399999975158142,1575454480.455809,-120.0,-9.8,10,671.0372129968202,575.9877167022678,16.0,10,Tree,0.9,134.0,0.8750697878014175
1.0,Gateway_2,42.4751848449707,-9.010083198547353,1.399999975158142,1575454480.455809,-108.0,8.0,10,2722.1824577233097,575.9877167022678,16.0,10,Tree,0.9,122.0,0.9998989605981629
1.0,Gateway_3,42.4751848449707,-9.010083198547353,1.399999975158142,1575454480.455809,-119.0,-5.2,10,4929.341322471107,575.9877167022678,16.0,10,Tree,0.9,133.0,0.9801589052556298
1.0,Gateway_2,42.47701253427734,-9.010158075551525,0.1000000014901151,1575454551.344549,-114.0,4.8,8,2521.1383501894757,779.0782044721269,17.0,30,Grassland,0.8,128.0,0.9973147998230462
1.0,Gateway_1,42.4770522253418,-9.010037422180176,-1.0,1575454519.202227,-117.0,-4.8,7,864.6441463235994,783.3854108908091,15.0,30,Grassland,0.8,131.0,0.6604044743550609
1.0,Gateway_2,42.4770522253418,-9.010037422180176,-1.0,1575454519.202227,-89.0,11.8,7,2515.609493537428,783.3854108908091,15.0,30,Grassland,0.8,103.0,0.9995561393960971
1.0,Gateway_1,42.47708511352539,-9.010320553452148,-3.0999999045325586,1575454594.841705,-117.0,-5.5,12,861.0246445356876,787.4794558781923,18.0,30,Grassland,0.8,131.0,0.9969724452546241
1.0,Gateway_2,42.47708511352539,-9.010320553452148,-3.0999999045325586,1575454594.841705,-81.0,7.2,12,2514.7568728010115,787.4794558781923,18.0,30,Grassland,0.8,95.0,0.9999811688849429
1.0,Gateway_3,42.47708511352539,-9.010320553452148,-3.0999999045325586,1575454594.841705,-120.0,-17.8,12,4757.718436007705,787.4794558781923,18.0,30,Grassland,0.8,134.0,0.5852170883184186
1.0,Gateway_2,42.4770735594336,-9.010004043579102,-7.599999904532558,1575454752.585952,-87.0,8.2,11,2512.9671396903873,785.7853979138083,15.0,30,Grassland,0.8,101.0,0.9999656874712223
1.0,Gateway_1,42.47758402099509,-9.009431838989258,-1.799999952315284,1575454893.470887,-120.0,-9.0,10,936.9502428830862,843.7484541310567,8.0,30,Grassland,0.8,134.0,0.9092820467105875
1.0,Gateway_2,42.47758402099509,-9.009431838989258,-1.799999952315284,1575454893.470887,-108.0,8.0,10,2451.6068344291734,843.7484541310567,8.0,30,Grassland,0.8,122.0,0.9998989605981629
1.0,Gateway_3,42.47758402099509,-9.009431838989258,-1.799999952315284,1575454893.470887,-117.0,-1.2,10,4766.224976137298,843.7484541310567,8.0,30,Grassland,0.8,131.0,0.9959941520579095
1.0,Gateway_1,42.47892751230459,-9.00855985321045,-4.400000095357432,1575455117.874533,-117.0,-1.2,12,1101.7284485004438,998.7463023794766,5.0,30,Grassland,0.8,131.0,0.9994578674341544
1.0,Gateway_2,42.47892751230459,-9.00855985321045,-4.400000095357432,1575455117.874533,-105.0,5.0,12,2296.8335854528946,998.7463023794766,5.0,30,Grassland,0.8,119.0,0.9999546000702375
1.0,Gateway_3,42.47892751230459,-9.00855985321045,-4.400000095357432,1575455117.874533,-115.0,0.0,12,4708.666492765688,998.7463023794766,5.0,30,Grassland,0.8,129.0,0.9996645373720975
1.0,Gateway_1,42.47898101805541,-9.00881575538085,-5.199999809255137,1575455182.785289,-117.0,-3.8,11,1099.837129457772,1002.3892058169198,7.0,30,Grassland,0.8,131.0,0.9958306703020959
1.0,Gateway_2,42.47898101805541,-9.00881575538085,-5.199999809255137,1575455182.785289,-108.0,5.0,11,2292.530111611821,1002.3892058169198,7.0,30,Grassland,0.8,122.0,0.9998765901959134
1.0,Gateway_3,42.47898101805541,-9.00881575538085,-5.199999809255137,1575455182.785289,-111.0,3.8,11,4689.616923854018,1002.3892058169198,7.0,30,Grassland,0.8,125.0,0.9998005605746358
1.0,Gateway_2,42.47925712035133,-9.009847540991212,-5.5,1575455313.700995,-104.0,8.5,10,2270.555826458338,1028.3952776944293,6.0,30,Grassland,0.8,118.0,0.9999172759344434
1.0,Gateway_1,42.4793585730957,-9.010725021352304,-2.200000047583715,1575455385.343985,-115.0,-0.8,8,1096.4563148153877,1041.2843233015944,8.0,30,Grassland,0.8,129.0,0.9747770251647728
1.0,Gateway_2,42.4793585730957,-9.010725021352304,-2.200000047583715,1575455385.343985,-90.0,13.0,8,2269.1676151285537,1041.2843233015944,8.0,30,Grassland,0.8,104.0,0.9998989605981629
1.0,Gateway_3,42.4793585730957,-9.010725021352304,-2.200000047583715,1575455385.343985,-114.0,2.0,8,4549.954698881293,1041.2843233015944,8.0,30,Grassland,0.8,128.0,0.99177025295098
1.0,Gateway_1,42.47933197021485,-9.010820388793944,-9.5,1575455454.217394,-115.0,0.2,7,1092.5178904313184,1038.8549835467304,8.0,30,Grassland,0.8,129.0,0.9540407433509558
1.0,Gateway_2,42.47933197021485,-9.010820388793944,-9.5,1575455454.217394,-93.0,13.8,7,2273.3239340136374,1038.8549835467304,8.0,30,Grassland,0.8,107.0,0.9998005605746358
1.0,Gateway_3,42.47933197021485,-9.010820388793944,-9.5,1575455454.217394,-110.0,5.8,7,4546.7299572402835,1038.8549835467304,8.0,30,Grassland,0.8,124.0,0.9951072462747605
1.0,Gateway_1,42.47939582005835,-9.011570112509853,-2.200000047583715,1575455525.927459,-115.0,0.2,12,1088.4751833766434,1051.669344677117,9.0,30,Grassland,0.8,129.0,0.9996903289645813
1.0,Gateway_2,42.47939582005835,-9.011570112509853,-2.200000047583715,1575455525.927459,-85.0,5.8,12,2276.667463619607,1051.669344677117,9.0,30,Grassland,0.8,99.0,0.9999670328847198
1.0,Gateway_3,42.47939582005835,-9.011570112509853,-2.200000047583715,1575455525.927459,-114.0,1.5,12,4499.147970531235,1051.669344677117,9.0,30,Grassland,0.8,128.0,0.9998158942063324
1.0,Gateway_1,42.4800033559336,-9.012285232543944,-4.099999904532558,1575455592.553307,-103.0,5.5,11,1148.8994894943132,1126.9831837871327,7.0,30,Grassland,0.8,117.0,0.9998989605981629
1.0,Gateway_2,42.4800033559336,-9.012285232543944,-4.099999904532558,1575455592.553307,-84.0,7.5,11,2222.0945504447823,1126.9831837871327,7.0,30,Grassland,0.8,98.0,0.9999546000702375
1.0,Gateway_3,42.4800033559336,-9.012285232543944,-4.099999904532558,1575455592.553307,-107.0,5.5,11,4409.716664187975,1126.9831837871327,7.0,30,Grassland,0.8,121.0,0.9998989605981629
1.0,Gateway_1,42.48040390014549,-9.013038535253903,-7.099999904532558,1575455723.507218,-91.0,11.2,10,1189.9756590092577,1182.4148019916763,5.0,30,Grassland,0.8,105.0,0.9999719072774738
1.0,Gateway_2,42.48040390014549,-9.013038535253903,-7.099999904532558,1575455723.507218,-100.0,12.2,10,2192.9130046795385,1182.4148019916763,5.0,30,Grassland,0.8,114.0,0.9999811688849429
1.0,Gateway_3,42.48040390014549,-9.013038535253903,-7.099999904532558,1575455723.507218,-118.0,-2.0,10,4334.931205302813,1182.4148019916763,5.0,30,Grassland,0.8,132.0,0.9944834355792392
1.0,Gateway_1,42.48139953513281,-9.01425552358154,-0.4000000059504545,1575455795.38125,-91.0,11.8,8,1301.1540521576414,1313.7515580883842,9.0,30,Grassland,0.8,105.0,0.9998367128090782
1.0,Gateway_2,42.48139953513281,-9.01425552358154,-0.4000000059504545,1575455795.38125,-115.0,0.2,8,2113.6350634374003,1313.7515580883842,9.0,30,Grassland,0.8,129.0,0.9830925343472947
1.0,Gateway_3,42.48139953513281,-9.01425552358154,-0.4000000059504545,1575455795.38125,-117.0,-4.0,8,4185.752143279234,1313.7515580883842,9.0,30,Grassland,0.8,131.0,0.9092820467105875
1.0,Gateway_1,42.48058700551523,-9.01412295295155,-15.500000381459728,1575455871.121553,-95.0,13.0,7,1211.6385004990984,1224.0241930678612,7.0,30,Grassland,0.8,109.0,0.9997253464300279
1.0,Gateway_2,42.48058700551523,-9.01412295295155,-15.500000381459728,1575455871.121553,-117.0,1.0,7,2196.8716742404595,1224.0241930678612,7.0,30,Grassland,0.8,131.0,0.9666267300396739
1.0,Gateway_3,42.48058700551523,-9.01412295295155,-15.500000381459728,1575455871.121553,-119.0,-5.0,7,4259.625031933558,1224.0241930678612,7.0,30,Grassland,0.8,133.0,0.6321205588285577
1.0,Gateway_1,42.48072814941405,-9.015487570898438,-0.800000011920929,1575455945.905855,-85.0,7.8,12,1236.4432158258523,1274.2839666458576,9.0,30,Grassland,0.8,99.0,0.9999851869202412
1.0,Gateway_2,42.48072814941405,-9.015487570898438,-0.800000011920929,1575455945.905855,-117.0,0.0,12,2216.4193146137,1274.2839666458576,9.0,30,Grassland,0.8,131.0,0.9996645373720975
1.0,Gateway_3,42.48072814941405,-9.015487570898438,-0.800000011920929,1575455945.905855,-105.0,5.5,12,4172.974086534801,1274.2839666458576,9.0,30,Grassland,0.8,119.0,0.9999628296813159
1.0,Gateway_1,42.48051071155992,-9.01545238494873,1.299999952315284,1575455013.511241,-104.0,7.2,11,1212.0387597570327,1250.6853197689854,8.0,30,Grassland,0.8,118.0,0.9999488117221309
1.0,Gateway_2,42.48051071155992,-9.01545238494873,1.299999952315284,1575455013.511241,-113.0,3.2,11,2238.2654685138464,1250.6853197689854,8.0,30,Grassland,0.8,127.0,0.9997464627999653
1.0,Gateway_3,42.48051071155992,-9.01545238494873,1.299999952315284,1575455013.511241,-111.0,4.2,11,4193.0278080153275,1250.6853197689854,8.0,30,Grassland,0.8,125.0,0.999830048932401
1.0,Gateway_1,42.47982405515211,-9.014989852905272,-2.0999999045325586,1575455144.503091,-98.0,11.5,10,1131.997968075934,1165.8750337633448,9.0,30,Grassland,0.8,112.0,0.9999750839902685
1.0,Gateway_2,42.47982405515211,-9.014989852905272,-2.0999999045325586,1575455144.503091,-115.0,2.2,10,2298.706407096434,1165.8750337633448,9.0,30,Grassland,0.8,129.0,0.9989718559548253
1.0,Gateway_3,42.47982405515211,-9.014989852905272,-2.0999999045325586,1575455144.503091,-117.0,-1.5,10,4275.567601321609,1165.8750337633448,9.0,30,Grassland,0.8,131.0,0.9954834190573874
1.0,Gateway_1,42.47830953134756,-9.013505889343252,-15.0,1575455321.905854,-89.0,7.5,12,958.2070894915116,967.1353568607024,13.0,30,Grassland,0.8,103.0,0.9999832982992097
1.0,Gateway_2,42.47830953134756,-9.013505889343252,-15.0,1575455321.905854,-103.0,5.2,12,2428.04045659221,967.1353568607024,13.0,30,Grassland,0.8,117.0,0.9999580905827115
1.0,Gateway_3,42.47830953134756,-9.013505889343252,-15.0,1575455321.905854,-115.0,-2.5,12,4482.7792499531215,967.1353568607024,13.0,30,Grassland,0.8,129.0,0.9990881180344455
1.0,Gateway_1,42.47840118408203,-9.013320922851552,-8.599999809255136,1575455387.509993,-103.0,5.5,11,967.8320915702334,972.3988169698151,14.0,30,Grassland,0.8,117.0,0.9998989605981629
1.0,Gateway_2,42.47840118408203,-9.013320922851552,-8.599999809255136,1575455387.509993,-114.0,1.2,11,2414.5473947805863,972.3988169698151,14.0,30,Grassland,0.8,128.0,0.9994357425844274
1.0,Gateway_3,42.47840118408203,-9.013320922851552,-8.599999809255136,1575455387.509993,-117.0,-2.2,11,4484.931525999486,972.3988169698151,14.0,30,Grassland,0.8,131.0,0.9978015440369574
1.0,Gateway_1,42.47830953134756,-9.013459595044923,12.599999809255136,1575455520.429834,-97.0,11.0,10,956.0567379510442,965.9730797506118,13.0,30,Grassland,0.8,111.0,0.9999695675169916
1.0,Gateway_2,42.47830953134756,-9.013459595044923,12.599999809255136,1575455520.429834,-107.0,8.8,10,2427.075064284952,965.9730797506118,13.0,30,Grassland,0.8,121.0,0.9999266303356495
1.0,Gateway_3,42.47830953134756,-9.013459595044923,12.599999809255136,1575455520.429834,-104.0,10.0,10,4485.060610597906,965.9730797506118,13.0,30,Grassland,0.8,118.0,0.9999546000702375
1.0,Gateway_1,42.47805157502539,-9.014520545141503,-17.200000752939452,1575455595.349421,-95.0,14.8,8,934.0352097366,968.7191723207562,12.0,30,Grassland,0.8,109.0,0.9999508188432149
1.0,Gateway_2,42.47805157502539,-9.014520545141503,-17.200000752939452,1575455595.349421,-111.0,7.5,8,2476.6949986514724,968.7191723207562,12.0,30,Grassland,0.8,125.0,0.9990881180344455
1.0,Gateway_3,42.47805157502539,-9.014520545141503,-17.200000752939452,1575455595.349421,-109.0,8.0,8,4450.978830663794,968.7191723207562,12.0,30,Grassland,0.8,123.0,0.9992534141916233
1.0,Gateway_1,42.47750391235352,-9.014485359191896,-7.800000190734853,1575455553.307971,-100.0,12.2,7,872.5871233826098,911.547842990582,15.0,30,Grassland,0.8,114.0,0.9996217669432174
1.0,Gateway_2,42.47750391235352,-9.014485359191896,-7.800000190734853,1575455553.307971,-98.0,13.0,7,2534.5947772021887,911.547842990582,15.0,30,Grassland,0.8,112.0,0.9997253464300279
1.0,Gateway_3,42.47750391235352,-9.014485359191896,-7.800000190734853,1575455553.307971,-114.0,2.8,7,4499.769200692503,911.547842990582,15.0,30,Grassland,0.8,128.0,0.9837554855580501
1.0,Gateway_1,42.47737503051758,-9.01474555595459,3.5,1575455733.982775,-95.0,5.0,12,859.8014211674777,907.4420711643614,14.0,30,Grassland,0.8,109.0,0.9999546000702375
1.0,Gateway_2,42.47737503051758,-9.01474555595459,3.5,1575455733.982775,-109.0,3.0,12,2553.965618362022,907.4420711643614,14.0,30,Grassland,0.8,123.0,0.9998989605981629
1.0,Gateway_3,42.47737503051758,-9.01474555595459,3.5,1575455733.982775,-105.0,4.8,12,4497.3717898545765,907.4420711643614,14.0,30,Grassland,0.8,119.0,0.9999508188432149
1.0,Gateway_1,42.47593534033203,-9.015700340270996,-1.0,1575455803.519209,-99.0,5.5,11,718.60632211721,808.9706457573733,15.0,30,Grassland,0.8,113.0,0.9998989605981629
1.0,Gateway_2,42.47593534033203,-9.015700340270996,-1.0,1575455803.519209,-113.0,-1.2,11,2729.158225021665,808.9706457573733,15.0,30,Grassland,0.8,127.0,0.998526330897646
1.0,Gateway_3,42.47593534033203,-9.015700340270996,-1.0,1575455803.519209,-102.0,5.0,11,4575.735148289618,808.9706457573733,15.0,30,Grassland,0.8,116.0,0.9998765901959134
1.0,Gateway_1,42.47577993774414,-9.015524314880372,-18.200000752939452,1575455934.503835,-95.0,11.0,10,700.3927293129966,786.7261075238522,16.0,30,Grassland,0.8,109.0,0.9999695675169916
1.0,Gateway_2,42.47577993774414,-9.015524314880372,-18.200000752939452,1575455934.503835,-109.0,5.8,10,2741.9122706467824,786.7261075238522,16.0,30,Grassland,0.8,123.0,0.9997564041357744
1.0,Gateway_3,42.47577993774414,-9.015524314880372,-18.200000752939452,1575455934.503835,-118.0,-7.2,10,4598.379106275161,786.7261075238522,16.0,30,Grassland,0.8,132.0,0.9558428315803071
1.0,Gateway_1,42.47575378417959,-9.015505744384756,-2.700000047583715,1575457039.898435,-90.0,8.2,12,695.3714947524745,783.2667372596036,16.0,30,Grassland,0.8,104.0,0.9999873771260881
1.0,Gateway_2,42.47575378417959,-9.015505744384756,-2.700000047583715,1575457039.898435,-112.0,3.2,12,2744.2123658149203,783.2667372596036,16.0,30,Grassland,0.8,126.0,0.9999067288765351
1.0,Gateway_3,42.47575378417959,-9.015505744384756,-2.700000047583715,1575457039.898435,-114.0,1.8,12,4601.480569786437,783.2667372596036,16.0,30,Grassland,0.8,128.0,0.9998367128090782
1.0,Gateway_1,42.47533798217773,-9.015732755197755,2.4000000953574316,1575457110.532917,-85.0,8.8,11,655.4952884432081,757.529525589601,17.0,30,Grassland,0.8,99.0,0.9999730088088798
1.0,Gateway_2,42.47533798217773,-9.015732755197755,2.4000000953574316,1575457110.532917,-112.0,2.8,11,2793.713141242676,757.529525589601,17.0,30,Grassland,0.8,126.0,0.9997024713395585
1.0,Gateway_3,42.47533798217773,-9.015732755197755,2.4000000953574316,1575457110.532917,-104.0,7.5,11,4627.46555660751,757.529525589601,17.0,30,Grassland,0.8,118.0,0.9999546000702375
1.0,Gateway_1,42.47524251474509,-9.015071319580079,-18.0,1575457241.958582,-94.0,10.5,10,634.3376038308613,716.5047128609026,17.0,30,Grassland,0.8,108.0,0.9999628296813159
1.0,Gateway_2,42.47524251474509,-9.015071319580079,-18.0,1575457241.958582,-114.0,2.0,10,2789.851233243884,716.5047128609026,17.0,30,Grassland,0.8,128.0,0.9988862248521552
1.0,Gateway_3,42.47524251474509,-9.015071319580079,-18.0,1575457241.958582,-105.0,8.5,10,4668.495255199951,716.5047128609026,17.0,30,Grassland,0.8,119.0,0.9999172759344434
1.0,Gateway_1,42.47459711303711,-9.014725585119528,-5.900000095357432,1575457413.908158,-101.0,5.0,12,557.4357607337374,641.7356655806102,19.0,30,Grassland,0.8,115.0,0.9999546000702375
1.0,Gateway_2,42.47459711303711,-9.014725585119528,-5.900000095357432,1575457413.908158,-100.0,7.0,12,2852.3848572520133,641.7356655806102,19.0,30,Grassland,0.8,114.0,0.9999796004965888
1.0,Gateway_3,42.47459711303711,-9.014725585119528,-5.900000095357432,1575457413.908158,-95.0,7.5,12,4742.8948038455765,641.7356655806102,19.0,30,Grassland,0.8,109.0,0.9999832982992097
1.0,Gateway_1,42.47480010985328,-9.014019955125487,3.5,1575457481.539584,-95.0,7.5,11,570.503390510286,627.3812778497914,21.0,30,Grassland,0.8,109.0,0.9999546000702375
1.0,Gateway_2,42.47480010985328,-9.014019955125487,3.5,1575457481.539584,-104.0,5.0,11,2817.2263060351384,627.3812778497914,21.0,30,Grassland,0.8,118.0,0.9998765901959134
1.0,Gateway_3,42.47480010985328,-9.014019955125487,3.5,1575457481.539584,-115.0,-1.8,11,4759.55804752383,627.3812778497914,21.0,30,Grassland,0.8,129.0,0.9981265994057775
1.0,Gateway_1,42.47421545118154,-9.013253702392579,-5.199999809255137,1575457523.888102,-111.0,2.8,12,505.7093911561424,539.3428073314044,26.0,30,Grassland,0.8,125.0,0.9998905453226643
1.0,Gateway_2,42.47421545118154,-9.013253702392579,-5.199999809255137,1575457523.888102,-107.0,5.0,12,2867.869955864018,539.3428073314044,26.0,30,Grassland,0.8,121.0,0.9999546000702375
1.0,Gateway_3,42.47421545118154,-9.013253702392579,-5.199999809255137,1575457523.888102,-97.0,7.0,12,4849.450279205264,539.3428073314044,26.0,30,Grassland,0.8,111.0,0.9999796004965888
1.0,Gateway_1,42.47400555283203,-9.012723922729492,-5.300000190734853,1575457591.519355,-111.0,3.8,11,486.1270074415496,498.1799205110391,31.0,30,Grassland,0.8,125.0,0.9998005605746358
1.0,Gateway_2,42.47400555283203,-9.012723922729492,-5.300000190734853,1575457591.519355,-101.0,5.8,11,2882.754075195826,498.1799205110391,31.0,30,Grassland,0.8,115.0,0.999910386089597
1.0,Gateway_3,42.47400555283203,-9.012723922729492,-5.300000190734853,1575457591.519355,-100.0,5.8,11,4894.444905457505,498.1799205110391,31.0,30,Grassland,0.8,114.0,0.999910386089597
1.0,Gateway_1,42.47395850585938,-9.012773513793944,-4.599999809255137,1575457822.505984,-115.0,0.0,10,480.40764966825304,495.37527317848094,31.0,30,Grassland,0.8,129.0,0.9975212478233336
1.0,Gateway_2,42.47395850585938,-9.012773513793944,-4.599999809255137,1575457822.505984,-109.0,5.8,10,2888.6165711116605,495.37527317848094,31.0,30,Grassland,0.8,123.0,0.9997564041357744
1.0,Gateway_3,42.47395850585938,-9.012773513793944,-4.599999809255137,1575457822.505984,-107.0,9.2,10,4896.101551756193,495.37527317848094,31.0,30,Grassland,0.8,121.0,0.9999374784962252
1.0,Gateway_1,42.47429555982422,-9.013137817382812,-2.5999999045325586,1575458520.830903,-99.0,5.0,12,514.4970056824625,542.470571186663,26.0,30,Grassland,0.8,113.0,0.9999546000702375
1.0,Gateway_2,42.47429555982422,-9.013137817382812,-2.5999999045325586,1575458520.830903,-97.0,7.2,12,2857.30599483344,542.470571186663,26.0,30,Grassland,0.8,111.0,0.9999811688849429
1.0,Gateway_3,42.47429555982422,-9.013137817382812,-2.5999999045325586,1575458520.830903,-98.0,7.0,12,4848.148135540416,542.470571186663,26.0,30,Grassland,0.8,112.0,0.9999796004965888
1.0,Gateway_1,42.47345115112305,-9.012370109558104,-17.200000752939452,1575458700.507351,-107.0,5.0,11,433.36374586533276,430.40888080373804,37.0,30,Grassland,0.8,121.0,0.9998765901959134
1.0,Gateway_2,42.47345115112305,-9.012370109558104,-17.200000752939452,1575458700.507351,-107.0,5.2,11,2938.5738816511725,430.40888080373804,37.0,30,Grassland,0.8,121.0,0.9998860783925432
1.0,Gateway_3,42.47345115112305,-9.012370109558104,-17.200000752939452,1575458700.507351,-105.0,5.2,11,4961.122349138135,430.40888080373804,37.0,30,Grassland,0.8,119.0,0.9998860783925432
1.0,Gateway_1,42.473419189453125,-9.013190259470216,0.599999988079071,1575458831.399237,-93.0,13.8,10,417.79081977973186,461.61378249343113,31.0,30,Grassland,0.8,107.0,0.9999900704956941
1.0,Gateway_2,42.473419189453125,-9.013190259470216,0.599999988079071,1575458831.399237,-115.0,2.5,10,2953.731767303026,461.61378249343113,31.0,30,Grassland,0.8,129.0,0.9990881180344455
1.0,Gateway_3,42.473419189453125,-9.013190259470216,0.599999988079071,1575458831.399237,-109.0,8.2,10,4923.167670820656,461.61378249343113,31.0,30,Grassland,0.8,123.0,0.9999067288765351
1.0,Gateway_1,42.472755432128906,-9.013352884521485,-12.0,1575458871.445094,-90.0,14.0,9,347.8236670662012,412.1356391599923,36.0,30,Grassland,0.8,104.0,0.9999750839902685
1.0,Gateway_2,42.472755432128906,-9.013352884521485,-12.0,1575458871.445094,-97.0,13.2,9,3028.7093649257613,412.1356391599923,36.0,30,Grassland,0.8,111.0,0.9999656874712223
1.0,Gateway_3,42.472755432128906,-9.013352884521485,-12.0,1575458871.445094,-107.0,9.0,9,4974.649726010689,412.1356391599923,36.0,30,Grassland,0.8,121.0,0.9998158942063324
1.0,Gateway_1,42.47248840332031,-9.013437271118153,-12.899999518530272,1575458945.257247,-89.0,15.2,8,319.294641204915,395.5697719457782,32.0,30,Grassland,0.8,103.0,0.9999580905827115
1.0,Gateway_2,42.47248840332031,-9.013437271118153,-12.899999518530272,1575458945.257247,-119.0,-2.8,8,3059.148203458411,395.5697719457782,32.0,30,Grassland,0.8,133.0,0.9438652371658663
1.0,Gateway_3,42.47248840332031,-9.013437271118153,-12.899999518530272,1575458945.257247,-115.0,3.0,8,4994.585616591855,395.5697719457782,32.0,30,Grassland,0.8,129.0,0.9944834355792392
1.0,Gateway_1,42.47231574194335,-9.0128173828125,-14.199999809255136,1575459030.178758,-89.0,14.0,7,305.6977601192008,346.4889247049217,48.0,30,Grassland,0.8,103.0,0.9998158942063324
1.0,Gateway_2,42.47231574194335,-9.0128173828125,-14.199999809255136,1575459030.178758,-113.0,5.2,7,3069.0243437468084,346.4889247049217,48.0,30,Grassland,0.8,127.0,0.9937800909840574
1.0,Gateway_3,42.47231574194335,-9.0128173828125,-14.199999809255136,1575459030.178758,-115.0,1.0,7,5040.082044023955,346.4889247049217,48.0,30,Grassland,0.8,129.0,0.9666267300396739
1.0,Gateway_1,42.47222137451172,-9.012744903554452,-9.5,1575459117.845958,-113.0,0.5,12,295.5909570982845,334.5648670652505,48.0,30,Grassland,0.8,127.0,0.9997253464300279
1.0,Gateway_2,42.47222137451172,-9.012744903554452,-9.5,1575459117.845958,-108.0,3.5,12,3078.3391047895207,334.5648670652505,48.0,30,Grassland,0.8,122.0,0.9999172759344434
1.0,Gateway_3,42.47222137451172,-9.012744903554452,-9.5,1575459117.845958,-117.0,-3.8,12,5052.021524744029,334.5648670652505,48.0,30,Grassland,0.8,131.0,0.9984661893206755
1.0,Gateway_1,42.47250555893555,-9.012451171875,2.9000000953574316,1575459198.548884,-105.0,5.5,11,327.72845209904426,343.66465395620236,52.0,30,Grassland,0.8,119.0,0.9998989605981629
1.0,Gateway_2,42.47250555893555,-9.012451171875,2.9000000953574316,1575459198.548884,-118.0,-5.0,11,3043.228627915965,343.66465395620236,52.0,30,Grassland,0.8,132.0,0.9932620530009145
1.0,Gateway_3,42.47250555893555,-9.012451171875,2.9000000953574316,1575459198.548884,-104.0,5.0,11,5040.852194154261,343.66465395620236,52.0,30,Grassland,0.8,118.0,0.9998765901959134
1.0,Gateway_1,42.4721555245582,-9.012282371520996,-13.300000190734853,1575459329.424291,-89.0,12.2,10,299.76997362093465,304.52964646146563,57.0,30,Grassland,0.8,103.0,0.9999811688849429
1.0,Gateway_3,42.4721555245582,-9.012282371520996,-13.300000190734853,1575459329.424291,-115.0,1.8,10,5080.473212843347,304.52964646146563,57.0,30,Grassland,0.8,129.0,0.998793461786042
1.0,Gateway_1,42.47315979003905,-9.01434325171875,-3.200000047583715,1575459408.45754,-95.0,12.5,9,396.4884911095961,500.78096464687275,25.0,30,Grassland,0.8,109.0,0.9999546000702375
1.0,Gateway_2,42.47315979003905,-9.01434325171875,-3.200000047583715,1575459408.45754,-114.0,4.2,9,3000.8895850494396,500.78096464687275,25.0,30,Grassland,0.8,128.0,0.9987442220274376
1.0,Gateway_3,42.47315979003905,-9.01434325171875,-3.200000047583715,1575459408.45754,-97.0,12.8,9,4890.458963477189,500.78096464687275,25.0,30,Grassland,0.8,111.0,0.9999597338744681
1.0,Gateway_1,42.47259521484375,-9.01478385925293,-13.300000190734853,1575459487.255702,-98.0,12.0,8,348.5504700522261,487.9077347495317,23.0,30,Grassland,0.8,112.0,0.9998492669249045
1.0,Gateway_2,42.47259521484375,-9.01478385925293,-13.300000190734853,1575459487.255702,-115.0,2.0,8,3070.0213456646343,487.9077347495317,23.0,30,Grassland,0.8,129.0,0.99177025295098
1.0,Gateway_3,42.47259521484375,-9.01478385925293,-13.300000190734853,1575459487.255702,-102.0,11.2,8,4920.828871470806,487.9077347495317,23.0,30,Grassland,0.8,116.0,0.9997924212972823
1.0,Gateway_1,42.47248077392578,-9.015382755723532,-14.899999518530272,1575459570.231759,-90.0,13.8,7,356.4241337953478,521.6405535699662,18.0,30,Grassland,0.8,104.0,0.9998005605746358
1.0,Gateway_2,42.47248077392578,-9.015382755723532,-14.899999518530272,1575459570.231759,-115.0,-0.5,7,3093.6312609574843,521.6405535699662,18.0,30,Grassland,0.8,129.0,0.9391899373747821
1.0,Gateway_3,42.47248077392578,-9.015382755723532,-14.899999518530272,1575459570.231759,-100.0,12.2,7,4903.3418625809845,521.6405535699662,18.0,30,Grassland,0.8,114.0,0.9996217669432174
1.0,Gateway_1,42.47259439597256,-9.01559215155006,-7.900000095357432,1575459552.838511,-100.0,5.8,12,373.5340493748207,542.7763016886709,16.0,30,Grassland,0.8,114.0,0.9999670328847198
1.0,Gateway_2,42.47259439597256,-9.01559215155006,-7.900000095357432,1575459552.838511,-121.0,-13.2,12,3085.435003287716,542.7763016886709,16.0,30,Grassland,0.8,135.0,0.9341252455735971
1.0,Gateway_3,42.47259439597256,-9.01559215155006,-7.900000095357432,1575459552.838511,-117.0,-1.5,12,4883.154210749294,542.7763016886709,16.0,30,Grassland,0.8,131.0,0.9993887472388704
1.0,Gateway_1,42.47194290151133,-9.01577377319335,57.4000015258789,1575470344.959235,-92.0,8.5,12,312.62583792251843,524.7152119321281,15.0,30,Grassland,0.8,106.0,0.9999888045151574
1.0,Gateway_2,42.47194290151133,-9.01577377319335,57.4000015258789,1575470344.959235,-120.0,-9.5,12,3159.6794911547668,524.7152119321281,15.0,30,Grassland,0.8,134.0,0.9850044231795223
1.0,Gateway_3,42.47194290151133,-9.01577377319335,57.4000015258789,1575470344.959235,-118.0,-3.5,12,4934.780158874051,524.7152119321281,15.0,30,Grassland,0.8,132.0,0.9986396319624521
1.0,Gateway_1,42.47201919555554,-9.015713591711425,59.5999984741211,1575470410.582794,-90.0,7.8,11,316.3244641840036,524.0589412463739,15.0,30,Grassland,0.8,104.0,0.9999597338744681
1.0,Gateway_2,42.47201919555554,-9.015713591711425,59.5999984741211,1575470410.582794,-120.0,-8.2,11,3150.3036418668285,524.0589412463739,15.0,30,Grassland,0.8,134.0,0.9757660321543089
1.0,Gateway_3,42.47201919555554,-9.015713591711425,59.5999984741211,1575470410.582794,-117.0,-1.5,11,4930.483601651964,524.0589412463739,15.0,30,Grassland,0.8,131.0,0.998338442726826
1.0,Gateway_1,42.47203053954844,-9.015798558725583,70.0,1575470543.502773,-89.0,13.2,10,321.22597367874965,532.1349580235212,12.0,30,Grassland,0.8,103.0,0.9999873771260881
1.0,Gateway_2,42.47203053954844,-9.015798558725583,70.0,1575470543.502773,-120.0,-9.8,10,3150.9581989057874,532.1349580235212,12.0,30,Grassland,0.8,134.0,0.8750697878014175
1.0,Gateway_3,42.47203053954844,-9.015798558725583,70.0,1575470543.502773,-120.0,-9.5,10,4925.630272908249,532.1349580235212,12.0,30,Grassland,0.8,134.0,0.8891968416376661
1.0,Gateway_1,42.47203053954844,-9.015811920155016,59.4000015258789,1575470597.973551,-98.0,5.5,12,322.1610428525055,531.8318557836286,12.0,30,Grassland,0.8,112.0,0.9999628296813159
1.0,Gateway_2,42.47203053954844,-9.015811920155016,59.4000015258789,1575470597.973551,-119.0,-11.0,12,3151.022944944132,531.8318557836286,12.0,30,Grassland,0.8,133.0,0.9726762775527075
1.0,Gateway_3,42.47203053954844,-9.015811920155016,59.4000015258789,1575470597.973551,-115.0,1.2,12,4924.948745399852,531.8318557836286,12.0,30,Grassland,0.8,129.0,0.9997924212972823
1.0,Gateway_1,42.47212500708008,-9.0155888951792,58.5999984741211,1575470553.585323,-101.0,5.2,11,320.1846747546682,519.9985864355098,15.0,30,Grassland,0.8,115.0,0.9998860783925432
1.0,Gateway_2,42.47212500708008,-9.0155888951792,58.5999984741211,1575470553.585323,-119.0,-10.0,11,3136.429680183097,519.9985864355098,15.0,30,Grassland,0.8,133.0,0.950212931632136
1.0,Gateway_3,42.47212500708008,-9.0155888951792,58.5999984741211,1575470553.585323,-113.0,2.5,11,4926.418436156224,519.9985864355098,15.0,30,Grassland,0.8,127.0,0.9996645373720975
1.0,Gateway_1,42.47182083129883,-9.015522003173828,58.80000305175781,1575470795.988209,-98.0,5.2,12,289.3023386698825,500.58627579989593,18.0,30,Grassland,0.8,112.0,0.9999580905827115
1.0,Gateway_3,42.47182083129883,-9.015522003173828,58.80000305175781,1575470795.988209,-113.0,1.5,12,4957.552796778919,500.58627579989593,18.0,30,Grassland,0.8,127.0,0.9998158942063324
1.0,Gateway_1,42.47123335791992,-9.015572547912598,78.80000305175781,1575470851.554322,-97.0,7.8,11,242.4100867505707,484.760953074412,21.0,30,Grassland,0.8,111.0,0.9999597338744681
1.0,Gateway_2,42.47123335791992,-9.015572547912598,78.80000305175781,1575470851.554322,-101.0,7.2,11,3232.81055713412,484.760953074412,21.0,30,Grassland,0.8,115.0,0.9999488117221309
1.0,Gateway_3,42.47123335791992,-9.015572547912598,78.80000305175781,1575470851.554322,-99.0,7.0,11,5009.821646117598,484.760953074412,21.0,30,Grassland,0.8,113.0,0.9999445484005678
1.0,Gateway_1,42.47073745727539,-9.015591757202149,57.9000015258789,1575470997.158231,-91.0,9.2,12,209.82139659312637,470.6682981407565,27.0,30,Grassland,0.8,105.0,0.9999915386345782
1.0,Gateway_2,42.47073745727539,-9.015591757202149,57.9000015258789,1575470997.158231,-114.0,2.0,12,3286.3881557386667,470.6682981407565,27.0,30,Grassland,0.8,128.0,0.9998492669249045
1.0,Gateway_3,42.47073745727539,-9.015591757202149,57.9000015258789,1575470997.158231,-118.0,-4.0,12,5054.948225135429,470.6682981407565,27.0,30,Grassland,0.8,132.0,0.998338442726826
1.0,Gateway_1,42.470580235815405,-9.015772819519045,73.9000015258789,1575471052.438724,-91.0,9.2,11,213.5936160863623,484.76592536345345,26.0,30,Grassland,0.8,105.0,0.9999769996241301
1.0,Gateway_2,42.470580235815405,-9.015772819519045,73.9000015258789,1575471052.438724,-120.0,-8.2,11,3307.0795422279693,484.76592536345345,26.0,30,Grassland,0.8,134.0,0.9757660321543089
1.0,Gateway_3,42.470580235815405,-9.015772819519045,73.9000015258789,1575471052.438724,-107.0,5.2,11,5061.673058405015,484.76592536345345,26.0,30,Grassland,0.8,121.0,0.9998860783925432
1.0,Gateway_1,42.47005988525391,-9.015992154511816,71.80000305175781,1575471158.848288,-88.0,8.5,12,212.44802379077132,498.0320191811527,23.0,30,Grassland,0.8,102.0,0.9999888045151574
1.0,Gateway_2,42.47005988525391,-9.015992154511816,71.80000305175781,1575471158.848288,-110.0,2.8,12,3367.4258793541344,498.0320191811527,23.0,30,Grassland,0.8,124.0,0.9998905453226643
1.0,Gateway_3,42.47005988525391,-9.015992154511816,71.80000305175781,1575471158.848288,-101.0,5.0,12,5100.782463885528,498.0320191811527,23.0,30,Grassland,0.8,115.0,0.9999546000702375
1.0,Gateway_1,42.45953500975553,-9.01534355507555,58.80000305175781,1575471235.701509,-90.0,7.8,11,1142.1289759227395,1244.166526677245,0.0,80,Permanent water bodies,0.95,104.0,0.9999597338744681
1.0,Gateway_3,42.45953500975553,-9.01534355507555,58.80000305175781,1575471235.701509,-118.0,-8.0,11,6146.037361796999,1244.166526677245,0.0,80,Permanent water bodies,0.95,132.0,0.9776292281438345
1.0,Gateway_1,42.45797943115234,-9.014474858774413,73.0999984741211,1575471373.035542,-112.0,3.0,12,1306.8904772577548,1386.9929835875464,0.0,80,Permanent water bodies,0.95,126.0,0.9998989605981629
1.0,Gateway_3,42.45797943115234,-9.014474858774413,73.0999984741211,1575471373.035542,-120.0,-15.5,12,6332.591238849962,1386.9929835875464,0.0,80,Permanent water bodies,0.95,134.0,0.8347011117784134
1.0,Gateway_1,42.45705008911133,-9.014179229735328,57.5999984741211,1575471439.702424,-107.0,5.5,11,1408.764273344224,1480.1235399202483,0.0,80,Permanent water bodies,0.95,121.0,0.9998989605981629
1.0,Gateway_1,42.4554192199707,-9.013484001159558,59.19999594824219,1575471570.505304,-115.0,-0.2,10,1588.6255618974533,1645.8843077503864,0.0,80,Permanent water bodies,0.95,129.0,0.9973147998230462
1.0,Gateway_1,42.45757888793945,-9.01187801351084,84.0999984741211,1575471809.788941,-103.0,5.2,11,1354.8911513455462,1390.9291698202703,0.0,80,Permanent water bodies,0.95,117.0,0.9998860783925432
1.0,Gateway_1,42.45844482421875,-9.01144313812256,85.4000015258789,1575471940.559804,-84.0,10.8,10,1263.362472122828,1291.8774034191101,0.0,80,Permanent water bodies,0.95,98.0,0.9999670328847198
1.0,Gateway_1,42.45859359741211,-9.007519857788084,83.5999959482422,1575472135.838273,-95.0,7.0,12,1328.7425074873724,1286.0838850315408,0.0,80,Permanent water bodies,0.95,109.0,0.9999796004965888
1.0,Gateway_1,42.45908187855211,-9.005549835205079,84.80000305175781,1575472199.558172,-105.0,5.8,11,1348.6108168194655,1269.6691594469876,0.0,80,Permanent water bodies,0.95,119.0,0.999910386089597
1.0,Gateway_2,42.45908187855211,-9.005549835205079,84.80000305175781,1575472199.558172,-117.0,-2.5,11,4496.749491598518,1269.6691594469876,0.0,80,Permanent water bodies,0.95,131.0,0.9975212478233336
1.0,Gateway_1,42.45930594580078,-9.00501853851084,79.9000015258789,1575472330.553892,-108.0,7.0,10,1348.7571976997347,1259.1243607337599,0.0,80,Permanent water bodies,0.95,122.0,0.9998492669249045
1.0,Gateway_1,42.47038259042959,-9.001493453979492,81.19999594824219,1575472502.043053,-99.0,4.5,12,986.0700822454138,705.5396478375992,1.0,30,Grassland,0.8,113.0,0.9999445484005678
1.0,Gateway_2,42.47038259042959,-9.001493453979492,81.19999594824219,1575472502.043053,-107.0,4.2,12,3267.3432974050506,705.5396478375992,1.0,30,Grassland,0.8,121.0,0.9999374784962252
1.0,Gateway_3,42.47038259042959,-9.001493453979492,81.19999594824219,1575472502.043053,-119.0,-14.2,12,5796.936975976074,705.5396478375992,1.0,30,Grassland,0.8,133.0,0.9017264143956385
1.0,Gateway_1,42.47057250742188,-9.001555059030752,81.5,1575472559.58579,-110.0,5.2,11,982.827208720453,702.1460553017888,1.0,30,Grassland,0.8,124.0,0.9998860783925432
1.0,Gateway_2,42.47057250742188,-9.001555059030752,81.5,1575472559.58579,-111.0,4.0,11,3245.7880870347117,702.1460553017888,1.0,30,Grassland,0.8,125.0,0.9998158942063324
1.0,Gateway_3,42.47057250742188,-9.001555059030752,81.5,1575472559.58579,-119.0,-12.8,11,5777.948315943935,702.1460553017888,1.0,30,Grassland,0.8,133.0,0.8474098942431161
1.0,Gateway_1,42.470511572255525,-9.001855803894044,78.30000305175781,1575472800.57182,-114.0,3.2,10,957.5456549993244,676.7136742150448,1.0,60,Bare / sparse vegetation,0.7,128.0,0.9993108144363072
1.0,Gateway_2,42.470511572255525,-9.001855803894044,78.30000305175781,1575472800.57182,-112.0,5.0,10,3249.403921988971,676.7136742150448,1.0,60,Bare / sparse vegetation,0.7,126.0,0.9996645373720975
1.0,Gateway_3,42.470511572255525,-9.001855803894044,78.30000305175781,1575472800.57182,-119.0,-11.8,10,5766.260799643907,676.7136742150448,1.0,60,Bare / sparse vegetation,0.7,133.0,0.7219626995468058
1.0,Gateway_1,42.47055115333008,-9.001798529750742,80.5999984741211,1575472998.979534,-115.0,1.0,12,962.6627444496849,682.0242717855853,1.0,60,Bare / sparse vegetation,0.7,129.0,0.9997751326758212
1.0,Gateway_2,42.47055115333008,-9.001798529750742,80.5999984741211,1575472998.979534,-113.0,2.2,12,3245.654307408914,682.0242717855853,1.0,60,Bare / sparse vegetation,0.7,127.0,0.9998608558344383
1.0,Gateway_3,42.47055115333008,-9.001798529750742,80.5999984741211,1575472998.979534,-120.0,-12.5,12,5766.195143736725,682.0242717855853,1.0,60,Bare / sparse vegetation,0.7,134.0,0.950212931632136
1.0,Gateway_1,42.47055353393555,-9.001725195838379,78.80000305175781,1575473054.74938,-108.0,4.8,11,968.6785443825072,687.8039273001956,1.0,30,Grassland,0.8,122.0,0.9998663117552086
1.0,Gateway_2,42.47055353393555,-9.001725195838379,78.80000305175781,1575473054.74938,-109.0,4.5,11,3246.080200561127,687.8039273001956,1.0,30,Grassland,0.8,123.0,0.9998492669249045
1.0,Gateway_1,42.47074890135719,-9.00219440450205,80.9000015258789,1575473195.754079,-118.0,-12.0,10,932.7004315525124,652.3191430896311,1.0,80,Permanent water bodies,0.95,132.0,0.698805788087798
2.0,Gateway_1,42.45949005125953,-9.013080595923828,78.4000015258789,1577058249.894482,-53.0,14.2,9,1136.7852654611054,1197.2154606582103,0.0,80,Permanent water bodies,0.95,67.0,0.9999769996241301
2.0,Gateway_2,42.45949005125953,-9.013080595923828,78.4000015258789,1577058249.894482,-108.0,8.0,9,4482.945123288223,1197.2154606582103,0.0,80,Permanent water bodies,0.95,122.0,0.9997253464300279
2.0,Gateway_3,42.45949005125953,-9.013080595923828,78.4000015258789,1577058249.894482,-119.0,-13.5,9,6236.58974535708,1197.2154606582103,0.0,80,Permanent water bodies,0.95,133.0,0.0
2.0,Gateway_1,42.45944808959951,-9.01258945455088,75.5999984741211,1577058255.744578,-55.0,15.0,8,1143.2234644274936,1193.7176838488597,0.0,80,Permanent water bodies,0.95,69.0,0.9999546000702375
2.0,Gateway_2,42.45944808959951,-9.01258945455088,75.5999984741211,1577058255.744578,-117.0,1.2,8,4482.8665844914485,1193.7176838488597,0.0,80,Permanent water bodies,0.95,131.0,0.9886665868453326
2.0,Gateway_3,42.45944808959951,-9.01258945455088,75.5999984741211,1577058255.744578,-115.0,1.8,8,6259.896077850328,1193.7176838488597,0.0,80,Permanent water bodies,0.95,129.0,0.9910848214515604
2.0,Gateway_1,42.45942901511328,-9.01181411743154,73.30000305175781,1577058283.573181,-58.0,10.0,7,1151.0368456734086,1185.95788415344,0.0,80,Permanent water bodies,0.95,72.0,0.9990881180344455
2.0,Gateway_2,42.45942901511328,-9.01181411743154,73.30000305175781,1577058283.573181,-115.0,2.5,7,4478.313918640837,1185.95788415344,0.0,80,Permanent water bodies,0.95,129.0,0.9816843611112658
2.0,Gateway_1,42.4593503515525,-9.01133155822754,75.4000015258789,1577058303.055835,-59.0,14.5,12,1164.989515393281,1190.4361448633904,0.0,80,Permanent water bodies,0.95,73.0,0.999998984368529
2.0,Gateway_2,42.4593503515525,-9.01133155822754,75.4000015258789,1577058303.055835,-118.0,-3.0,12,4483.381531806042,1190.4361448633904,0.0,80,Permanent water bodies,0.95,132.0,0.9988862248521552
2.0,Gateway_3,42.4593503515525,-9.01133155822754,75.4000015258789,1577058303.055835,-114.0,2.2,12,6319.4964691784435,1190.4361448633904,0.0,80,Permanent water bodies,0.95,128.0,0.9998608558344383
2.0,Gateway_1,42.45932220458984,-9.011148452758787,81.0,1577058320.874055,-71.0,11.0,11,1170.4469878742464,1192.6230212375488,0.0,80,Permanent water bodies,0.95,85.0,0.9999888045151574
2.0,Gateway_2,42.45932220458984,-9.011148452758787,81.0,1577058320.874055,-112.0,-0.8,11,4485.2899867584165,1192.6230212375488,0.0,80,Permanent water bodies,0.95,126.0,0.9987442220274376
2.0,Gateway_3,42.45932220458984,-9.011148452758787,81.0,1577058320.874055,-111.0,-14.0,11,6329.656127174956,1192.6230212375488,0.0,80,Permanent water bodies,0.95,125.0,0.7534030360583935
2.0,Gateway_1,42.45904373158945,-9.010882377524512,78.19999594824219,1577058338.179509,-78.0,9.8,10,1204.6106063694494,1221.7146896657391,0.0,80,Permanent water bodies,0.95,92.0,0.9999508188432149
2.0,Gateway_3,42.45904373158945,-9.010882377524512,78.19999594824219,1577058338.179509,-117.0,-3.5,10,6367.331726749541,1221.7146896657391,0.0,80,Permanent water bodies,0.95,131.0,0.9899481642553665
2.0,Gateway_1,42.45875525878905,-9.010555403137207,75.5999984741211,1577058354.891553,-78.0,11.8,9,1241.03987050337,1252.2109806870108,0.0,80,Permanent water bodies,0.95,92.0,0.9999399299994532
2.0,Gateway_2,42.45875525878905,-9.010555403137207,75.5999984741211,1577058354.891553,-120.0,-8.5,9,4544.14648857676,1252.2109806870108,0.0,80,Permanent water bodies,0.95,134.0,0.7981034820053446
2.0,Gateway_3,42.45875525878905,-9.010555403137207,75.5999984741211,1577058354.891553,-120.0,-8.8,9,6408.448628838341,1252.2109806870108,0.0,80,Permanent water bodies,0.95,134.0,0.7723623116161872
2.0,Gateway_1,42.45859559423828,-9.010557555100098,59.5,1577058371.775932,-79.0,14.2,8,1258.4872435950053,1269.0529959657465,0.0,80,Permanent water bodies,0.95,93.0,0.9999374784962252
2.0,Gateway_3,42.45859559423828,-9.010557555100098,59.5,1577058371.775932,-119.0,-5.8,8,6423.703086860068,1269.0529959657465,0.0,80,Permanent water bodies,0.95,133.0,0.81362602396059
2.0,Gateway_1,42.45797551545508,-9.01032543182373,72.5,1577058388.578574,-78.0,14.0,7,1329.6742719498993,1337.9413065903113,0.0,80,Permanent water bodies,0.95,92.0,0.9998158942063324
2.0,Gateway_3,42.45797551545508,-9.01032543182373,72.5,1577058388.578574,-118.0,-1.5,7,6493.1534361142885,1337.9413065903113,0.0,80,Permanent water bodies,0.95,132.0,0.9092820467105875
2.0,Gateway_1,42.45753311157225,-9.01030445098877,57.59999594824219,1577058408.078789,-80.0,7.2,12,1378.332621665569,1386.2741258732303,0.0,80,Permanent water bodies,0.95,94.0,0.9999811688849429
2.0,Gateway_2,42.45753311157225,-9.01030445098877,57.59999594824219,1577058408.078789,-115.0,0.2,12,4677.893423855828,1386.2741258732303,0.0,80,Permanent water bodies,0.95,129.0,0.9996903289645813
2.0,Gateway_3,42.45753311157225,-9.01030445098877,57.59999594824219,1577058408.078789,-117.0,-4.0,12,6536.804221909241,1386.2741258732303,0.0,80,Permanent water bodies,0.95,131.0,0.998338442726826
2.0,Gateway_1,42.45707534790039,-9.010543823242188,57.19999594824219,1577058425.88517,-81.0,10.8,11,1424.8770656884672,1437.5349917227525,0.0,80,Permanent water bodies,0.95,95.0,0.9999878720760537
2.0,Gateway_2,42.45707534790039,-9.010543823242188,57.19999594824219,1577058425.88517,-114.0,-0.8,11,4729.954258392473,1437.5349917227525,0.0,80,Permanent water bodies,0.95,128.0,0.9987442220274376
2.0,Gateway_3,42.45707534790039,-9.010543823242188,57.19999594824219,1577058425.88517,-119.0,-15.0,11,6571.7701167437235,1437.5349917227525,0.0,80,Permanent water bodies,0.95,133.0,0.6321205588285577
2.0,Gateway_1,42.45700558334951,-9.010515348815918,55.9000015258789,1577058443.179094,-82.0,12.8,10,1432.9245292632456,1445.1533003730929,0.0,80,Permanent water bodies,0.95,96.0,0.9999851869202412
2.0,Gateway_2,42.45700558334951,-9.010515348815918,55.9000015258789,1577058443.179094,-115.0,0.0,10,4737.508358346324,1445.1533003730929,0.0,80,Permanent water bodies,0.95,129.0,0.9975212478233336
2.0,Gateway_1,42.45701812744141,-9.010583877553476,55.59999594824219,1577058459.882222,-81.0,12.2,9,1430.6152318196514,1443.926396311281,0.0,80,Permanent water bodies,0.95,95.0,0.9999488117221309
2.0,Gateway_2,42.45701812744141,-9.010583877553476,55.59999594824219,1577058459.882222,-118.0,-1.0,9,4736.507374051504,1443.926396311281,0.0,80,Permanent water bodies,0.95,132.0,0.9899481642553665
2.0,Gateway_3,42.45701812744141,-9.010583877553476,55.59999594824219,1577058459.882222,-120.0,-11.0,9,6575.7531418248545,1443.926396311281,0.0,80,Permanent water bodies,0.95,134.0,0.4511883639059736
2.0,Gateway_1,42.45592557470703,-9.01058878173828,57.80000305175781,1577058475.778581,-85.0,10.8,8,1550.3559270594446,1565.2366317818987,0.0,80,Permanent water bodies,0.95,99.0,0.9997564041357744
2.0,Gateway_2,42.45592557470703,-9.01058878173828,57.80000305175781,1577058475.778581,-111.0,5.8,8,4857.622985685023,1565.2366317818987,0.0,80,Permanent water bodies,0.95,125.0,0.9982000564937694
2.0,Gateway_1,42.45573955454102,-9.011130332945775,54.9000015258789,1577058493.559732,-79.0,13.8,7,1564.759879054055,1587.757913057593,0.0,80,Permanent water bodies,0.95,93.0,0.9998005605746358
2.0,Gateway_2,42.45573955454102,-9.011130332945775,54.9000015258789,1577058493.559732,-114.0,3.2,7,4881.447692252664,1587.757913057593,0.0,80,Permanent water bodies,0.95,128.0,0.9861573379135204
2.0,Gateway_1,42.45551077270508,-9.01178741455078,52.400001525878906,1577058513.059504,-81.0,5.8,12,1584.439561069091,1617.045609050423,0.0,80,Permanent water bodies,0.95,95.0,0.9999670328847198
2.0,Gateway_2,42.45551077270508,-9.01178741455078,52.400001525878906,1577058513.059504,-115.0,-0.8,12,4911.211329668507,1617.045609050423,0.0,80,Permanent water bodies,0.95,129.0,0.9995380251012184
2.0,Gateway_1,42.45542584935523,-9.012301445007324,57.0999984741211,1577058530.890304,-85.0,9.2,11,1590.713835672685,1630.9581480052989,0.0,80,Permanent water bodies,0.95,99.0,0.9999769996241301
2.0,Gateway_2,42.45542584935523,-9.012301445007324,57.0999984741211,1577058530.890304,-118.0,-5.8,11,4924.541926725152,1630.9581480052989,0.0,80,Permanent water bodies,0.95,132.0,0.9907209861129352
2.0,Gateway_1,42.45542303455797,-9.01227855582373,70.0,1577058548.158558,-81.0,12.2,10,1591.062212940864,1631.5536775376304,0.0,80,Permanent water bodies,0.95,95.0,0.9999811688849429
2.0,Gateway_2,42.45542303455797,-9.01227855582373,70.0,1577058548.158558,-115.0,1.2,10,4924.825801199232,1631.5536775376304,0.0,80,Permanent water bodies,0.95,129.0,0.9984661893206755
2.0,Gateway_3,42.45542303455797,-9.01227855582373,70.0,1577058548.158558,-119.0,-12.8,10,6667.479715537123,1631.5536775376304,0.0,80,Permanent water bodies,0.95,133.0,0.5852170883184186
2.0,Gateway_1,42.455509954833985,-9.013085318959728,71.19999594824219,1577058554.907389,-95.0,12.2,9,1578.7701134130714,1631.022653620016,0.0,80,Permanent water bodies,0.95,109.0,0.9999488117221309
2.0,Gateway_2,42.455509954833985,-9.013085318959728,71.19999594824219,1577058554.907389,-119.0,-5.8,9,4922.043474497761,1631.022653620016,0.0,80,Permanent water bodies,0.95,133.0,0.9314368458457221
2.0,Gateway_3,42.455509954833985,-9.013085318959728,71.19999594824219,1577058554.907389,-109.0,7.2,9,6629.049741835014,1631.022653620016,0.0,80,Permanent water bodies,0.95,123.0,0.9996217669432174
2.0,Gateway_1,42.45720123291016,-9.013851155771484,72.0,1577058581.75575,-74.0,15.0,8,1391.0050397034206,1458.3513866285177,0.0,80,Permanent water bodies,0.95,88.0,0.9999546000702375
2.0,Gateway_3,42.45720123291016,-9.013851155771484,72.0,1577058581.75575,-111.0,5.5,8,6432.855927294163,1458.3513866285177,0.0,80,Permanent water bodies,0.95,125.0,0.9979705693637043
2.0,Gateway_1,42.4577953255836,-9.01419734954834,75.5,1577058598.577818,-92.0,12.8,7,1326.0479470756645,1401.0211531473328,0.0,80,Permanent water bodies,0.95,106.0,0.9997024713395585
2.0,Gateway_3,42.4577953255836,-9.01419734954834,75.5,1577058598.577818,-109.0,4.8,7,6361.131207446051,1401.0211531473328,0.0,80,Permanent water bodies,0.95,123.0,0.9927008691532114
2.0,Gateway_1,42.45820058359375,-9.01409912109375,74.9000015258789,1577058518.045394,-87.0,8.0,12,1280.71792677087,1355.4416607295364,0.0,80,Permanent water bodies,0.95,101.0,0.9999863258039343
2.0,Gateway_3,42.45820058359375,-9.01409912109375,74.9000015258789,1577058518.045394,-114.0,-1.2,12,6324.619777109902,1355.4416607295364,0.0,80,Permanent water bodies,0.95,128.0,0.9994578674341544
2.0,Gateway_1,42.45858215332031,-9.013574500219727,79.4000015258789,1577058535.90552,-59.0,11.0,11,1237.2766006073343,1304.3659559589532,0.0,80,Permanent water bodies,0.95,73.0,0.9999888045151574
2.0,Gateway_2,42.45858215332031,-9.013574500219727,79.4000015258789,1577058535.90552,-119.0,-5.2,11,4588.0302472815965,1304.3659559589532,0.0,80,Permanent water bodies,0.95,133.0,0.9927008691532114
2.0,Gateway_3,42.45858215332031,-9.013574500219727,79.4000015258789,1577058535.90552,-120.0,-13.0,11,6306.729281152582,1304.3659559589532,0.0,80,Permanent water bodies,0.95,134.0,0.8347011117784134
2.0,Gateway_1,42.45892547507422,-9.013227452758557,83.5999959482422,1577058553.201084,-72.0,14.0,10,1199.267276624728,1261.2697916042587,0.0,80,Permanent water bodies,0.95,86.0,0.9999908339122637
2.0,Gateway_2,42.45892547507422,-9.013227452758557,83.5999959482422,1577058553.201084,-119.0,-3.0,10,4546.736276507174,1261.2697916042587,0.0,80,Permanent water bodies,0.95,133.0,0.99177025295098
2.0,Gateway_3,42.45892547507422,-9.013227452758557,83.5999959482422,1577058553.201084,-119.0,-10.8,10,6286.271920444749,1261.2697916042587,0.0,80,Permanent water bodies,0.95,133.0,0.8136260239605899
2.0,Gateway_1,42.45932983398438,-9.013102531433104,77.0999984741211,1577058559.907309,-72.0,10.2,9,1154.5246853905394,1214.8714497614792,0.0,80,Permanent water bodies,0.95,86.0,0.9998860783925432
2.0,Gateway_2,42.45932983398438,-9.013102531433104,77.0999984741211,1577058559.907309,-115.0,0.5,9,4500.806948016346,1214.8714497614792,0.0,80,Permanent water bodies,0.95,129.0,0.9944834355792392
2.0,Gateway_3,42.45932983398438,-9.013102531433104,77.0999984741211,1577058559.907309,-118.0,-13.8,9,6251.407554593568,1214.8714497614792,0.0,80,Permanent water bodies,0.95,132.0,0.0
2.0,Gateway_1,42.45943283081055,-9.013150215148924,77.9000015258789,1577058585.744031,-85.0,14.0,8,1142.9990106434327,1204.6006319587918,0.0,80,Permanent water bodies,0.95,99.0,0.9999322712635091
2.0,Gateway_2,42.45943283081055,-9.013150215148924,77.9000015258789,1577058585.744031,-111.0,5.5,8,4489.935867072497,1204.6006319587918,0.0,80,Permanent water bodies,0.95,125.0,0.9979705693637043
2.0,Gateway_3,42.45943283081055,-9.013150215148924,77.9000015258789,1577058585.744031,-118.0,-2.8,8,6239.476934085392,1204.6006319587918,0.0,80,Permanent water bodies,0.95,132.0,0.9438652371658663
2.0,Gateway_1,42.45951293945313,-9.013240814208984,77.19999594824219,1577058703.550511,-55.0,14.2,7,1133.9622000438615,1197.5220039709075,0.0,80,Permanent water bodies,0.95,69.0,0.999830048932401
2.0,Gateway_2,42.45951293945313,-9.013240814208984,77.19999594824219,1577058703.550511,-111.0,5.8,7,4482.002293230752,1197.5220039709075,0.0,80,Permanent water bodies,0.95,125.0,0.9951072462747605
2.0,Gateway_1,42.45947479248047,-9.01325511932373,77.5999984741211,1577058723.050854,-55.0,11.0,12,1138.1835057429887,1201.9318116398117,0.0,80,Permanent water bodies,0.95,69.0,0.9999958814112925
2.0,Gateway_2,42.45947479248047,-9.01325511932373,77.5999984741211,1577058723.050854,-115.0,-2.2,12,4486.358170105527,1201.9318116398117,0.0,80,Permanent water bodies,0.95,129.0,0.9991912332488759
2.0,Gateway_1,42.45959585279297,-9.013252748718251,75.9000015258789,1577058749.027278,-55.0,8.8,11,1124.7344457828713,1188.701162142498,0.0,80,Permanent water bodies,0.95,69.0,0.9999730088088798
2.0,Gateway_2,42.45959585279297,-9.013252748718251,75.9000015258789,1577058749.027278,-118.0,-9.8,11,4472.963452418455,1188.701162142498,0.0,80,Permanent water bodies,0.95,132.0,0.9540407433509558
2.0,Gateway_1,42.45954253915016,-9.013449558884275,79.0,1577058755.195077,-54.0,10.2,10,1130.5518214255314,1198.3894029596213,0.0,80,Permanent water bodies,0.95,68.0,0.9999580905827115
2.0,Gateway_2,42.45954253915016,-9.013449558884275,79.0,1577058755.195077,-113.0,3.8,10,4480.912965511602,1198.3894029596213,0.0,80,Permanent water bodies,0.95,127.0,0.9994578674341544
2.0,Gateway_3,42.45954253915016,-9.013449558884275,79.0,1577058755.195077,-109.0,5.8,10,6217.132267597958,1198.3894029596213,0.0,80,Permanent water bodies,0.95,123.0,0.9997564041357744
2.0,Gateway_1,42.45978378295898,-9.013502255774902,75.5999959482422,1577058782.907002,-54.0,13.2,9,1103.7494318601055,1173.2639852587863,0.0,80,Permanent water bodies,0.95,68.0,0.9999656874712223
2.0,Gateway_2,42.45978378295898,-9.013502255774902,75.5999959482422,1577058782.907002,-103.0,12.5,9,4454.83577238077,1173.2639852587863,0.0,80,Permanent water bodies,0.95,117.0,0.9999546000702375
2.0,Gateway_3,42.45978378295898,-9.013502255774902,75.5999959482422,1577058782.907002,-99.0,14.0,9,6191.425411382901,1173.2639852587863,0.0,80,Permanent water bodies,0.95,113.0,0.9999750839902685
2.0,Gateway_1,42.45975708007813,-9.013515508215333,72.0,1577058799.741211,-52.0,15.8,8,1106.7177836022481,1176.1748638991935,0.0,80,Permanent water bodies,0.95,66.0,0.9999670328847198
2.0,Gateway_2,42.45975708007813,-9.013515508215333,72.0,1577058799.741211,-107.0,9.8,8,4457.861561463023,1176.1748638991935,0.0,80,Permanent water bodies,0.95,121.0,0.999636597673505
2.0,Gateway_3,42.45975708007813,-9.013515508215333,72.0,1577058799.741211,-101.0,13.0,8,6193.50281302578,1176.1748638991935,0.0,80,Permanent water bodies,0.95,115.0,0.9998989605981629
2.0,Gateway_1,42.45975470947256,-9.013734817504885,70.5,1577058815.570303,-55.0,13.2,7,1107.2181944757576,1180.9015405358484,0.0,80,Permanent water bodies,0.95,69.0,0.9997464627999653
2.0,Gateway_2,42.45975470947256,-9.013734817504885,70.5,1577058815.570303,-112.0,5.5,7,4460.456286015355,1180.9015405358484,0.0,80,Permanent water bodies,0.95,126.0,0.9944834355792392
2.0,Gateway_3,42.45975470947256,-9.013734817504885,70.5,1577058815.570303,-100.0,12.2,7,6185.2473601061265,1180.9015405358484,0.0,80,Permanent water bodies,0.95,114.0,0.9996217669432174
2.0,Gateway_1,42.45973419189453,-9.013809204101552,73.5999959482422,1577058835.047839,-58.0,7.2,12,1109.6401902241396,1184.8898433313095,0.0,80,Permanent water bodies,0.95,72.0,0.9999811688849429
2.0,Gateway_2,42.45973419189453,-9.013809204101552,73.5999959482422,1577058835.047839,-111.0,3.5,12,4463.576578800292,1184.8898433313095,0.0,80,Permanent water bodies,0.95,125.0,0.9999172759344434
2.0,Gateway_3,42.45973419189453,-9.013809204101552,73.5999959482422,1577058835.047839,-98.0,7.5,12,6184.415707987133,1184.8898433313095,0.0,80,Permanent water bodies,0.95,112.0,0.9999832982992097
2.0,Gateway_1,42.4597380055918,-9.013845397399901,79.9000015258789,1577058853.904543,-55.0,11.5,11,1109.3212765508351,1185.6808106131055,0.0,80,Permanent water bodies,0.95,69.0,0.9999908339122637
2.0,Gateway_2,42.4597380055918,-9.013845397399901,79.9000015258789,1577058853.904543,-120.0,-8.5,11,4463.657606541045,1185.6808106131055,0.0,80,Permanent water bodies,0.95,134.0,0.9726762775527075
2.0,Gateway_3,42.4597380055918,-9.013845397399901,79.9000015258789,1577058853.904543,-109.0,5.5,11,6182.695409769027,1185.6808106131055,0.0,80,Permanent water bodies,0.95,123.0,0.9998989605981629
2.0,Gateway_1,42.45981048583984,-9.01375951303711,88.0999984741211,1577058871.19515,-53.0,12.8,10,1101.1696244787445,1176.6510024347992,0.0,80,Permanent water bodies,0.95,67.0,0.9999851869202412
2.0,Gateway_2,42.45981048583984,-9.01375951303711,88.0999984741211,1577058871.19515,-107.0,8.2,10,4454.879673652379,1176.6510024347992,0.0,80,Permanent water bodies,0.95,121.0,0.9999067288765351
2.0,Gateway_3,42.45981048583984,-9.01375951303711,88.0999984741211,1577058871.19515,-105.0,8.5,10,6178.960259174886,1176.6510024347992,0.0,80,Permanent water bodies,0.95,119.0,0.9999172759344434
2.0,Gateway_1,42.45979141235352,-9.013772010803224,87.19999594824219,1577058887.905759,-55.0,14.2,9,1103.2998299406077,1178.892400288075,0.0,80,Permanent water bodies,0.95,69.0,0.9999769996241301
2.0,Gateway_2,42.45979141235352,-9.013772010803224,87.19999594824219,1577058887.905759,-120.0,-9.0,9,4457.099452228115,1178.892400288075,0.0,80,Permanent water bodies,0.95,134.0,0.7534030360583935
2.0,Gateway_3,42.45979141235352,-9.013772010803224,87.19999594824219,1577058887.905759,-109.0,8.0,9,6180.341328353605,1178.892400288075,0.0,80,Permanent water bodies,0.95,123.0,0.9997253464300279
2.0,Gateway_1,42.45975325538085,-9.01385498045875,77.9000015258789,1577058904.750429,-53.0,15.0,8,1107.6408250341292,1184.1297900360873,0.0,80,Permanent water bodies,0.95,67.0,0.9999546000702375
2.0,Gateway_2,42.45975325538085,-9.01385498045875,77.9000015258789,1577058904.750429,-115.0,3.2,8,4462.052297142747,1184.1297900360873,0.0,80,Permanent water bodies,0.95,129.0,0.9949075692073008
2.0,Gateway_3,42.45975325538085,-9.01385498045875,77.9000015258789,1577058904.750429,-98.0,14.5,8,6180.814018345512,1184.1297900360873,0.0,80,Permanent water bodies,0.95,112.0,0.9999445484005678
2.0,Gateway_1,42.45975325538085,-9.013802528381348,78.19999594824219,1577058921.590435,-58.0,13.5,7,1107.5208634907733,1183.001824395543,0.0,80,Permanent water bodies,0.95,72.0,0.9997751326758212
2.0,Gateway_3,42.45975325538085,-9.013802528381348,78.19999594824219,1577058921.590435,-99.0,13.0,7,6182.834809333885,1183.001824395543,0.0,80,Permanent water bodies,0.95,113.0,0.9997253464300279
2.0,Gateway_1,42.45974553598533,-9.013848304748535,81.80000305175781,1577058941.052574,-54.0,9.8,12,1108.5056554702,1185.070093707026,0.0,80,Permanent water bodies,0.95,68.0,0.9999933440542166
2.0,Gateway_2,42.45974553598533,-9.013848304748535,81.80000305175781,1577058941.052574,-105.0,5.8,12,4462.8933135155075,1185.070093707026,0.0,80,Permanent water bodies,0.95,119.0,0.9999670328847198
2.0,Gateway_3,42.45974553598533,-9.013848304748535,81.80000305175781,1577058941.052574,-100.0,5.8,12,6181.859530575328,1185.070093707026,0.0,80,Permanent water bodies,0.95,114.0,0.9999670328847198
2.0,Gateway_1,42.45959223022451,-9.013505935558944,95.4000015258789,1577058958.88849,-45.0,7.0,11,1125.2484880612062,1195.347715583336,0.0,80,Permanent water bodies,0.95,59.0,0.9999445484005678
2.0,Gateway_2,42.45959223022451,-9.013505935558944,95.4000015258789,1577058958.88849,-101.0,5.2,11,4476.330512313529,1195.347715583336,0.0,80,Permanent water bodies,0.95,115.0,0.9998860783925432
2.0,Gateway_3,42.45959223022451,-9.013505935558944,95.4000015258789,1577058958.88849,-102.0,5.8,11,6210.229100193522,1195.347715583336,0.0,80,Permanent water bodies,0.95,116.0,0.999910386089597
2.0,Gateway_1,42.4597494505836,-9.013442993154053,95.1999959482422,1577058975.177127,-39.0,12.5,10,1107.774336807347,1177.1926156675233,0.0,80,Permanent water bodies,0.95,53.0,0.9999832982992097
2.0,Gateway_2,42.4597494505836,-9.013442993154053,95.1999959482422,1577058975.177127,-117.0,0.8,10,4458.34785407091,1177.1926156675233,0.0,80,Permanent water bodies,0.95,131.0,0.9982000564937694
2.0,Gateway_3,42.4597494505836,-9.013442993154053,95.1999959482422,1577058975.177127,-104.0,9.5,10,6197.259277997449,1177.1926156675233,0.0,80,Permanent water bodies,0.95,118.0,0.9999445484005678
2.0,Gateway_1,42.45957315573828,-9.013445807851328,74.80000305175781,1577059043.277422,-33.0,12.2,12,1127.1364308860868,1194.7495140372114,0.0,80,Permanent water bodies,0.95,47.0,0.9999974514857101
2.0,Gateway_2,42.45957315573828,-9.013445807851328,74.80000305175781,1577059043.277422,-107.0,5.0,12,4477.4333562491165,1194.7495140372114,0.0,80,Permanent water bodies,0.95,121.0,0.9999546000702375
2.0,Gateway_3,42.45957315573828,-9.013445807851328,74.80000305175781,1577059043.277422,-100.0,8.0,12,6214.245212343707,1194.7495140372114,0.0,80,Permanent water bodies,0.95,114.0,0.9999863258039343
2.0,Gateway_1,42.4597151184082,-9.01349925994873,78.4000015258789,1577059050.892781,-45.0,7.5,11,1111.3859161430478,1180.765753084655,0.0,80,Permanent water bodies,0.95,59.0,0.9999546000702375
2.0,Gateway_2,42.4597151184082,-9.01349925994873,78.4000015258789,1577059050.892781,-109.0,5.5,11,4462.412707483916,1180.765753084655,0.0,80,Permanent water bodies,0.95,123.0,0.9998989605981629
2.0,Gateway_3,42.4597151184082,-9.01349925994873,78.4000015258789,1577059050.892781,-105.0,7.0,11,6198.289518088502,1180.765753084655,0.0,80,Permanent water bodies,0.95,119.0,0.9999445484005678
2.0,Gateway_1,42.459722747802736,-9.013490575879883,81.9000015258789,1577059078.215182,-39.0,14.0,10,1110.5585997432468,1180.009520901861,0.0,80,Permanent water bodies,0.95,53.0,0.9999908339122637
2.0,Gateway_2,42.459722747802736,-9.013490575879883,81.9000015258789,1577059078.215182,-95.0,13.0,10,4461.539754557908,1180.009520901861,0.0,80,Permanent water bodies,0.95,109.0,0.9999863258039343
2.0,Gateway_3,42.459722747802736,-9.013490575879883,81.9000015258789,1577059078.215182,-94.0,12.5,10,6197.9062061784625,1180.009520901861,0.0,80,Permanent water bodies,0.95,108.0,0.9999832982992097
2.0,Gateway_1,42.459722747802736,-9.01349925994873,74.5999984741211,1577059094.89425,-53.0,9.0,9,1110.5264654733937,1179.6993727114645,0.0,80,Permanent water bodies,0.95,67.0,0.9998158942063324
2.0,Gateway_2,42.459722747802736,-9.01349925994873,74.5999984741211,1577059094.89425,-101.0,12.2,9,4461.511428485083,1179.6993727114645,0.0,80,Permanent water bodies,0.95,115.0,0.9999488117221309
2.0,Gateway_3,42.459722747802736,-9.01349925994873,74.5999984741211,1577059094.89425,-100.0,12.2,9,6197.514058751013,1179.6993727114645,0.0,80,Permanent water bodies,0.95,114.0,0.9999488117221309
2.0,Gateway_1,42.45959223022451,-9.013453483581545,73.0,1577059111.755979,-39.0,10.5,8,1125.0161411681534,1192.7341732870245,0.0,80,Permanent water bodies,0.95,53.0,0.9997253464300279
2.0,Gateway_2,42.45959223022451,-9.013453483581545,73.0,1577059111.755979,-98.0,11.8,8,4475.384297709109,1192.7341732870245,0.0,80,Permanent water bodies,0.95,112.0,0.9998367128090782
2.0,Gateway_3,42.45959223022451,-9.013453483581545,73.0,1577059111.755979,-99.0,12.0,8,6212.066144328784,1192.7341732870245,0.0,80,Permanent water bodies,0.95,113.0,0.9998492669249045
2.0,Gateway_1,42.45975325538085,-9.013581411743154,70.9000015258789,1577059128.571904,-54.0,13.0,7,1107.1838182458318,1177.8628235830186,0.0,80,Permanent water bodies,0.95,68.0,0.9997253464300279
2.0,Gateway_2,42.45975325538085,-9.013581411743154,70.9000015258789,1577059128.571904,-107.0,9.5,7,4458.966844337125,1177.8628235830186,0.0,80,Permanent water bodies,0.95,121.0,0.9988862248521552
2.0,Gateway_3,42.45975325538085,-9.013581411743154,70.9000015258789,1577059128.571904,-95.0,13.0,7,6191.318456522283,1177.8628235830186,0.0,80,Permanent water bodies,0.95,109.0,0.9997253464300279
2.0,Gateway_1,42.4597494505836,-9.01381778717041,75.0,1577059148.035458,-72.0,9.5,12,1107.9665133484789,1183.5336593668756,0.0,80,Permanent water bodies,0.95,86.0,0.9999924954420849
2.0,Gateway_2,42.4597494505836,-9.01381778717041,75.0,1577059148.035458,-119.0,-11.5,12,4462.0134139533975,1183.5336593668756,0.0,80,Permanent water bodies,0.95,133.0,0.9666267300396739
2.0,Gateway_3,42.4597494505836,-9.01381778717041,75.0,1577059148.035458,-105.0,5.0,12,6182.597260250985,1183.5336593668756,0.0,80,Permanent water bodies,0.95,119.0,0.9999546000702375
2.0,Gateway_1,42.45974553598533,-9.013802528381348,81.5999959482422,1577059155.895254,-58.0,10.5,11,1108.3992138633405,1184.0563431118467,0.0,80,Permanent water bodies,0.95,72.0,0.9999863258039343
2.0,Gateway_2,42.45974553598533,-9.013802528381348,81.5999959482422,1577059155.895254,-120.0,-8.2,11,4462.384611590257,1184.0563431118467,0.0,80,Permanent water bodies,0.95,134.0,0.9757660321543089
2.0,Gateway_3,42.45974553598533,-9.013802528381348,81.5999959482422,1577059155.895254,-111.0,4.0,11,6183.619404102171,1184.0563431118467,0.0,80,Permanent water bodies,0.95,125.0,0.9998158942063324
2.0,Gateway_1,42.45975470947256,-9.013894081115724,75.0999984741211,1577059183.173415,-77.0,10.5,10,1107.571909258749,1184.6589382612,0.0,80,Permanent water bodies,0.95,91.0,0.9999628296813159
2.0,Gateway_2,42.45975470947256,-9.013894081115724,75.0999984741211,1577059183.173415,-115.0,-10.0,10,4462.281944807677,1184.6589382612,0.0,80,Permanent water bodies,0.95,129.0,0.8646647167633873
2.0,Gateway_3,42.45975470947256,-9.013894081115724,75.0999984741211,1577059183.173415,-105.0,8.5,10,6179.147416350926,1184.6589382612,0.0,80,Permanent water bodies,0.95,119.0,0.9999172759344434
2.0,Gateway_1,42.45977515355445,-9.01390838523046,87.0999984741211,1577059199.875041,-93.0,14.0,9,1105.4296096239043,1183.619113216055,0.0,80,Permanent water bodies,0.95,107.0,0.9999750839902685
2.0,Gateway_2,42.45977515355445,-9.01390838523046,87.0999984741211,1577059199.875041,-118.0,-9.2,9,4460.396556605971,1183.619113216055,0.0,80,Permanent water bodies,0.95,132.0,0.7328646980341498
2.0,Gateway_3,42.45977515355445,-9.01390838523046,87.0999984741211,1577059199.875041,-105.0,10.2,9,6176.687252548098,1183.619113216055,0.0,80,Permanent water bodies,0.95,119.0,0.9998860783925432
2.0,Gateway_1,42.45974553598533,-9.01410951151123,83.0,1577059215.798792,-50.0,15.0,8,1109.3585423715492,1191.0706433424282,0.0,80,Permanent water bodies,0.95,64.0,0.9999546000702375
2.0,Gateway_2,42.45974553598533,-9.01410951151123,83.0,1577059215.798792,-97.0,13.2,8,4465.856829456948,1191.0706433424282,0.0,80,Permanent water bodies,0.95,111.0,0.9999067288765351
2.0,Gateway_3,42.45974553598533,-9.01410951151123,83.0,1577059215.798792,-105.0,10.8,8,6171.852361620098,1191.0706433424282,0.0,80,Permanent water bodies,0.95,119.0,0.9997564041357744
2.0,Gateway_1,42.45937551035155,-9.014344215393056,53.5,1577059233.709548,-51.0,11.0,7,1151.6060823268729,1234.2505627519377,0.0,80,Permanent water bodies,0.95,65.0,0.9993887472388704
2.0,Gateway_2,42.45937551035155,-9.014344215393056,53.5,1577059233.709548,-90.0,11.8,7,4508.848654109945,1234.2505627519377,0.0,80,Permanent water bodies,0.95,104.0,0.9995561393960971
2.0,Gateway_3,42.45937551035155,-9.014344215393056,53.5,1577059233.709548,-107.0,8.2,7,6199.196226506005,1234.2505627519377,0.0,80,Permanent water bodies,0.95,121.0,0.9981265994057775
2.0,Gateway_1,42.45935415525976,-9.014348983754548,51.59999847412109,1577059253.050009,-58.0,12.2,12,1154.0318114137199,1236.5516833559357,0.0,80,Permanent water bodies,0.95,72.0,0.9999974514857101
2.0,Gateway_2,42.45935415525976,-9.014348983754548,51.59999847412109,1577059253.050009,-109.0,3.5,12,4511.232329808388,1236.5516833559357,0.0,80,Permanent water bodies,0.95,123.0,0.9999172759344434
2.0,Gateway_3,42.45935415525976,-9.014348983754548,51.59999847412109,1577059253.050009,-97.0,8.2,12,6201.116102250164,1236.5516833559357,0.0,80,Permanent water bodies,0.95,111.0,0.9999873771260881
2.0,Gateway_1,42.45935272215797,-9.014422415587012,54.400001525878906,1577059270.912349,-85.0,10.0,11,1154.5447623640296,1238.5839812567706,0.0,80,Permanent water bodies,0.95,99.0,0.9999832982992097
2.0,Gateway_2,42.45935272215797,-9.014422415587012,54.400001525878906,1577059270.912349,-112.0,4.0,11,4512.283018562013,1238.5839812567706,0.0,80,Permanent water bodies,0.95,126.0,0.9998158942063324
2.0,Gateway_3,42.45935272215797,-9.014422415587012,54.400001525878906,1577059270.912349,-107.0,5.5,11,6198.4943602600515,1238.5839812567706,0.0,80,Permanent water bodies,0.95,121.0,0.9998989605981629
2.0,Gateway_1,42.45987152099509,-9.015193939208984,59.5,1577059288.200885,-58.0,13.5,10,1103.4367912109165,1204.9304850387796,0.0,80,Permanent water bodies,0.95,72.0,0.9999888045151574
2.0,Gateway_2,42.45987152099509,-9.015193939208984,59.5,1577059288.200885,-97.0,10.2,10,4464.991519560772,1204.9304850387796,0.0,80,Permanent water bodies,0.95,111.0,0.9999580905827115
2.0,Gateway_3,42.45987152099509,-9.015193939208984,59.5,1577059288.200885,-112.0,5.2,10,6118.270683941206,1204.9304850387796,0.0,80,Permanent water bodies,0.95,126.0,0.9996903289645813
2.0,Gateway_1,42.47023391723533,-9.015419950021972,50.59999847412109,1577059304.917559,-51.0,8.5,9,173.22370313482452,449.3414632786709,29.0,30,Grassland,0.8,65.0,0.9997751326758212
2.0,Gateway_2,42.47023391723533,-9.015419950021972,50.59999847412109,1577059304.917559,-91.0,11.8,9,3337.6608646334644,449.3414632786709,29.0,30,Grassland,0.8,105.0,0.9999399299994532
2.0,Gateway_3,42.47023391723533,-9.015419950021972,50.59999847412109,1577059304.917559,-108.0,7.2,9,5109.5786858053925,449.3414632786709,29.0,30,Grassland,0.8,122.0,0.9996217669432174
2.0,Gateway_1,42.47090530395508,-9.015850057138572,57.400001525878906,1577059321.770428,-57.0,14.0,8,237.77415237055848,494.8337052168831,20.0,30,Grassland,0.8,71.0,0.9999322712635091
2.0,Gateway_2,42.47090530395508,-9.015850057138572,57.400001525878906,1577059321.770428,-92.0,14.8,8,3273.125929141064,494.8337052168831,20.0,30,Grassland,0.8,106.0,0.9999508188432149
2.0,Gateway_3,42.47090530395508,-9.015850057138572,57.400001525878906,1577059321.770428,-108.0,8.8,8,5027.756160498501,494.8337052168831,20.0,30,Grassland,0.8,122.0,0.9994578674341544
2.0,Gateway_1,42.471309551855235,-9.01508943939209,51.0,1577059338.585155,-75.0,13.0,7,223.24609443321287,446.0266633758857,26.0,30,Grassland,0.8,89.0,0.9997253464300279
2.0,Gateway_2,42.471309551855235,-9.01508943939209,51.0,1577059338.585155,-93.0,13.2,7,3215.1424643416935,446.0266633758857,26.0,30,Grassland,0.8,107.0,0.9997464627999653
2.0,Gateway_3,42.471309551855235,-9.01508943939209,51.0,1577059338.585155,-115.0,1.2,7,5024.501180861162,446.0266633758857,26.0,30,Grassland,0.8,129.0,0.9691925889672489
2.0,Gateway_1,42.47175598144531,-9.015591207885741,53.09999847412109,1577059358.059855,-83.0,9.8,12,287.3184032452814,502.28290857949634,15.0,30,Grassland,0.8,97.0,0.9999933440542166
2.0,Gateway_2,42.47175598144531,-9.015591207885741,53.09999847412109,1577059358.059855,-100.0,5.2,12,3176.217817214093,502.28290857949634,15.0,30,Grassland,0.8,114.0,0.9999580905827115
2.0,Gateway_3,42.47175598144531,-9.015591207885741,53.09999847412109,1577059358.059855,-107.0,4.5,12,4960.361956102636,502.28290857949634,15.0,30,Grassland,0.8,121.0,0.9999445484005678
2.0,Gateway_1,42.47159575415016,-9.01735831555039,52.0,1577059375.888358,-83.0,10.5,11,383.6151237399756,632.6963374950394,1.0,80,Permanent water bodies,0.95,97.0,0.9999863258039343
2.0,Gateway_2,42.47159575415016,-9.01735831555039,52.0,1577059375.888358,-89.0,8.8,11,3230.452446035161,632.6963374950394,1.0,80,Permanent water bodies,0.95,103.0,0.9999730088088798
2.0,Gateway_3,42.47159575415016,-9.01735831555039,52.0,1577059375.888358,-104.0,5.8,11,4896.43402365237,632.6963374950394,1.0,80,Permanent water bodies,0.95,118.0,0.999910386089597
2.0,Gateway_1,42.47157287597555,-9.01731777191152,53.900001525878906,1577059393.183158,-78.0,10.0,10,379.34105885553475,628.9573733077513,1.0,80,Permanent water bodies,0.95,92.0,0.9999546000702375
2.0,Gateway_2,42.47157287597555,-9.01731777191152,53.900001525878906,1577059393.183158,-92.0,10.8,10,3232.00808458416,628.9573733077513,1.0,80,Permanent water bodies,0.95,106.0,0.9999670328847198
2.0,Gateway_3,42.47157287597555,-9.01731777191152,53.900001525878906,1577059393.183158,-99.0,9.0,10,4900.367420407298,628.9573733077513,1.0,80,Permanent water bodies,0.95,113.0,0.9999322712635091
2.0,Gateway_1,42.47158432005835,-9.01733112335205,50.5,1577059409.901759,-85.0,12.2,9,381.1373319357659,630.08008423685,1.0,80,Permanent water bodies,0.95,99.0,0.9999488117221309
2.0,Gateway_2,42.47158432005835,-9.01733112335205,50.5,1577059409.901759,-89.0,12.0,9,3231.0372932761834,630.08008423685,1.0,80,Permanent water bodies,0.95,103.0,0.9999445484005678
2.0,Gateway_3,42.47158432005835,-9.01733112335205,50.5,1577059409.901759,-105.0,9.8,9,4898.692285688872,630.08008423685,1.0,80,Permanent water bodies,0.95,119.0,0.9998663117552086
2.0,Gateway_1,42.47159194945289,-9.01733584539795,59.59999847412109,1577059425.757205,-85.0,14.0,8,381.49540079135267,631.4825310447527,1.0,80,Permanent water bodies,0.95,99.0,0.9999322712635091
2.0,Gateway_2,42.47159194945289,-9.01733584539795,59.59999847412109,1577059425.757205,-88.0,13.8,8,3230.4701060421366,631.4825310447527,1.0,80,Permanent water bodies,0.95,102.0,0.9999266303356495
2.0,Gateway_3,42.47159194945289,-9.01733584539795,59.59999847412109,1577059425.757205,-107.0,10.0,8,4897.81273333499,631.4825310447527,1.0,80,Permanent water bodies,0.95,121.0,0.9996645373720975
2.0,Gateway_1,42.47159194945289,-9.017345428455796,57.59999847412109,1577059443.59513,-89.0,13.5,7,382.2311428908082,632.0500603527191,1.0,80,Permanent water bodies,0.95,103.0,0.9997751326758212
2.0,Gateway_3,42.47159194945289,-9.017345428455796,57.59999847412109,1577059443.59513,-105.0,9.5,7,4897.382509459135,632.0500603527191,1.0,80,Permanent water bodies,0.95,119.0,0.9988862248521552
2.0,Gateway_1,42.47131729125976,-9.017915725708008,59.09999847412109,1577059453.045774,-83.0,8.0,12,408.1029231535113,669.824793538476,1.0,30,Grassland,0.8,97.0,0.9999863258039343
2.0,Gateway_2,42.47131729125976,-9.017915725708008,59.09999847412109,1577059453.045774,-100.0,5.5,12,3273.107440023095,669.824793538476,1.0,30,Grassland,0.8,114.0,0.9999628296813159
2.0,Gateway_3,42.47131729125976,-9.017915725708008,59.09999847412109,1577059453.045774,-109.0,4.5,12,4898.622285340799,669.824793538476,1.0,30,Grassland,0.8,123.0,0.9999445484005678
2.0,Gateway_1,42.47218704223533,-9.01845981048584,59.5,1577059480.905515,-95.0,5.2,11,494.99532263821646,739.304447974823,0.0,30,Grassland,0.8,109.0,0.9998860783925432
2.0,Gateway_2,42.47218704223533,-9.01845981048584,59.5,1577059480.905515,-99.0,5.2,11,3194.100831133038,739.304447974823,0.0,30,Grassland,0.8,113.0,0.9998860783925432
2.0,Gateway_3,42.47218704223533,-9.01845981048584,59.5,1577059480.905515,-104.0,5.5,11,4792.87761616165,739.304447974823,0.0,30,Grassland,0.8,118.0,0.9998989605981629
2.0,Gateway_1,42.47325134277344,-9.018404950532323,50.70000075293945,1577059498.201704,-85.0,12.5,10,566.048354704392,781.5094726529305,4.0,30,Grassland,0.8,99.0,0.9999832982992097
2.0,Gateway_2,42.47325134277344,-9.018404950532323,50.70000075293945,1577059498.201704,-95.0,11.5,10,3080.23314863121,781.5094726529305,4.0,30,Grassland,0.8,109.0,0.9999750839902685
2.0,Gateway_3,42.47325134277344,-9.018404950532323,50.70000075293945,1577059498.201704,-105.0,8.5,10,4694.968560286026,781.5094726529305,4.0,30,Grassland,0.8,119.0,0.9999172759344434
2.0,Gateway_1,42.47431945800781,-9.018152235938476,51.29999923705055,1577059514.917855,-82.0,11.8,9,641.1236066193783,826.0116206625128,4.0,30,Grassland,0.8,96.0,0.9999399299994532
2.0,Gateway_2,42.47431945800781,-9.018152235938476,51.29999923705055,1577059514.917855,-93.0,11.8,9,2961.186273136417,826.0116206625128,4.0,30,Grassland,0.8,107.0,0.9999399299994532
2.0,Gateway_3,42.47431945800781,-9.018152235938476,51.29999923705055,1577059514.917855,-105.0,9.2,9,4606.653350511778,826.0116206625128,4.0,30,Grassland,0.8,119.0,0.999830048932401
2.0,Gateway_1,42.47542953491211,-9.017589559091796,51.20000075293945,1577059531.779052,-81.0,11.5,8,720.1425088504998,869.4338063288722,8.0,30,Grassland,0.8,95.0,0.9998158942063324
2.0,Gateway_2,42.47542953491211,-9.017589559091796,51.20000075293945,1577059531.779052,-91.0,11.5,8,2829.5611770397772,869.4338063288722,8.0,30,Grassland,0.8,105.0,0.9998158942063324
2.0,Gateway_3,42.47542953491211,-9.017589559091796,51.20000075293945,1577059531.779052,-99.0,11.0,8,4530.461684783543,869.4338063288722,8.0,30,Grassland,0.8,113.0,0.9997751326758212
2.0,Gateway_1,42.47549755014549,-9.01714038848877,52.0,1577059548.58394,-81.0,13.5,7,710.230724078492,848.7786596617754,12.0,30,Grassland,0.8,95.0,0.9997751326758212
2.0,Gateway_2,42.47549755014549,-9.01714038848877,52.0,1577059548.58394,-91.0,13.5,7,2810.7523478632343,848.7786596617754,12.0,30,Grassland,0.8,105.0,0.9997751326758212
2.0,Gateway_3,42.47549755014549,-9.01714038848877,52.0,1577059548.58394,-111.0,5.5,7,4545.450666850269,848.7786596617754,12.0,30,Grassland,0.8,125.0,0.9944834355792392
2.0,Gateway_1,42.4775390525,-9.015738891501552,50.09999847412109,1577059558.088832,-80.0,9.5,12,889.0155802024923,962.5799405692651,14.0,30,Grassland,0.8,94.0,0.9999924954420849
2.0,Gateway_2,42.4775390525,-9.015738891501552,50.09999847412109,1577059558.088832,-88.0,8.8,12,2559.7259771555355,962.5799405692651,14.0,30,Grassland,0.8,102.0,0.9999900704956941
2.0,Gateway_3,42.4775390525,-9.015738891501552,50.09999847412109,1577059558.088832,-102.0,7.0,12,4432.272108768204,962.5799405692651,14.0,30,Grassland,0.8,116.0,0.9999796004965888
2.0,Gateway_1,42.47759245825172,-9.015520535985328,57.80000305175781,1577059585.907829,-95.0,7.5,11,891.043630946518,959.5502894771284,14.0,30,Grassland,0.8,109.0,0.9999546000702375
2.0,Gateway_2,42.47759245825172,-9.015520535985328,57.80000305175781,1577059585.907829,-97.0,8.2,11,2548.94970063145,959.5502894771284,14.0,30,Grassland,0.8,111.0,0.9999656874712223
2.0,Gateway_3,42.47759245825172,-9.015520535985328,57.80000305175781,1577059585.907829,-93.0,7.8,11,4438.760169279021,959.5502894771284,14.0,30,Grassland,0.8,107.0,0.9999597338744681
2.0,Gateway_1,42.47752380371094,-9.015485214233397,70.9000015258789,1577059503.177581,-99.0,10.5,10,882.8767197547882,952.3593833320301,14.0,30,Grassland,0.8,113.0,0.9999628296813159
2.0,Gateway_2,42.47752380371094,-9.015485214233397,70.9000015258789,1577059503.177581,-105.0,7.0,10,2555.7154421756704,952.3593833320301,14.0,30,Grassland,0.8,119.0,0.9998492669249045
2.0,Gateway_3,42.47752380371094,-9.015485214233397,70.9000015258789,1577059503.177581,-93.0,10.2,10,4446.642462407986,952.3593833320301,14.0,30,Grassland,0.8,107.0,0.9999580905827115
2.0,Gateway_1,42.47722525732422,-9.015379355384276,70.0,1577059519.911443,-95.0,12.5,9,848.6704260710748,919.1036878035035,14.0,30,Grassland,0.8,109.0,0.9999546000702375
2.0,Gateway_2,42.47722525732422,-9.015379355384276,70.0,1577059519.911443,-103.0,10.8,9,2584.9998326681134,919.1036878035035,14.0,30,Grassland,0.8,117.0,0.999910386089597
2.0,Gateway_3,42.47722525732422,-9.015379355384276,70.0,1577059519.911443,-100.0,11.0,9,4478.073823533956,919.1036878035035,14.0,30,Grassland,0.8,114.0,0.9999172759344434
2.0,Gateway_1,42.47583770751953,-9.015047477722158,55.59999594824219,1577059535.775955,-97.0,13.8,8,692.3697045684269,771.9387628726514,17.0,30,Grassland,0.8,111.0,0.9999266303356495
2.0,Gateway_2,42.47583770751953,-9.015047477722158,55.59999594824219,1577059535.775955,-100.0,13.0,8,2725.7805023238916,771.9387628726514,17.0,30,Grassland,0.8,114.0,0.9998989605981629
2.0,Gateway_3,42.47583770751953,-9.015047477722158,55.59999594824219,1577059535.775955,-100.0,12.8,8,4616.651573910423,771.9387628726514,17.0,30,Grassland,0.8,114.0,0.9998905453226643
2.0,Gateway_1,42.47444915771485,-9.015820503234853,53.0,1577059553.573455,-90.0,13.0,7,560.6865197183215,690.0527778107356,17.0,30,Grassland,0.8,104.0,0.9997253464300279
2.0,Gateway_2,42.47444915771485,-9.015820503234853,53.0,1577059553.573455,-98.0,13.0,7,2891.182309865773,690.0527778107356,17.0,30,Grassland,0.8,112.0,0.9997253464300279
2.0,Gateway_3,42.47444915771485,-9.015820503234853,53.0,1577059553.573455,-99.0,13.2,7,4703.229843367502,690.0527778107356,17.0,30,Grassland,0.8,113.0,0.9997464627999653
2.0,Gateway_1,42.47309494018555,-9.015559195472157,54.80000305175781,1577059573.052288,-89.0,8.5,12,413.47861501559566,574.6295775630871,16.0,30,Grassland,0.8,103.0,0.9999888045151574
2.0,Gateway_2,42.47309494018555,-9.015559195472157,54.80000305175781,1577059573.052288,-102.0,5.2,12,3031.2221375421295,574.6295775630871,16.0,30,Grassland,0.8,116.0,0.9999580905827115
2.0,Gateway_3,42.47309494018555,-9.015559195472157,54.80000305175781,1577059573.052288,-99.0,5.5,12,4838.7325120420255,574.6295775630871,16.0,30,Grassland,0.8,113.0,0.9999628296813159
2.0,Gateway_1,42.47151947021485,-9.015335035582128,52.79999923705055,1577059590.913071,-75.0,9.5,11,253.7621782179187,473.04180304128124,21.0,30,Grassland,0.8,89.0,0.9999796004965888
2.0,Gateway_2,42.47151947021485,-9.015335035582128,52.79999923705055,1577059590.913071,-95.0,7.0,11,3196.9277535832007,473.04180304128124,21.0,30,Grassland,0.8,109.0,0.9999445484005678
2.0,Gateway_3,42.47151947021485,-9.015335035582128,52.79999923705055,1577059590.913071,-103.0,7.0,11,4993.903762740972,473.04180304128124,21.0,30,Grassland,0.8,117.0,0.9999445484005678
2.0,Gateway_1,42.47074890135719,-9.01515055050791,57.80000305175781,1577059708.191533,-74.0,13.2,10,181.25086990435008,435.51451864293506,32.0,30,Grassland,0.8,88.0,0.9999873771260881
2.0,Gateway_2,42.47074890135719,-9.01515055050791,57.80000305175781,1577059708.191533,-102.0,10.2,10,3277.121116399646,435.51451864293506,32.0,30,Grassland,0.8,116.0,0.9999580905827115
2.0,Gateway_3,42.47074890135719,-9.01515055050791,57.80000305175781,1577059708.191533,-98.0,11.8,10,5073.696423571934,435.51451864293506,32.0,30,Grassland,0.8,112.0,0.9999779014817677
2.0,Gateway_1,42.47029113759531,-9.01505233215332,58.30000305175781,1577059724.912248,-55.0,12.5,9,146.98736432798356,420.80901680939843,31.0,30,Grassland,0.8,69.0,0.9999546000702375
2.0,Gateway_2,42.47029113759531,-9.01505233215332,58.30000305175781,1577059724.912248,-101.0,12.5,9,3325.0808371072712,420.80901680939843,31.0,30,Grassland,0.8,115.0,0.9999546000702375
2.0,Gateway_3,42.47029113759531,-9.01505233215332,58.30000305175781,1577059724.912248,-104.0,10.8,9,5120.686536335342,420.80901680939843,31.0,30,Grassland,0.8,118.0,0.999910386089597
2.0,Gateway_1,42.45933354858154,-9.014853957895507,50.900001525878906,1577059741.77115,-77.0,10.0,8,1159.7253924171807,1251.3363946680035,0.0,80,Permanent water bodies,0.95,91.0,0.9996645373720975
2.0,Gateway_3,42.45933354858154,-9.014853957895507,50.900001525878906,1577059741.77115,-100.0,11.2,8,6184.1769743318855,1251.3363946680035,0.0,80,Permanent water bodies,0.95,114.0,0.9997924212972823
2.0,Gateway_1,42.45933745337891,-9.014873504538572,59.400001525878906,1577059758.552221,-75.0,13.5,7,1159.3242351051379,1251.814198498534,0.0,80,Permanent water bodies,0.95,89.0,0.9997751326758212
2.0,Gateway_2,42.45933745337891,-9.014873504538572,59.400001525878906,1577059758.552221,-109.0,5.8,7,4519.493678080606,1251.814198498534,0.0,80,Permanent water bodies,0.95,123.0,0.9951072462747605
2.0,Gateway_3,42.45933745337891,-9.014873504538572,59.400001525878906,1577059758.552221,-97.0,12.8,7,6183.09381404288,1251.814198498534,0.0,80,Permanent water bodies,0.95,111.0,0.9997024713395585
2.0,Gateway_1,42.45933354858154,-9.014852523803713,51.70000075293945,1577059778.041804,-75.0,12.5,12,1159.6986855030805,1251.3315682856507,0.0,80,Permanent water bodies,0.95,89.0,0.999997739670593
2.0,Gateway_2,42.45933354858154,-9.014852523803713,51.70000075293945,1577059778.041804,-110.0,5.5,12,4519.575051423779,1251.3315682856507,0.0,80,Permanent water bodies,0.95,124.0,0.9999628296813159
2.0,Gateway_3,42.45933354858154,-9.014852523803713,51.70000075293945,1577059778.041804,-98.0,7.0,12,6184.233161477807,1251.3315682856507,0.0,80,Permanent water bodies,0.95,112.0,0.9999796004965888
2.0,Gateway_1,42.4593489074707,-9.01485873525709,55.0999984741211,1577059795.88595,-58.0,11.5,11,1157.9948011280371,1250.0247022681108,0.0,80,Permanent water bodies,0.95,72.0,0.9999908339122637
2.0,Gateway_2,42.4593489074707,-9.01485873525709,55.0999984741211,1577059795.88595,-110.0,5.2,11,4518.002383048949,1250.0247022681108,0.0,80,Permanent water bodies,0.95,124.0,0.9998860783925432
2.0,Gateway_3,42.4593489074707,-9.01485873525709,55.0999984741211,1577059795.88595,-99.0,5.8,11,6182.493438902445,1250.0247022681108,0.0,80,Permanent water bodies,0.95,113.0,0.999910386089597
2.0,Gateway_1,42.45931838989258,-9.014859199523924,57.80000305175781,1577059813.181455,-57.0,13.2,10,1161.3327300171427,1253.367593197219,0.0,80,Permanent water bodies,0.95,71.0,0.9999873771260881
2.0,Gateway_2,42.45931838989258,-9.014859199523924,57.80000305175781,1577059813.181455,-110.0,7.2,10,4521.389609863666,1253.367593197219,0.0,80,Permanent water bodies,0.95,124.0,0.9998608558344383
2.0,Gateway_3,42.45931838989258,-9.014859199523924,57.80000305175781,1577059813.181455,-95.0,11.0,10,6185.507622242163,1253.367593197219,0.0,80,Permanent water bodies,0.95,109.0,0.9999695675169916
2.0,Gateway_1,42.4587514440918,-9.01457227935791,58.5,1577059829.913178,-59.0,10.0,9,1221.9897873993111,1306.1872289071543,0.0,80,Permanent water bodies,0.95,73.0,0.9998765901959134
2.0,Gateway_2,42.4587514440918,-9.01457227935791,58.5,1577059829.913178,-110.0,4.2,9,4580.194979820502,1306.1872289071543,0.0,80,Permanent water bodies,0.95,124.0,0.9987442220274376
2.0,Gateway_3,42.4587514440918,-9.01457227935791,58.5,1577059829.913178,-100.0,9.5,9,6252.34296925143,1306.1872289071543,0.0,80,Permanent water bodies,0.95,114.0,0.9998492669249045
2.0,Gateway_1,42.457891593115235,-9.014375585545508,72.4000015258789,1577059845.787405,-90.0,12.0,8,1316.1301946831297,1394.2226903303078,0.0,80,Permanent water bodies,0.95,104.0,0.9998492669249045
2.0,Gateway_3,42.457891593115235,-9.014375585545508,72.4000015258789,1577059845.787405,-99.0,11.2,8,6344.969689608776,1394.2226903303078,0.0,80,Permanent water bodies,0.95,113.0,0.9997924212972823
2.0,Gateway_1,42.45705008911133,-9.013941754831544,75.80000305175781,1577059853.710425,-89.0,13.0,7,1407.9865239710346,1476.532415039527,0.0,80,Permanent water bodies,0.95,103.0,0.9997253464300279
2.0,Gateway_3,42.45705008911133,-9.013941754831544,75.80000305175781,1577059853.710425,-102.0,12.2,7,6444.5471309311315,1476.532415039527,0.0,80,Permanent water bodies,0.95,116.0,0.9996217669432174
2.0,Gateway_3,42.45573955454102,-9.013704299925758,72.5999984741211,1577059883.050795,-102.0,5.5,12,6583.630461839798,1614.748517490685,0.0,80,Permanent water bodies,0.95,116.0,0.9999628296813159
2.0,Gateway_1,42.4555533505957,-9.013757705588477,53.59999847412109,1577059900.898401,-75.0,11.0,11,1573.9866987395803,1635.1357797045193,0.0,80,Permanent water bodies,0.95,89.0,0.9999888045151574
2.0,Gateway_2,42.4555533505957,-9.013757705588477,53.59999847412109,1577059900.898401,-119.0,-8.5,11,4923.405481855665,1635.1357797045193,0.0,80,Permanent water bodies,0.95,133.0,0.9726762775527075
2.0,Gateway_3,42.4555533505957,-9.013757705588477,53.59999847412109,1577059900.898401,-112.0,3.8,11,6600.179125002453,1635.1357797045193,0.0,80,Permanent water bodies,0.95,126.0,0.9998005605746358
2.0,Gateway_1,42.4559189453125,-9.01422119140525,53.70000075293945,1577059918.198282,-79.0,10.5,10,1534.4855710213835,1603.122686213536,0.0,80,Permanent water bodies,0.95,93.0,0.9999628296813159
2.0,Gateway_2,42.4559189453125,-9.01422119140525,53.70000075293945,1577059918.198282,-118.0,-10.5,10,4887.874364922588,1603.122686213536,0.0,80,Permanent water bodies,0.95,132.0,0.8347011117784134
2.0,Gateway_3,42.4559189453125,-9.01422119140525,53.70000075293945,1577059918.198282,-107.0,7.0,10,6546.973182870034,1603.122686213536,0.0,80,Permanent water bodies,0.95,121.0,0.9998492669249045
2.0,Gateway_1,42.45751703491211,-9.0147055115333,50.900001525878906,1577059934.918542,-85.0,12.2,9,1359.640412271431,1440.5309614596556,0.0,80,Permanent water bodies,0.95,99.0,0.9999488117221309
2.0,Gateway_2,42.45751703491211,-9.0147055115333,50.900001525878906,1577059934.918542,-115.0,1.0,9,4717.382626203259,1440.5309614596556,0.0,80,Permanent water bodies,0.95,129.0,0.9954834190573874
2.0,Gateway_3,42.45751703491211,-9.0147055115333,50.900001525878906,1577059934.918542,-107.0,8.5,9,6370.013638366049,1440.5309614596556,0.0,80,Permanent water bodies,0.95,121.0,0.9997751326758212
2.0,Gateway_1,42.45825553344726,-9.015091895057129,52.0,1577059951.771729,-79.0,14.2,8,1280.8111576984916,1371.158174392027,0.0,80,Permanent water bodies,0.95,93.0,0.9999374784962252
2.0,Gateway_2,42.45825553344726,-9.015091895057129,52.0,1577059951.771729,-97.0,13.2,8,4640.920502354276,1371.158174392027,0.0,80,Permanent water bodies,0.95,111.0,0.9999067288765351
2.0,Gateway_3,42.45825553344726,-9.015091895057129,52.0,1577059951.771729,-105.0,10.8,8,6282.395676698912,1371.158174392027,0.0,80,Permanent water bodies,0.95,119.0,0.9997564041357744
2.0,Gateway_1,42.45894835425781,-9.01489543914795,52.29999923705055,1577059958.591952,-80.0,13.5,7,1202.608600737754,1293.039174234878,0.0,80,Permanent water bodies,0.95,94.0,0.9997751326758212
2.0,Gateway_2,42.45894835425781,-9.01489543914795,52.29999923705055,1577059958.591952,-92.0,13.2,7,4562.409993492646,1293.039174234878,0.0,80,Permanent water bodies,0.95,106.0,0.9997464627999653
2.0,Gateway_3,42.45894835425781,-9.01489543914795,52.29999923705055,1577059958.591952,-109.0,7.8,7,6220.795677271724,1293.039174234878,0.0,80,Permanent water bodies,0.95,123.0,0.9978015440369574
2.0,Gateway_1,42.45900177001953,-9.01490305854248,53.59999847412109,1577059989.055855,-85.0,9.2,12,1196.7457843332504,1287.6566035959563,0.0,80,Permanent water bodies,0.95,99.0,0.9999915386345782
2.0,Gateway_2,42.45900177001953,-9.01490305854248,53.59999847412109,1577059989.055855,-91.0,9.0,12,4556.652668112074,1287.6566035959563,0.0,80,Permanent water bodies,0.95,105.0,0.9999908339122637
2.0,Gateway_3,42.45900177001953,-9.01490305854248,53.59999847412109,1577059989.055855,-113.0,1.8,12,6215.2218210160145,1287.6566035959563,0.0,80,Permanent water bodies,0.95,127.0,0.9998367128090782
2.0,Gateway_1,42.458441009521486,-9.015887250437013,57.59999594824219,1577070005.89522,-72.0,7.5,11,1268.9239661427177,1373.4713501041763,0.0,80,Permanent water bodies,0.95,86.0,0.9999546000702375
2.0,Gateway_2,42.458441009521486,-9.015887250437013,57.59999594824219,1577070005.89522,-95.0,8.5,11,4631.021577376933,1373.4713501041763,0.0,80,Permanent water bodies,0.95,109.0,0.9999695675169916
2.0,Gateway_3,42.458441009521486,-9.015887250437013,57.59999594824219,1577070005.89522,-97.0,7.0,11,6235.113634009325,1373.4713501041763,0.0,80,Permanent water bodies,0.95,111.0,0.9999445484005678
2.0,Gateway_1,42.45840285254883,-9.01591958535377,70.4000015258789,1577070024.190222,-81.0,13.0,10,1273.4401557771444,1378.9659658143491,0.0,80,Permanent water bodies,0.95,95.0,0.9999863258039343
2.0,Gateway_2,42.45840285254883,-9.01591958535377,70.4000015258789,1577070024.190222,-92.0,12.0,10,4635.805690940202,1378.9659658143491,0.0,80,Permanent water bodies,0.95,106.0,0.9999796004965888
2.0,Gateway_3,42.45840285254883,-9.01591958535377,70.4000015258789,1577070024.190222,-104.0,10.8,10,6237.834151712612,1378.9659658143491,0.0,80,Permanent water bodies,0.95,118.0,0.9999670328847198
2.0,Gateway_1,42.45835471557517,-9.015100883483887,58.4000015258789,1577070040.903427,-84.0,12.5,9,1269.8463369837116,1361.166987842776,0.0,80,Permanent water bodies,0.95,98.0,0.9999546000702375
2.0,Gateway_2,42.45835471557517,-9.015100883483887,58.4000015258789,1577070040.903427,-97.0,11.5,9,4630.212824711208,1361.166987842776,0.0,80,Permanent water bodies,0.95,111.0,0.9999322712635091
2.0,Gateway_3,42.45835471557517,-9.015100883483887,58.4000015258789,1577070040.903427,-108.0,8.8,9,6272.221050191533,1361.166987842776,0.0,80,Permanent water bodies,0.95,122.0,0.9998005605746358
2.0,Gateway_1,42.45851348875953,-9.015035987304588,75.0,1577070057.759354,-74.0,10.5,8,1251.6621623475899,1343.5851770739057,0.0,80,Permanent water bodies,0.95,88.0,0.9997253464300279
2.0,Gateway_2,42.45851348875953,-9.015035987304588,75.0,1577070057.759354,-90.0,12.0,8,4612.193562661498,1343.5851770739057,0.0,80,Permanent water bodies,0.95,104.0,0.9998492669249045
2.0,Gateway_3,42.45851348875953,-9.015035987304588,75.0,1577070057.759354,-97.0,11.8,8,6258.901985178348,1343.5851770739057,0.0,80,Permanent water bodies,0.95,111.0,0.9998367128090782
2.0,Gateway_1,42.45850885520117,-9.014994521275856,75.0,1577070074.592727,-73.0,13.8,7,1251.8233929733908,1343.02695685122,0.0,80,Permanent water bodies,0.95,87.0,0.9998005605746358
2.0,Gateway_2,42.45850885520117,-9.014994521275856,75.0,1577070074.592727,-89.0,13.5,7,4612.1871203351875,1343.02695685122,0.0,80,Permanent water bodies,0.95,103.0,0.9997751326758212
2.0,Gateway_3,42.45850885520117,-9.014994521275856,75.0,1577070074.592727,-95.0,13.0,7,6260.885264532705,1343.02695685122,0.0,80,Permanent water bodies,0.95,109.0,0.9997253464300279
2.0,Gateway_1,42.45855989135742,-9.01414955583252,79.5999959482422,1577070094.059985,-74.0,12.0,12,1241.0425665870769,1318.2287686276934,0.0,80,Permanent water bodies,0.95,88.0,0.999997239227428
2.0,Gateway_2,42.45855989135742,-9.01414955583252,79.5999959482422,1577070094.059985,-105.0,4.8,12,4596.683806308265,1318.2287686276934,0.0,80,Permanent water bodies,0.95,119.0,0.9999508188432149
2.0,Gateway_3,42.45855989135742,-9.01414955583252,79.5999959482422,1577070094.059985,-103.0,5.0,12,6287.222912829516,1318.2287686276934,0.0,80,Permanent water bodies,0.95,117.0,0.9999546000702375
2.0,Gateway_1,42.45887588500976,-9.01395942138572,79.30000305175781,1577070111.882824,-57.0,5.8,11,1205.3341964974807,1280.3393166632286,0.0,80,Permanent water bodies,0.95,71.0,0.999910386089597
2.0,Gateway_2,42.45887588500976,-9.01395942138572,79.30000305175781,1577070111.882824,-111.0,4.8,11,4559.793301557905,1280.3393166632286,0.0,80,Permanent water bodies,0.95,125.0,0.9998663117552086
2.0,Gateway_3,42.45887588500976,-9.01395942138572,79.30000305175781,1577070111.882824,-104.0,5.5,11,6263.179539923825,1280.3393166632286,0.0,80,Permanent water bodies,0.95,118.0,0.9998989605981629
2.0,Gateway_1,42.4590055847158,-9.01385498045875,83.9000015258789,1577070129.18034,-52.0,12.5,10,1190.69785476916,1264.5553086233729,0.0,80,Permanent water bodies,0.95,66.0,0.9999832982992097
2.0,Gateway_2,42.4590055847158,-9.01385498045875,83.9000015258789,1577070129.18034,-105.0,10.0,10,4544.450674880601,1264.5553086233729,0.0,80,Permanent water bodies,0.95,119.0,0.9999546000702375
2.0,Gateway_3,42.4590055847158,-9.01385498045875,83.9000015258789,1577070129.18034,-101.0,12.2,10,6254.393803629916,1264.5553086233729,0.0,80,Permanent water bodies,0.95,115.0,0.9999811688849429
2.0,Gateway_1,42.45903228759756,-9.01384152902832,79.5999984741211,1577070145.888705,-55.0,12.2,9,1187.6707386678986,1261.1345456548624,0.0,80,Permanent water bodies,0.95,69.0,0.9999488117221309
2.0,Gateway_2,42.45903228759756,-9.01384152902832,79.5999984741211,1577070145.888705,-115.0,1.2,9,4541.291980290306,1261.1345456548624,0.0,80,Permanent water bodies,0.95,129.0,0.9958306703020959
2.0,Gateway_3,42.45903228759756,-9.01384152902832,79.5999984741211,1577070145.888705,-114.0,2.8,9,6252.240199420804,1261.1345456548624,0.0,80,Permanent water bodies,0.95,128.0,0.9978015440369574
2.0,Gateway_1,42.45899795532225,-9.013855424550547,83.0999984741211,1577070152.759045,-80.0,14.0,8,1191.5389496029693,1265.3301837049892,0.0,80,Permanent water bodies,0.95,94.0,0.9999322712635091
2.0,Gateway_3,42.45899795532225,-9.013855424550547,83.0999984741211,1577070152.759045,-115.0,3.0,8,6255.121770209002,1265.3301837049892,0.0,80,Permanent water bodies,0.95,129.0,0.9944834355792392
2.0,Gateway_1,42.45898551123047,-9.013851555188957,85.30000305175781,1577070179.552193,-89.0,13.5,7,1192.9324787243513,1266.7319824413971,0.0,80,Permanent water bodies,0.95,103.0,0.9997751326758212
2.0,Gateway_3,42.45898551123047,-9.013851555188957,85.30000305175781,1577070179.552193,-111.0,5.8,7,6256.513407368086,1266.7319824413971,0.0,80,Permanent water bodies,0.95,125.0,0.9951072462747605
2.0,Gateway_1,42.45900177001953,-9.013845397399901,82.19999594824219,1577070199.047051,-78.0,10.2,12,1191.0852928557117,1264.6556089095823,0.0,80,Permanent water bodies,0.95,92.0,0.999994328177141
2.0,Gateway_3,42.45900177001953,-9.013845397399901,82.19999594824219,1577070199.047051,-115.0,-0.8,12,6255.119688302625,1264.6556089095823,0.0,80,Permanent water bodies,0.95,129.0,0.9995380251012184
2.0,Gateway_1,42.459051351083986,-9.013801574707031,75.80000305175781,1577070215.908459,-79.0,9.0,11,1185.4541673791234,1258.0336901466635,0.0,80,Permanent water bodies,0.95,93.0,0.9999750839902685
2.0,Gateway_2,42.459051351083986,-9.013801574707031,75.80000305175781,1577070215.908459,-119.0,-18.0,11,4538.6990107915,1258.0336901466635,0.0,80,Permanent water bodies,0.95,133.0,0.0
2.0,Gateway_3,42.459051351083986,-9.013801574707031,75.80000305175781,1577070215.908459,-117.0,-4.0,11,6251.855209594746,1258.0336901466635,0.0,80,Permanent water bodies,0.95,131.0,0.9954834190573874
2.0,Gateway_1,42.45904754538572,-9.013801574707031,78.0,1577070234.195735,-75.0,13.5,10,1185.8840209676516,1258.576813928578,0.0,80,Permanent water bodies,0.95,89.0,0.9999888045151574
2.0,Gateway_3,42.45904754538572,-9.013801574707031,78.0,1577070234.195735,-105.0,9.2,10,6252.246058818882,1258.576813928578,0.0,80,Permanent water bodies,0.95,119.0,0.9999374784962252
2.0,Gateway_1,42.45903228759756,-9.013787259592284,81.9000015258789,1577070250.92805,-81.0,12.2,9,1187.5731123461435,1260.1711380440854,0.0,80,Permanent water bodies,0.95,95.0,0.9999488117221309
2.0,Gateway_3,42.45903228759756,-9.013787259592284,81.9000015258789,1577070250.92805,-103.0,11.8,9,6254.323943823246,1260.1711380440854,0.0,80,Permanent water bodies,0.95,117.0,0.9999399299994532
2.0,Gateway_1,42.45903228759756,-9.013805343078513,74.19999594824219,1577070257.745747,-73.0,13.8,8,1187.5760389804832,1260.0627254419144,0.0,80,Permanent water bodies,0.95,87.0,0.9999266303356495
2.0,Gateway_2,42.45903228759756,-9.013805343078513,74.19999594824219,1577070257.745747,-115.0,0.5,8,4540.81407089598,1260.0627254419144,0.0,80,Permanent water bodies,0.95,129.0,0.9850044231795223
2.0,Gateway_3,42.45903228759756,-9.013805343078513,74.19999594824219,1577070257.745747,-114.0,2.5,8,6253.577493477223,1260.0627254419144,0.0,80,Permanent water bodies,0.95,128.0,0.9932620530009145
2.0,Gateway_1,42.45905551987305,-9.013809204101552,75.5999984741211,1577070284.585222,-89.0,14.2,7,1185.0062500484312,1257.7301277724996,0.0,80,Permanent water bodies,0.95,103.0,0.999830048932401
2.0,Gateway_1,42.45915198730459,-9.013843535375951,75.0999984741211,1577070304.047011,-55.0,11.8,12,1174.3672493837225,1248.057020359471,0.0,80,Permanent water bodies,0.95,69.0,0.999997009290776
2.0,Gateway_2,42.45915198730459,-9.013843535375951,75.0999984741211,1577070304.047011,-122.0,-13.2,12,4528.064238548306,1248.057020359471,0.0,80,Permanent water bodies,0.95,136.0,0.9341252455735971
2.0,Gateway_3,42.45915198730459,-9.013843535375951,75.0999984741211,1577070304.047011,-105.0,5.5,12,6240.344378606522,1248.057020359471,0.0,80,Permanent water bodies,0.95,119.0,0.9999628296813159
2.0,Gateway_1,42.45925879882813,-9.01375575201415,59.5999984741211,1577070321.872374,-54.0,7.8,11,1162.4036953880461,1233.9334826243653,0.0,80,Permanent water bodies,0.95,68.0,0.9999597338744681
2.0,Gateway_3,42.45925879882813,-9.01375575201415,59.5999984741211,1577070321.872374,-108.0,4.8,11,6233.09602009961,1233.9334826243653,0.0,80,Permanent water bodies,0.95,122.0,0.9998663117552086
2.0,Gateway_1,42.45938323974509,-9.013587133789052,79.9000015258789,1577070339.195393,-58.0,13.2,10,1148.307351929696,1218.299217569046,0.0,80,Permanent water bodies,0.95,72.0,0.9999873771260881
2.0,Gateway_1,42.459539542333985,-9.01354803314209,83.4000015258789,1577070355.902429,-55.0,12.2,9,1130.9453539436504,1200.9522786317377,0.0,80,Permanent water bodies,0.95,69.0,0.9999488117221309
2.0,Gateway_2,42.459539542333985,-9.01354803314209,83.4000015258789,1577070355.902429,-119.0,-3.5,9,4482.3516996959825,1200.9522786317377,0.0,80,Permanent water bodies,0.95,133.0,0.9726762775527075
2.0,Gateway_3,42.459539542333985,-9.01354803314209,83.4000015258789,1577070355.902429,-107.0,9.0,9,6213.657219906795,1200.9522786317377,0.0,80,Permanent water bodies,0.95,121.0,0.9998158942063324
2.0,Gateway_1,42.45958450083008,-9.013504981994528,83.19999594824219,1577070372.75582,-57.0,10.5,8,1125.9299868222097,1195.2481122857696,0.0,80,Permanent water bodies,0.95,71.0,0.9997253464300279
2.0,Gateway_2,42.45958450083008,-9.013504981994528,83.19999594824219,1577070372.75582,-100.0,11.8,8,4476.942133734377,1195.2481122857696,0.0,80,Permanent water bodies,0.95,114.0,0.9998367128090782
2.0,Gateway_3,42.45958450083008,-9.013504981994528,83.19999594824219,1577070372.75582,-101.0,11.2,8,6210.909259284235,1195.2481122857696,0.0,80,Permanent water bodies,0.95,115.0,0.9997924212972823
2.0,Gateway_1,42.4597151184082,-9.013457298278809,82.5999959482422,1577070389.578825,-35.0,13.2,7,1111.4070366005772,1180.2158363285387,0.0,80,Permanent water bodies,0.95,49.0,0.9997464627999653
2.0,Gateway_2,42.4597151184082,-9.013457298278809,82.5999959482422,1577070389.578825,-102.0,11.5,7,4462.042639390736,1180.2158363285387,0.0,80,Permanent water bodies,0.95,116.0,0.9994995485665594
2.0,Gateway_3,42.4597151184082,-9.013457298278809,82.5999959482422,1577070389.578825,-112.0,5.5,7,6199.949394609462,1180.2158363285387,0.0,80,Permanent water bodies,0.95,126.0,0.9944834355792392
2.0,Gateway_1,42.4597255525,-9.013458251953123,85.0999984741211,1577070409.051812,-37.0,8.8,12,1110.2725143930115,1179.2905808305854,0.0,80,Permanent water bodies,0.95,51.0,0.9999900704956941
2.0,Gateway_2,42.4597255525,-9.013458251953123,85.0999984741211,1577070409.051812,-114.0,1.8,12,4460.9474139646645,1179.2905808305854,0.0,80,Permanent water bodies,0.95,128.0,0.9998367128090782
2.0,Gateway_3,42.4597255525,-9.013458251953123,85.0999984741211,1577070409.051812,-111.0,2.8,12,6198.911626538453,1179.2905808305854,0.0,80,Permanent water bodies,0.95,125.0,0.9998905453226643
2.0,Gateway_1,42.45977995825172,-9.013498305274414,85.5999959482422,1577070425.903175,-35.0,10.5,11,1104.2418951954176,1174.2818166912725,0.0,80,Permanent water bodies,0.95,49.0,0.9999863258039343
2.0,Gateway_2,42.45977995825172,-9.013498305274414,85.5999959482422,1577070425.903175,-113.0,-0.5,11,4455.385013493398,1174.2818166912725,0.0,80,Permanent water bodies,0.95,127.0,0.9988862248521552
2.0,Gateway_3,42.45977995825172,-9.013498305274414,85.5999959482422,1577070425.903175,-104.0,5.8,11,6192.03337448926,1174.2818166912725,0.0,80,Permanent water bodies,0.95,118.0,0.999910386089597
2.0,Gateway_1,42.459722747802736,-9.01345205555039,75.0999984741211,1577070444.184075,-35.0,12.5,10,1110.5199211616602,1178.7900113003511,0.0,80,Permanent water bodies,0.95,49.0,0.9999832982992097
2.0,Gateway_2,42.459722747802736,-9.01345205555039,75.0999984741211,1577070444.184075,-107.0,8.0,10,4461.023091259615,1178.7900113003511,0.0,80,Permanent water bodies,0.95,121.0,0.9998989605981629
2.0,Gateway_3,42.459722747802736,-9.01345205555039,75.0999984741211,1577070444.184075,-111.0,5.0,10,6199.347469797478,1178.7900113003511,0.0,80,Permanent water bodies,0.95,125.0,0.9996645373720975
2.0,Gateway_1,42.45971893310547,-9.013444900512596,79.80000305175781,1577070450.915352,-35.0,8.5,9,1110.9625579359008,1179.367549404498,0.0,80,Permanent water bodies,0.95,49.0,0.9997751326758212
2.0,Gateway_2,42.45971893310547,-9.013444900512596,79.80000305175781,1577070450.915352,-110.0,5.8,9,4461.444748038339,1179.367549404498,0.0,80,Permanent water bodies,0.95,124.0,0.9993378377887877
2.0,Gateway_3,42.45971893310547,-9.013444900512596,79.80000305175781,1577070450.915352,-98.0,10.2,9,6200.033862888211,1179.367549404498,0.0,80,Permanent water bodies,0.95,112.0,0.9998860783925432
2.0,Gateway_1,42.45980557114258,-9.013418197531836,78.0,1577070477.753709,-47.0,15.8,8,1101.332178288118,1169.3992836373136,0.0,80,Permanent water bodies,0.95,61.0,0.9999670328847198
2.0,Gateway_2,42.45980557114258,-9.013418197531836,78.0,1577070477.753709,-92.0,15.2,8,4451.5911687164735,1169.3992836373136,0.0,80,Permanent water bodies,0.95,106.0,0.9999580905827115
2.0,Gateway_3,42.45980557114258,-9.013418197531836,78.0,1577070477.753709,-93.0,15.8,8,6192.572817565575,1169.3992836373136,0.0,80,Permanent water bodies,0.95,107.0,0.9999670328847198
2.0,Gateway_1,42.45999359130859,-9.01342487335205,74.9000015258789,1577070494.571919,-47.0,13.8,7,1080.4356715509123,1149.1139560382808,0.0,80,Permanent water bodies,0.95,61.0,0.9998005605746358
2.0,Gateway_2,42.45999359130859,-9.01342487335205,74.9000015258789,1577070494.571919,-90.0,13.8,7,4430.898357078304,1149.1139560382808,0.0,80,Permanent water bodies,0.95,104.0,0.9998005605746358
2.0,Gateway_3,42.45999359130859,-9.01342487335205,74.9000015258789,1577070494.571919,-113.0,4.0,7,6173.891204998385,1149.1139560382808,0.0,80,Permanent water bodies,0.95,127.0,0.9899481642553665
2.0,Gateway_1,42.47010803222555,-9.013485852182516,52.900001525878906,1577070514.023145,-59.0,9.5,12,47.65102106459923,291.75722526188616,65.0,30,Grassland,0.8,73.0,0.9999924954420849
2.0,Gateway_2,42.47010803222555,-9.013485852182516,52.900001525878906,1577070514.023145,-99.0,7.0,12,3320.324456507768,291.75722526188616,65.0,30,Grassland,0.8,113.0,0.9999796004965888
2.0,Gateway_3,42.47010803222555,-9.013485852182516,52.900001525878906,1577070514.023145,-118.0,-10.2,12,5208.845305035622,291.75722526188616,65.0,30,Grassland,0.8,132.0,0.9801589052556298
2.0,Gateway_1,42.47033309935523,-9.01323413848877,54.5,1577070531.859517,-50.0,10.8,11,72.77099122967624,274.00555440107917,62.0,30,Grassland,0.8,64.0,0.9999878720760537
2.0,Gateway_2,42.47033309935523,-9.01323413848877,54.5,1577070531.859517,-115.0,0.5,11,3292.2019484265484,274.00555440107917,62.0,30,Grassland,0.8,129.0,0.9992534141916233
2.0,Gateway_3,42.47033309935523,-9.01323413848877,54.5,1577070531.859517,-115.0,1.8,11,5199.850255489537,274.00555440107917,62.0,30,Grassland,0.8,129.0,0.9995561393960971
2.0,Gateway_1,42.470455159577725,-9.013079543249512,71.0999984741211,1577070549.183322,-50.0,13.2,10,87.18178466204277,267.86167811469863,63.0,30,Grassland,0.8,64.0,0.9999873771260881
2.0,Gateway_2,42.470455159577725,-9.013079543249512,71.0999984741211,1577070549.183322,-118.0,-1.8,10,3277.019440904525,267.86167811469863,63.0,30,Grassland,0.8,132.0,0.9949075692073008
2.0,Gateway_3,42.470455159577725,-9.013079543249512,71.0999984741211,1577070549.183322,-117.0,-1.2,10,5195.993346604172,267.86167811469863,63.0,30,Grassland,0.8,131.0,0.9959941520579095
2.0,Gateway_1,42.470489501953125,-9.012911795559823,74.30000305175781,1577070555.899774,-53.0,13.5,9,96.26647006989269,256.5507947635124,63.0,30,Grassland,0.8,67.0,0.9999695675169916
2.0,Gateway_2,42.470489501953125,-9.012911795559823,74.30000305175781,1577070555.899774,-119.0,-4.2,9,3271.0861485117584,256.5507947635124,63.0,30,Grassland,0.8,133.0,0.9638471682459536
2.0,Gateway_3,42.470489501953125,-9.012911795559823,74.30000305175781,1577070555.899774,-120.0,-15.5,9,5200.7406276523225,256.5507947635124,63.0,30,Grassland,0.8,134.0,0.0
2.0,Gateway_1,42.47058485938476,-9.012735320495503,74.0999984741211,1577070582.745047,-81.0,15.0,8,112.62838711236762,245.58658783289238,63.0,30,Grassland,0.8,95.0,0.9999546000702375
2.0,Gateway_2,42.47058485938476,-9.012735320495503,74.0999984741211,1577070582.745047,-115.0,1.5,8,3258.329142135512,245.58658783289238,63.0,30,Grassland,0.8,129.0,0.9899481642553665
2.0,Gateway_3,42.47058485938476,-9.012735320495503,74.0999984741211,1577070582.745047,-120.0,-9.8,8,5200.352975535695,245.58658783289238,63.0,30,Grassland,0.8,134.0,0.07688365361336391
2.0,Gateway_1,42.47051538595289,-9.012514250183104,72.5999984741211,1577070599.555584,-104.0,9.2,7,117.16847225132089,226.49695002863962,62.0,30,Grassland,0.8,118.0,0.9987442220274376
2.0,Gateway_1,42.4705915809082,-9.01242733001709,75.0,1577070519.025855,-73.0,8.8,12,128.26071572519342,223.1387990494655,62.0,30,Grassland,0.8,87.0,0.9999900704956941
2.0,Gateway_2,42.4705915809082,-9.01242733001709,75.0,1577070519.025855,-115.0,0.8,12,3253.7476801774574,223.1387990494655,62.0,30,Grassland,0.8,129.0,0.9997564041357744
2.0,Gateway_3,42.4705915809082,-9.01242733001709,75.0,1577070519.025855,-120.0,-15.2,12,5214.316360095846,223.1387990494655,62.0,30,Grassland,0.8,134.0,0.8533930378696499
2.0,Gateway_1,42.47075553075172,-9.01218505041504,75.5999959482422,1577070535.909153,-78.0,7.8,11,155.1131468014422,212.24703658723345,61.0,30,Grassland,0.8,92.0,0.9999597338744681
2.0,Gateway_3,42.47075553075172,-9.01218505041504,75.5999959482422,1577070535.909153,-119.0,-11.5,11,5211.005347541503,212.24703658723345,61.0,30,Grassland,0.8,133.0,0.9092820467105875
2.0,Gateway_1,42.47085189819335,-9.01188850402832,71.0999984741211,1577070554.21782,-81.0,13.5,10,179.72993476303333,195.26972802701732,60.0,30,Grassland,0.8,95.0,0.9999888045151574
2.0,Gateway_2,42.47085189819335,-9.01188850402832,71.0999984741211,1577070554.21782,-120.0,-10.5,10,3218.728930250252,195.26972802701732,60.0,30,Grassland,0.8,134.0,0.8347011117784134
2.0,Gateway_3,42.47085189819335,-9.01188850402832,71.0999984741211,1577070554.21782,-110.0,7.2,10,5216.489303428078,195.26972802701732,60.0,30,Grassland,0.8,124.0,0.9998608558344383
2.0,Gateway_1,42.47093200583594,-9.01153387298584,70.9000015258789,1577070570.899057,-71.0,11.2,9,207.27089018053678,177.92416016115638,62.0,30,Grassland,0.8,85.0,0.9999236360628451
2.0,Gateway_3,42.47093200583594,-9.01153387298584,70.9000015258789,1577070570.899057,-115.0,0.0,9,5226.412158621094,177.92416016115638,62.0,30,Grassland,0.8,129.0,0.9932620530009145
2.0,Gateway_1,42.47084425879883,-9.011433501379395,71.5999984741211,1577070587.758944,-75.0,14.2,8,207.60248886074922,166.79101742145818,61.0,30,Grassland,0.8,89.0,0.9999374784962252
2.0,Gateway_2,42.47084425879883,-9.011433501379395,71.5999984741211,1577070587.758944,-120.0,-7.8,8,3214.6837426709662,166.79101742145818,61.0,30,Grassland,0.8,134.0,0.5852170883184187
2.0,Gateway_3,42.47084425879883,-9.011433501379395,71.5999984741211,1577070587.758944,-111.0,7.5,8,5239.156584630081,166.79101742145818,61.0,30,Grassland,0.8,125.0,0.9990881180344455
2.0,Gateway_1,42.47083282470703,-9.011185599731444,71.5999984741211,1577070704.55925,-101.0,12.0,7,223.5183042081644,152.28762402985936,61.0,30,Grassland,0.8,115.0,0.9995902650210202
2.0,Gateway_2,42.47083282470703,-9.011185599731444,71.5999984741211,1577070704.55925,-118.0,-2.8,7,3213.457311295557,152.28762402985936,61.0,30,Grassland,0.8,132.0,0.8474098942431161
2.0,Gateway_1,42.47079849243154,-9.010957717895508,75.5999984741211,1577070724.053118,-101.0,5.8,12,237.41914261269338,140.6627505796325,61.0,30,Grassland,0.8,115.0,0.9999670328847198
2.0,Gateway_2,42.47079849243154,-9.010957717895508,75.5999984741211,1577070724.053118,-118.0,-10.2,12,3215.1580152436363,140.6627505796325,61.0,30,Grassland,0.8,132.0,0.9801589052556298
2.0,Gateway_1,42.47084425879883,-9.010825157155528,59.19999594824219,1577070741.915955,-92.0,10.5,11,249.76597980179403,130.01774689399363,61.0,30,Grassland,0.8,106.0,0.9999863258039343
2.0,Gateway_2,42.47084425879883,-9.010825157155528,59.19999594824219,1577070741.915955,-120.0,-8.2,11,3208.5741416968,130.01774689399363,61.0,30,Grassland,0.8,134.0,0.9757660321543089
2.0,Gateway_1,42.47085715598242,-9.010879515501552,57.5999984741211,1577070759.222495,-105.0,9.8,10,246.7380915365986,132.72221445980776,61.0,30,Grassland,0.8,119.0,0.9999508188432149
2.0,Gateway_2,42.47085715598242,-9.010879515501552,57.5999984741211,1577070759.222495,-113.0,5.5,10,3207.6177655618567,132.72221445980776,61.0,30,Grassland,0.8,127.0,0.9997253464300279
2.0,Gateway_1,42.470890045155016,-9.010920524597157,71.0999984741211,1577070775.914285,-95.0,13.8,9,245.29162640190864,143.3908422099283,60.0,30,Grassland,0.8,109.0,0.9999730088088798
2.0,Gateway_2,42.470890045155016,-9.010920524597157,71.0999984741211,1577070775.914285,-110.0,5.8,9,3204.6147854322626,143.3908422099283,60.0,30,Grassland,0.8,124.0,0.9993378377887877
2.0,Gateway_1,42.47088241577149,-9.0109224319458,75.5999959482422,1577070792.779375,-95.0,13.8,8,244.71682163539813,145.182627510573,60.0,30,Grassland,0.8,109.0,0.9999266303356495
2.0,Gateway_2,42.47088241577149,-9.0109224319458,75.5999959482422,1577070792.779375,-112.0,5.0,8,3205.57030431468,145.182627510573,60.0,30,Grassland,0.8,126.0,0.9975212478233336
2.0,Gateway_1,42.47085334228516,-9.010935737050549,82.9000015258789,1577070809.557455,-95.0,13.2,7,242.28148113144516,147.578979286048,61.0,30,Grassland,0.8,109.0,0.9997464627999653
2.0,Gateway_2,42.47085334228516,-9.010935737050549,82.9000015258789,1577070809.557455,-110.0,5.8,7,3209.0705639941275,147.578979286048,61.0,30,Grassland,0.8,124.0,0.9951072462747605
2.0,Gateway_1,42.47088523045875,-9.010918517248536,79.0999984741211,1577070829.051337,-94.0,5.8,12,245.21735929176322,147.07854522223917,60.0,30,Grassland,0.8,108.0,0.9999670328847198
2.0,Gateway_2,42.47088523045875,-9.010918517248536,79.0999984741211,1577070829.051337,-108.0,3.5,12,3205.3025363376373,147.07854522223917,60.0,30,Grassland,0.8,122.0,0.9999172759344434
2.0,Gateway_1,42.470890045155016,-9.010915709899901,79.19999594824219,1577070845.892559,-95.0,7.2,11,245.69839026016123,147.37222175036487,60.0,30,Grassland,0.8,109.0,0.9999488117221309
2.0,Gateway_2,42.470890045155016,-9.010915709899901,79.19999594824219,1577070845.892559,-108.0,5.8,11,3204.7476291078683,147.37222175036487,60.0,30,Grassland,0.8,122.0,0.999910386089597
2.0,Gateway_1,42.47089757455055,-9.010909080505373,79.0,1577070854.202591,-95.0,10.0,10,246.5986875130057,147.55067193822782,60.0,30,Grassland,0.8,109.0,0.9999546000702375
2.0,Gateway_2,42.47089757455055,-9.010909080505373,79.0,1577070854.202591,-109.0,5.2,10,3203.850973353044,147.55067193822782,60.0,30,Grassland,0.8,123.0,0.9996903289645813
2.0,Gateway_1,42.47090148925781,-9.010900497435523,72.30000305175781,1577070880.901452,-95.0,13.0,9,247.35570001135002,144.01164019828994,60.0,30,Grassland,0.8,109.0,0.9999628296813159
2.0,Gateway_2,42.47090148925781,-9.010900497435523,72.30000305175781,1577070880.901452,-111.0,5.2,9,3203.192147359366,144.01164019828994,60.0,30,Grassland,0.8,125.0,0.9991582268516215
2.0,Gateway_1,42.47089757455055,-9.010891914357575,58.59999594824219,1577070897.753095,-94.0,13.5,8,248.1415850637227,136.94916275983041,60.0,30,Grassland,0.8,108.0,0.9999172759344434
2.0,Gateway_2,42.47089757455055,-9.010891914357575,58.59999594824219,1577070897.753095,-113.0,4.0,8,3203.286754003991,136.94916275983041,60.0,30,Grassland,0.8,127.0,0.996302136283517
2.0,Gateway_1,42.47087850107422,-9.010908125831056,72.5999959482422,1577070914.572374,-99.0,12.2,7,245.47525266142463,142.72779525135093,60.0,30,Grassland,0.8,113.0,0.9996217669432174
2.0,Gateway_2,42.47087850107422,-9.010908125831056,72.5999959482422,1577070914.572374,-119.0,-4.2,7,3205.8056541683354,142.72779525135093,60.0,30,Grassland,0.8,133.0,0.7328646980341497
2.0,Gateway_1,42.47089757455055,-9.01090145111084,70.5,1577070934.015831,-97.0,5.8,12,247.0703740952927,142.85318040721037,60.0,30,Grassland,0.8,111.0,0.9999670328847198
2.0,Gateway_2,42.47089757455055,-9.01090145111084,70.5,1577070934.015831,-119.0,-3.5,12,3203.5956430638057,142.85318040721037,60.0,30,Grassland,0.8,133.0,0.9986396319624521
2.0,Gateway_1,42.47089757455055,-9.010903358459473,70.9000015258789,1577070951.905222,-95.0,5.8,11,246.93360275474555,143.13235995633474,60.0,30,Grassland,0.8,109.0,0.999910386089597
2.0,Gateway_2,42.47089757455055,-9.010903358459473,70.9000015258789,1577070951.905222,-113.0,2.8,11,3203.621403502981,143.13235995633474,60.0,30,Grassland,0.8,127.0,0.9997024713395585
2.0,Gateway_1,42.47090530395508,-9.010908125831056,74.5,1577070959.184052,-95.0,11.2,10,247.05330438971515,145.7417844434947,60.0,30,Grassland,0.8,109.0,0.9999719072774738
2.0,Gateway_2,42.47090530395508,-9.010908125831056,74.5,1577070959.184052,-112.0,5.2,10,3202.888407836769,145.7417844434947,60.0,30,Grassland,0.8,126.0,0.9996903289645813
2.0,Gateway_1,42.47091574804588,-9.010907173155738,75.0,1577070985.892008,-94.0,10.0,9,247.74319696051404,146.75968455592889,60.0,30,Grassland,0.8,108.0,0.9998765901959134
2.0,Gateway_2,42.47091574804588,-9.010907173155738,75.0,1577070985.892008,-111.0,4.8,9,3201.737951023978,146.75968455592889,60.0,30,Grassland,0.8,125.0,0.9990121700594687
2.0,Gateway_1,42.47091293334951,-9.010903358459473,73.4000015258789,1577071002.794759,-95.0,15.0,8,247.83299784151592,145.57040572045767,60.0,30,Grassland,0.8,109.0,0.9999546000702375
2.0,Gateway_2,42.47091293334951,-9.010903358459473,73.4000015258789,1577071002.794759,-111.0,7.0,8,3201.978834850847,145.57040572045767,60.0,30,Grassland,0.8,125.0,0.9988862248521552
2.0,Gateway_1,42.470909118552335,-9.01089859008789,72.5,1577071019.559258,-97.0,12.8,7,247.9386332059218,144.62211146234142,60.0,30,Grassland,0.8,111.0,0.9997024713395585
2.0,Gateway_2,42.470909118552335,-9.01089859008789,72.5,1577071019.559258,-112.0,5.5,7,3202.336835687563,144.62211146234142,60.0,30,Grassland,0.8,126.0,0.9944834355792392
2.0,Gateway_1,42.470909118552335,-9.010894775390524,71.80000305175781,1577071039.052253,-95.0,8.8,12,248.20657165810331,144.112034955967,60.0,30,Grassland,0.8,109.0,0.9999900704956941
2.0,Gateway_2,42.470909118552335,-9.010894775390524,71.80000305175781,1577071039.052253,-109.0,5.5,12,3202.2870748421365,144.112034955967,60.0,30,Grassland,0.8,123.0,0.9999628296813159
2.0,Gateway_3,42.470909118552335,-9.010894775390524,71.80000305175781,1577071039.052253,-120.0,-20.5,12,5259.613763289513,144.112034955967,60.0,30,Grassland,0.8,134.0,0.0
2.0,Gateway_1,42.47088523045875,-9.010919570922852,74.9000015258789,1577071055.903211,-95.0,7.2,11,245.07525733526998,144.9082372771331,60.0,30,Grassland,0.8,109.0,0.9999488117221309
2.0,Gateway_2,42.47088523045875,-9.010919570922852,74.9000015258789,1577071055.903211,-110.0,5.8,11,3205.2179225525842,144.9082372771331,60.0,30,Grassland,0.8,124.0,0.999910386089597
2.0,Gateway_1,42.47088523045875,-9.010909080505373,75.0,1577071074.181409,-95.0,11.5,10,245.80901324703768,144.5117622469311,60.0,30,Grassland,0.8,109.0,0.9999750839902685
2.0,Gateway_2,42.47088523045875,-9.010909080505373,75.0,1577071074.181409,-112.0,5.0,10,3205.123323855275,144.5117622469311,60.0,30,Grassland,0.8,126.0,0.9996645373720975
2.0,Gateway_1,42.470890045155016,-9.010905255808105,75.9000015258789,1577071090.915727,-94.0,10.0,9,246.36713609635967,145.18263564317388,60.0,30,Grassland,0.8,108.0,0.9998765901959134
2.0,Gateway_1,42.47089385985328,-9.01089859008789,74.80000305175781,1577071107.751945,-93.0,15.0,8,247.04586781711592,144.6197737161919,60.0,30,Grassland,0.8,107.0,0.9999546000702375
2.0,Gateway_2,42.47089385985328,-9.01089859008789,74.80000305175781,1577071107.751945,-111.0,5.5,8,3204.0700746243306,144.6197737161919,60.0,30,Grassland,0.8,125.0,0.9979705693637043
2.0,Gateway_1,42.47089385985328,-9.010892858041991,73.5,1577071124.589805,-95.0,12.8,7,247.44031625881732,143.710267921187,60.0,30,Grassland,0.8,109.0,0.9997024713395585
2.0,Gateway_2,42.47089385985328,-9.010892858041991,73.5,1577071124.589805,-112.0,5.0,7,3203.9893419036403,143.710267921187,60.0,30,Grassland,0.8,126.0,0.9932620530009145
2.0,Gateway_1,42.47088241577149,-9.01089572905494,72.5,1577071144.053738,-110.0,2.5,12,246.57161295315962,142.44486372356357,60.0,30,Grassland,0.8,124.0,0.9998765901959134
2.0,Gateway_2,42.47088241577149,-9.01089572905494,72.5,1577071144.053738,-111.0,3.0,12,3205.25748733933,142.44486372356357,60.0,30,Grassland,0.8,125.0,0.9998989605981629
2.0,Gateway_1,42.47088241577149,-9.01089859008789,70.19999594824219,1577071151.891529,-99.0,8.5,11,246.3866039695314,141.41091693101177,60.0,30,Grassland,0.8,113.0,0.9999695675169916
2.0,Gateway_2,42.47088241577149,-9.01089859008789,70.19999594824219,1577071151.891529,-107.0,5.5,11,3205.236166983634,141.41091693101177,60.0,30,Grassland,0.8,121.0,0.9998989605981629
2.0,Gateway_1,42.47088523045875,-9.010897535413575,72.9000015258789,1577071179.184511,-93.0,11.5,10,246.6085438153572,142.94054424763232,60.0,30,Grassland,0.8,107.0,0.9999750839902685
2.0,Gateway_2,42.47088523045875,-9.010897535413575,72.9000015258789,1577071179.184511,-108.0,8.5,10,3204.971899759789,142.94054424763232,60.0,30,Grassland,0.8,122.0,0.9999172759344434
2.0,Gateway_1,42.470890045155016,-9.010890007019045,73.9000015258789,1577071195.915825,-95.0,12.2,9,247.4178861662849,143.50350337135396,60.0,30,Grassland,0.8,109.0,0.9999488117221309
2.0,Gateway_2,42.470890045155016,-9.010890007019045,73.9000015258789,1577071195.915825,-119.0,-1.2,9,3204.3927447186907,143.50350337135396,60.0,30,Grassland,0.8,133.0,0.9891109763314455
2.0,Gateway_1,42.47089757455055,-9.010892858041991,74.30000305175781,1577071212.75325,-93.0,14.0,8,247.66091678214542,144.40566069390857,60.0,30,Grassland,0.8,107.0,0.9999322712635091
2.0,Gateway_2,42.47089757455055,-9.010892858041991,74.30000305175781,1577071212.75325,-111.0,5.8,8,3203.5965864150457,144.40566069390857,60.0,30,Grassland,0.8,125.0,0.9982000564937694
2.0,Gateway_1,42.47089385985328,-9.01088809957041,71.80000305175781,1577071229.558424,-95.0,11.5,7,247.7753831945554,142.64752796070493,60.0,30,Grassland,0.8,109.0,0.9994995485665594
2.0,Gateway_2,42.47089385985328,-9.01088809957041,71.80000305175781,1577071229.558424,-115.0,0.2,7,3203.909769833377,142.64752796070493,60.0,30,Grassland,0.8,129.0,0.9540407433509558
2.0,Gateway_1,42.47088523045875,-9.010891914357575,71.9000015258789,1577071249.075083,-95.0,8.5,12,247.00456381345722,142.19413655992233,60.0,30,Grassland,0.8,109.0,0.9999888045151574
2.0,Gateway_2,42.47088523045875,-9.010891914357575,71.9000015258789,1577071249.075083,-113.0,2.8,12,3204.8992403010457,142.19413655992233,60.0,30,Grassland,0.8,127.0,0.9998905453226643
2.0,Gateway_1,42.47085715598242,-9.010894775390524,74.0999984741211,1577071255.894533,-94.0,7.8,11,245.18308107099227,141.3200228557693,61.0,30,Grassland,0.8,108.0,0.9999597338744681
2.0,Gateway_2,42.47085715598242,-9.010894775390524,74.0999984741211,1577071255.894533,-112.0,2.8,11,3208.0705474456217,141.3200228557693,61.0,30,Grassland,0.8,126.0,0.9997024713395585
2.0,Gateway_1,42.47085952758789,-9.01088047027588,55.30000305175781,1577071284.18371,-95.0,11.5,10,246.96001419587404,131.97392941221602,61.0,30,Grassland,0.8,109.0,0.9999750839902685
2.0,Gateway_2,42.47085952758789,-9.01088047027588,55.30000305175781,1577071284.18371,-112.0,4.2,10,3207.32783009265,131.97392941221602,61.0,30,Grassland,0.8,126.0,0.9995380251012184
2.0,Gateway_1,42.470848083495085,-9.010872840881348,51.900001525878906,1577071300.902934,-95.0,11.2,9,247.1164144115584,129.309845356241,61.0,30,Grassland,0.8,109.0,0.9999236360628451
2.0,Gateway_2,42.470848083495085,-9.010872840881348,51.900001525878906,1577071300.902934,-112.0,3.0,9,3208.4698164155247,129.309845356241,61.0,30,Grassland,0.8,126.0,0.9979705693637043
2.0,Gateway_1,42.470855712890526,-9.010885238547452,58.0,1577071317.759115,-98.0,14.0,8,246.22813138755268,133.0384570811627,61.0,30,Grassland,0.8,112.0,0.9999322712635091
2.0,Gateway_1,42.47087478537595,-9.010895582739257,77.4000015258789,1577071334.571153,-95.0,13.0,7,246.17789846812326,144.42240261377606,60.0,30,Grassland,0.8,109.0,0.9997253464300279
2.0,Gateway_2,42.47087478537595,-9.010895582739257,77.4000015258789,1577071334.571153,-110.0,5.2,7,3206.2051596200895,144.42240261377606,60.0,30,Grassland,0.8,124.0,0.9937800909840574
2.0,Gateway_1,42.47085334228516,-9.010903358459473,75.19999594824219,1577071354.055272,-98.0,5.8,12,244.36729959384576,141.98402387091545,61.0,30,Grassland,0.8,112.0,0.9999670328847198
2.0,Gateway_2,42.47085334228516,-9.010903358459473,75.19999594824219,1577071354.055272,-115.0,0.8,12,3208.5941420062545,141.98402387091545,61.0,30,Grassland,0.8,129.0,0.9997564041357744
2.0,Gateway_1,42.47085189819335,-9.010893821715309,72.0999984741211,1577071371.889845,-95.0,7.2,11,244.94918629330408,139.84467886151867,61.0,30,Grassland,0.8,109.0,0.9999488117221309
2.0,Gateway_2,42.47085189819335,-9.010893821715309,72.0999984741211,1577071371.889845,-118.0,-1.8,11,3208.5996159234114,139.84467886151867,61.0,30,Grassland,0.8,132.0,0.9981265994057775
2.0,Gateway_1,42.470848083495085,-9.010890007019045,55.0,1577071389.210898,-94.0,9.5,10,245.66015157932586,131.36622258929253,61.0,30,Grassland,0.8,108.0,0.9999445484005678
2.0,Gateway_2,42.470848083495085,-9.010890007019045,55.0,1577071389.210898,-117.0,-3.0,10,3208.673638273986,131.36622258929253,61.0,30,Grassland,0.8,131.0,0.99177025295098
2.0,Gateway_1,42.47087478537595,-9.01088809957041,71.19999594824219,1577071405.92343,-101.0,12.0,9,246.67057086728406,140.8766808213383,60.0,30,Grassland,0.8,115.0,0.9999445484005678
2.0,Gateway_2,42.47087478537595,-9.01088809957041,71.19999594824219,1577071405.92343,-115.0,1.5,9,3206.0024840062465,140.8766808213383,60.0,30,Grassland,0.8,129.0,0.996302136283517
2.0,Gateway_1,42.47087850107422,-9.010908125831056,82.5999959482422,1577071422.752845,-97.0,11.8,8,245.66257262382297,148.06492986617863,60.0,30,Grassland,0.8,111.0,0.9998367128090782
2.0,Gateway_2,42.47087850107422,-9.010908125831056,82.5999959482422,1577071422.752845,-112.0,4.8,8,3206.032110290949,148.06492986617863,60.0,30,Grassland,0.8,126.0,0.9973147998230462
2.0,Gateway_1,42.47085715598242,-9.010913848875951,77.19999594824219,1577071439.584784,-95.0,12.5,7,243.87375648145323,143.78345403307208,61.0,30,Grassland,0.8,109.0,0.9996645373720975
2.0,Gateway_2,42.47085715598242,-9.010913848875951,77.19999594824219,1577071439.584784,-119.0,-5.2,7,3208.314212287216,143.78345403307208,61.0,30,Grassland,0.8,133.0,0.6014809589154858
2.0,Gateway_1,42.47085952758789,-9.01089572905494,71.19999594824219,1577071459.045025,-95.0,8.5,12,245.25586975997174,140.04200600848668,61.0,30,Grassland,0.8,109.0,0.9999888045151574
2.0,Gateway_2,42.47085952758789,-9.01089572905494,71.19999594824219,1577071459.045025,-115.0,-0.5,12,3207.7564040814073,140.04200600848668,61.0,30,Grassland,0.8,129.0,0.9995902650210202
2.0,Gateway_1,42.47088241577149,-9.01089095059335,74.5999959482422,1577071475.873417,-95.0,7.5,11,246.91115383835586,143.3237893125978,60.0,30,Grassland,0.8,109.0,0.9999546000702375
2.0,Gateway_2,42.47088241577149,-9.01089095059335,74.5999959482422,1577071475.873417,-117.0,-0.2,11,3205.2585275968213,143.3237893125978,60.0,30,Grassland,0.8,131.0,0.9990121700594687
2.0,Gateway_1,42.47088523045875,-9.010875701904297,73.4000015258789,1577071494.208594,-94.0,12.5,10,248.13897282968227,142.27899109969903,60.0,30,Grassland,0.8,108.0,0.9999832982992097
2.0,Gateway_2,42.47088523045875,-9.010875701904297,73.4000015258789,1577071494.208594,-110.0,5.5,10,3204.7823608792146,142.27899109969903,60.0,30,Grassland,0.8,124.0,0.9997253464300279
2.0,Gateway_1,42.47088241577149,-9.010882377524512,73.0,1577071510.895758,-95.0,12.2,9,247.50717928007464,142.13631336684833,60.0,30,Grassland,0.8,109.0,0.9999488117221309
2.0,Gateway_2,42.47088241577149,-9.010882377524512,73.0,1577071510.895758,-112.0,5.5,9,3205.145592176091,142.13631336684833,60.0,30,Grassland,0.8,126.0,0.9992534141916233
2.0,Gateway_1,42.470890045155016,-9.01089859008789,80.0999984741211,1577071527.750852,-93.0,12.8,8,246.91801094028418,147.14577420821058,60.0,30,Grassland,0.8,107.0,0.9998905453226643
2.0,Gateway_2,42.470890045155016,-9.01089859008789,80.0999984741211,1577071527.750852,-115.0,1.0,8,3204.610887101094,147.14577420821058,60.0,30,Grassland,0.8,129.0,0.9877226600969315
2.0,Gateway_1,42.47087850107422,-9.010905219482423,84.0,1577071544.554558,-92.0,13.8,7,245.9246270153842,148.73070108831647,60.0,30,Grassland,0.8,106.0,0.9998005605746358
2.0,Gateway_2,42.47087850107422,-9.010905219482423,84.0,1577071544.554558,-109.0,7.8,7,3206.039543279157,148.73070108831647,60.0,30,Grassland,0.8,123.0,0.9978015440369574
2.0,Gateway_1,42.47087097157959,-9.010907173155738,80.5,1577071554.015437,-98.0,7.0,12,245.21905616575037,146.309526511952,60.0,30,Grassland,0.8,112.0,0.9999796004965888
2.0,Gateway_2,42.47087097157959,-9.010907173155738,80.5,1577071554.015437,-108.0,3.8,12,3206.8040979305765,146.309526511952,60.0,30,Grassland,0.8,122.0,0.9999266303356495
2.0,Gateway_1,42.47089757455055,-9.01090145111084,75.5,1577071581.908578,-98.0,8.2,11,247.0703740952927,145.38580106893176,60.0,30,Grassland,0.8,112.0,0.9999656874712223
2.0,Gateway_2,42.47089757455055,-9.01090145111084,75.5,1577071581.908578,-111.0,2.2,11,3203.7017720532913,145.38580106893176,60.0,30,Grassland,0.8,125.0,0.9996217669432174
2.0,Gateway_1,42.47088241577149,-9.010902404785156,72.4000015258789,1577071599.218075,-95.0,12.8,10,246.10430509010203,142.678772102648,60.0,30,Grassland,0.8,109.0,0.9999851869202412
2.0,Gateway_2,42.47088241577149,-9.010902404785156,72.4000015258789,1577071599.218075,-119.0,-7.8,10,3205.316754021231,142.678772102648,60.0,30,Grassland,0.8,133.0,0.9438652371658663
2.0,Gateway_1,42.47087097157959,-9.010903358459473,74.5,1577071515.91558,-98.0,12.8,9,245.3766269719526,142.93273845456014,60.0,30,Grassland,0.8,112.0,0.9999597338744681
2.0,Gateway_2,42.47087097157959,-9.010903358459473,74.5,1577071515.91558,-117.0,0.2,9,3206.6333419755456,142.93273845456014,60.0,30,Grassland,0.8,131.0,0.9937800909840574
2.0,Gateway_1,42.47088523045875,-9.01089572905494,74.4000015258789,1577071532.750512,-93.0,12.8,8,246.73895211760197,143.63509952884468,60.0,30,Grassland,0.8,107.0,0.9998905453226643
2.0,Gateway_2,42.47088523045875,-9.01089572905494,74.4000015258789,1577071532.750512,-110.0,5.0,8,3204.987431008535,143.63509952884468,60.0,30,Grassland,0.8,124.0,0.9975212478233336
2.0,Gateway_1,42.470909118552335,-9.010883331298828,74.0999984741211,1577071549.701551,-95.0,13.2,7,249.00339826870737,144.79719649730006,60.0,30,Grassland,0.8,109.0,0.9997464627999653
2.0,Gateway_2,42.470909118552335,-9.010883331298828,74.0999984741211,1577071549.701551,-110.0,7.8,7,3202.2308145765974,144.79719649730006,60.0,30,Grassland,0.8,124.0,0.9978015440369574
2.0,Gateway_1,42.47087478537595,-9.010871887207031,55.5999984741211,1577071559.041523,-82.0,8.2,12,248.41390735857118,132.94805758262592,60.0,30,Grassland,0.8,96.0,0.9999873771260881
2.0,Gateway_2,42.47087478537595,-9.010871887207031,55.5999984741211,1577071559.041523,-110.0,3.5,12,3205.569930483575,132.94805758262592,60.0,30,Grassland,0.8,124.0,0.9999172759344434
2.0,Gateway_1,42.47094345092773,-9.01055145253572,55.59999594824219,1577071585.913275,-95.0,8.8,11,274.94190099743076,127.00869920762969,58.0,30,Grassland,0.8,109.0,0.9999730088088798
2.0,Gateway_2,42.47094345092773,-9.01055145253572,55.59999594824219,1577071585.913275,-103.0,8.0,11,3195.163826967698,127.00869920762969,58.0,30,Grassland,0.8,117.0,0.9999628296813159
2.0,Gateway_3,42.47094345092773,-9.01055145253572,55.59999594824219,1577071585.913275,-119.0,-7.8,11,5273.329646609345,127.00869920762969,58.0,30,Grassland,0.8,133.0,0.9793491748182874
2.0,Gateway_1,42.4709358215332,-9.01032829284558,58.30000305175781,1577071704.192728,-114.0,1.2,10,290.45271752428164,122.20506923217879,55.0,30,Grassland,0.8,128.0,0.9984661893206755
2.0,Gateway_2,42.4709358215332,-9.01032829284558,58.30000305175781,1577071704.192728,-105.0,12.5,10,3194.2093158842117,122.20506923217879,55.0,30,Grassland,0.8,119.0,0.9999832982992097
2.0,Gateway_3,42.4709358215332,-9.01032829284558,58.30000305175781,1577071704.192728,-119.0,-5.0,10,5285.043121814693,122.20506923217879,55.0,30,Grassland,0.8,133.0,0.9816843611112658
2.0,Gateway_1,42.47093200583594,-9.01024527585546,55.19999594824219,1577071720.908298,-103.0,9.2,9,296.4813607307328,119.04728791232634,55.0,30,Grassland,0.8,117.0,0.999830048932401
2.0,Gateway_2,42.47093200583594,-9.01024527585546,55.19999594824219,1577071720.908298,-83.0,13.0,9,3193.922622661888,119.04728791232634,55.0,30,Grassland,0.8,97.0,0.9999628296813159
2.0,Gateway_3,42.47093200583594,-9.01024527585546,55.19999594824219,1577071720.908298,-120.0,-9.0,9,5289.476916649598,119.04728791232634,55.0,30,Grassland,0.8,134.0,0.7534030360583935
2.0,Gateway_1,42.47079849243154,-9.010089874257577,55.400001525878906,1577071737.752288,-103.0,11.5,8,301.6958228944804,104.83896047154468,56.0,30,Grassland,0.8,117.0,0.9998158942063324
2.0,Gateway_2,42.47079849243154,-9.010089874257577,55.400001525878906,1577071737.752288,-85.0,12.2,8,3207.4997906666754,104.83896047154468,56.0,30,Grassland,0.8,99.0,0.9998608558344383
2.0,Gateway_3,42.47079849243154,-9.010089874257577,55.400001525878906,1577071737.752288,-119.0,-5.5,8,5309.014469796307,104.83896047154468,56.0,30,Grassland,0.8,133.0,0.8347011117784134
2.0,Gateway_1,42.470750345458974,-9.010015487570898,50.0,1577071754.554884,-89.0,11.8,7,305.6224436730746,97.20533411694966,56.0,30,Grassland,0.8,103.0,0.9995561393960971
2.0,Gateway_2,42.470750345458974,-9.010015487570898,50.0,1577071754.554884,-112.0,4.5,7,3212.1952608539914,97.20533411694966,56.0,30,Grassland,0.8,126.0,0.99177025295098
2.0,Gateway_1,42.47055115333008,-9.010024070739744,59.19999594824219,1577071774.047428,-101.0,5.5,12,296.80492939738093,85.18725604617967,57.0,30,Grassland,0.8,115.0,0.9999628296813159
2.0,Gateway_2,42.47055115333008,-9.010024070739744,59.19999594824219,1577071774.047428,-108.0,4.8,12,3234.436267722032,85.18725604617967,57.0,30,Grassland,0.8,122.0,0.9999508188432149
2.0,Gateway_3,42.47055115333008,-9.010024070739744,59.19999594824219,1577071774.047428,-119.0,-21.5,12,5334.233120017549,85.18725604617967,57.0,30,Grassland,0.8,133.0,0.0
2.0,Gateway_1,42.470538275145486,-9.010015487570898,70.0,1577071791.910784,-104.0,7.2,11,296.7286240002833,92.0696151144042,57.0,30,Grassland,0.8,118.0,0.9999488117221309
2.0,Gateway_2,42.470538275145486,-9.010015487570898,70.0,1577071791.910784,-107.0,5.8,11,3235.9975129015893,92.0696151144042,57.0,30,Grassland,0.8,121.0,0.999910386089597
2.0,Gateway_3,42.470538275145486,-9.010015487570898,70.0,1577071791.910784,-120.0,-15.0,11,5335.868752916316,92.0696151144042,57.0,30,Grassland,0.8,134.0,0.6321205588285577
2.0,Gateway_1,42.47052583105459,-9.010010719299316,70.80000305175781,1577071809.182009,-84.0,12.8,10,296.6749344493933,91.7889661049803,57.0,30,Grassland,0.8,98.0,0.9999851869202412
2.0,Gateway_2,42.47052583105459,-9.010010719299316,70.80000305175781,1577071809.182009,-100.0,9.8,10,3237.355738985443,91.7889661049803,57.0,30,Grassland,0.8,114.0,0.9999508188432149
2.0,Gateway_3,42.47052583105459,-9.010010719299316,70.80000305175781,1577071809.182009,-117.0,-2.0,10,5337.2152693435855,91.7889661049803,57.0,30,Grassland,0.8,131.0,0.9944834355792392
2.0,Gateway_1,42.47052301535742,-9.010022153391112,58.5999984741211,1577071825.895354,-95.0,14.2,9,296.02636343739545,82.53868709926705,57.0,30,Grassland,0.8,109.0,0.9999769996241301
2.0,Gateway_2,42.47052301535742,-9.010022153391112,58.5999984741211,1577071825.895354,-104.0,11.0,9,3237.525263865076,82.53868709926705,57.0,30,Grassland,0.8,118.0,0.9999172759344434
2.0,Gateway_1,42.47053445044922,-9.01003545850585,57.30000305175781,1577071842.753285,-94.0,13.8,8,295.43737798524785,82.5612445168738,57.0,30,Grassland,0.8,108.0,0.9999266303356495
2.0,Gateway_2,42.47053445044922,-9.01003545850585,57.30000305175781,1577071842.753285,-103.0,11.5,8,3236.3358661655693,82.5612445168738,57.0,30,Grassland,0.8,117.0,0.9998158942063324
2.0,Gateway_3,42.47053445044922,-9.01003545850585,57.30000305175781,1577071842.753285,-117.0,-1.2,8,5335.14418916292,82.5612445168738,57.0,30,Grassland,0.8,131.0,0.970400564832108
2.0,Gateway_1,42.47051538595289,-9.010025024414052,55.30000305175781,1577071859.579932,-104.0,11.2,7,295.7262412904668,79.62364425039742,57.0,30,Grassland,0.8,118.0,0.9994357425844274
2.0,Gateway_2,42.47051538595289,-9.010025024414052,55.30000305175781,1577071859.579932,-109.0,8.8,7,3238.337260927787,79.62364425039742,57.0,30,Grassland,0.8,123.0,0.998526330897646
2.0,Gateway_1,42.47052301535742,-9.010011572973532,70.4000015258789,1577071879.04112,-99.0,5.2,12,296.5170055308991,91.28210082272007,57.0,30,Grassland,0.8,113.0,0.9999580905827115
2.0,Gateway_2,42.47052301535742,-9.010011572973532,70.4000015258789,1577071879.04112,-109.0,4.5,12,3237.6653141196407,91.28210082272007,57.0,30,Grassland,0.8,123.0,0.9999445484005678
2.0,Gateway_3,42.47052301535742,-9.010011572973532,70.4000015258789,1577071879.04112,-119.0,-12.8,12,5337.420179746617,91.28210082272007,57.0,30,Grassland,0.8,133.0,0.9438652371658662
2.0,Gateway_1,42.47052583105459,-9.01002311705543,71.30000305175781,1577071895.900785,-105.0,8.0,11,295.6997747507365,92.19057098863075,57.0,30,Grassland,0.8,119.0,0.9999628296813159
2.0,Gateway_2,42.47052583105459,-9.01002311705543,71.30000305175781,1577071895.900785,-107.0,5.8,11,3237.4559479498494,92.19057098863075,57.0,30,Grassland,0.8,121.0,0.999910386089597
2.0,Gateway_3,42.47052583105459,-9.01002311705543,71.30000305175781,1577071895.900785,-119.0,-8.8,11,5336.606632595964,92.19057098863075,57.0,30,Grassland,0.8,133.0,0.9691925889672489
2.0,Gateway_1,42.47055579589844,-9.010017395019531,75.30000305175781,1577071914.159189,-103.0,9.2,10,297.17529578434375,97.38511276690869,57.0,30,Grassland,0.8,117.0,0.9999374784962252
2.0,Gateway_2,42.47055579589844,-9.010017395019531,75.30000305175781,1577071914.159189,-89.0,12.2,10,3234.183986879854,97.38511276690869,57.0,30,Grassland,0.8,103.0,0.9999811688849429
2.0,Gateway_3,42.47055579589844,-9.010017395019531,75.30000305175781,1577071914.159189,-105.0,9.2,10,5334.26020184059,97.38511276690869,57.0,30,Grassland,0.8,119.0,0.9999374784962252
2.0,Gateway_1,42.47077550424805,-9.00971508025123,51.79999923705055,1577071930.912477,-78.0,10.8,9,329.452595291505,103.21435088196722,52.0,30,Grassland,0.8,92.0,0.999910386089597
2.0,Gateway_2,42.47077550424805,-9.00971508025123,51.79999923705055,1577071930.912477,-92.0,10.5,9,3207.332959442856,103.21435088196722,52.0,30,Grassland,0.8,106.0,0.9998989605981629
2.0,Gateway_3,42.47077550424805,-9.00971508025123,51.79999923705055,1577071930.912477,-115.0,-0.2,9,5329.662128779725,103.21435088196722,52.0,30,Grassland,0.8,129.0,0.9927008691532114
2.0,Gateway_1,42.470750345458974,-9.009587423705057,54.5999984741211,1577071947.747247,-79.0,13.8,8,338.14190869091993,105.25975788594616,48.0,30,Grassland,0.8,93.0,0.9999266303356495
2.0,Gateway_3,42.470750345458974,-9.009587423705057,54.5999984741211,1577071947.747247,-111.0,7.2,8,5338.263769360266,105.25975788594616,48.0,30,Grassland,0.8,125.0,0.9989718559548253
2.0,Gateway_1,42.47100448508398,-9.00950535138915,58.80000305175781,1577071954.581332,-82.0,13.0,7,354.67617940571733,132.52335395533703,46.0,30,Grassland,0.8,96.0,0.9997253464300279
2.0,Gateway_2,42.47100448508398,-9.00950535138915,58.80000305175781,1577071954.581332,-97.0,12.8,7,3180.7274439173784,132.52335395533703,46.0,30,Grassland,0.8,111.0,0.9997024713395585
2.0,Gateway_3,42.47100448508398,-9.00950535138915,58.80000305175781,1577071954.581332,-108.0,8.2,7,5319.996896779697,132.52335395533703,46.0,30,Grassland,0.8,122.0,0.9981265994057775
2.0,Gateway_1,42.47110355821289,-9.00979232788085,71.0,1577071984.05222,-80.0,12.0,12,337.7931251480982,142.68841200206114,49.0,30,Grassland,0.8,94.0,0.999997239227428
2.0,Gateway_2,42.47110355821289,-9.00979232788085,71.0,1577071984.05222,-100.0,7.2,12,3171.8886820061575,142.68841200206114,49.0,30,Grassland,0.8,114.0,0.9999811688849429
2.0,Gateway_3,42.47110355821289,-9.00979232788085,71.0,1577071984.05222,-107.0,5.2,12,5296.965204107019,142.68841200206114,49.0,30,Grassland,0.8,121.0,0.9999580905827115
2.0,Gateway_1,42.47145224975585,-9.009904851450196,58.59999594824219,1577072001.900917,-82.0,9.5,11,349.6166951428153,171.81136932066053,48.0,10,Tree,0.9,96.0,0.9999796004965888
2.0,Gateway_2,42.47145224975585,-9.009904851450196,58.59999594824219,1577072001.900917,-95.0,9.8,11,3133.869697287694,171.81136932066053,48.0,10,Tree,0.9,109.0,0.9999819072635258
2.0,Gateway_3,42.47145224975585,-9.009904851450196,58.59999594824219,1577072001.900917,-102.0,8.2,11,5260.547217444025,171.81136932066053,48.0,10,Tree,0.9,116.0,0.9999656874712223
2.0,Gateway_1,42.47158050537109,-9.009833335875456,71.4000015258789,1577072019.204111,-85.0,12.2,10,362.1830779136374,190.0246549051806,46.0,10,Tree,0.9,99.0,0.9999811688849429
2.0,Gateway_2,42.47158050537109,-9.009833335875456,71.4000015258789,1577072019.204111,-93.0,13.0,10,3119.410988067195,190.0246549051806,46.0,10,Tree,0.9,107.0,0.9999863258039343
2.0,Gateway_3,42.47158050537109,-9.009833335875456,71.4000015258789,1577072019.204111,-100.0,10.2,10,5252.964226627698,190.0246549051806,46.0,10,Tree,0.9,114.0,0.9999580905827115
2.0,Gateway_1,42.4715795875,-9.00981903075172,72.5,1577072035.885028,-97.0,12.8,9,363.08857851284637,190.43502880634156,46.0,10,Tree,0.9,111.0,0.9999597338744681
2.0,Gateway_2,42.4715795875,-9.00981903075172,72.5,1577072035.885028,-93.0,12.8,9,3119.434280359414,190.43502880634156,46.0,10,Tree,0.9,107.0,0.9999597338744681
2.0,Gateway_3,42.4715795875,-9.00981903075172,72.5,1577072035.885028,-93.0,11.8,9,5253.7746783593,190.43502880634156,46.0,10,Tree,0.9,107.0,0.9999399299994532
2.0,Gateway_1,42.47174835205078,-9.009132385253904,77.30000305175781,1577072052.77138,-80.0,14.5,8,420.54618990962314,220.87129269744403,37.0,10,Tree,0.9,94.0,0.9999445484005678
2.0,Gateway_2,42.47174835205078,-9.009132385253904,77.30000305175781,1577072052.77138,-98.0,13.8,8,3096.473214464513,220.87129269744403,37.0,10,Tree,0.9,112.0,0.9999266303356495
2.0,Gateway_3,42.47174835205078,-9.009132385253904,77.30000305175781,1577072052.77138,-93.0,14.2,8,5273.933333597068,220.87129269744403,37.0,10,Tree,0.9,107.0,0.9999374784962252
2.0,Gateway_1,42.47119522094726,-9.008795591894533,52.09999847412109,1577072059.579429,-105.0,10.8,7,416.895360894695,173.64382125550947,38.0,10,Tree,0.9,119.0,0.9993378377887877
2.0,Gateway_2,42.47119522094726,-9.008795591894533,52.09999847412109,1577072059.579429,-99.0,12.8,7,3155.5322228986392,173.64382125550947,38.0,10,Tree,0.9,113.0,0.9997024713395585
2.0,Gateway_3,42.47119522094726,-9.008795591894533,52.09999847412109,1577072059.579429,-105.0,10.2,7,5339.143701842775,173.64382125550947,38.0,10,Tree,0.9,119.0,0.9991582268516215
2.0,Gateway_1,42.47057250742188,-9.00824737548828,52.59999847412109,1577072089.058379,-92.0,9.8,12,438.6832617077837,166.08804434376395,29.0,10,Tree,0.9,106.0,0.9999933440542166
2.0,Gateway_2,42.47057250742188,-9.00824737548828,52.59999847412109,1577072089.058379,-94.0,7.8,12,3222.3095584559874,166.08804434376395,29.0,10,Tree,0.9,108.0,0.9999851869202412
2.0,Gateway_3,42.47057250742188,-9.00824737548828,52.59999847412109,1577072089.058379,-104.0,7.2,12,5421.382652284544,166.08804434376395,29.0,10,Tree,0.9,118.0,0.9999811688849429
2.0,Gateway_1,42.47079085303711,-9.00775909423828,55.5,1577072105.905855,-94.0,7.5,11,483.20595417291605,211.56462071556453,27.0,30,Grassland,0.8,108.0,0.9999546000702375
2.0,Gateway_2,42.47079085303711,-9.00775909423828,55.5,1577072105.905855,-95.0,8.0,11,3196.6150034734196,211.56462071556453,27.0,30,Grassland,0.8,109.0,0.9999628296813159
2.0,Gateway_3,42.47079085303711,-9.00775909423828,55.5,1577072105.905855,-105.0,5.8,11,5427.34862125297,211.56462071556453,27.0,30,Grassland,0.8,119.0,0.999910386089597
2.0,Gateway_1,42.47028350830078,-9.00552027130127,55.5,1577072124.195101,-78.0,9.8,10,655.358352336182,373.89017219343685,14.0,30,Grassland,0.8,92.0,0.9999508188432149
2.0,Gateway_2,42.47028350830078,-9.00552027130127,55.5,1577072124.195101,-95.0,10.0,10,3252.474148746225,373.89017219343685,14.0,30,Grassland,0.8,109.0,0.9999546000702375
2.0,Gateway_3,42.47028350830078,-9.00552027130127,55.5,1577072124.195101,-102.0,8.5,10,5587.441841983605,373.89017219343685,14.0,30,Grassland,0.8,116.0,0.9999172759344434
2.0,Gateway_1,42.470272054208976,-9.005538391113282,74.19999594824219,1577072140.904103,-89.0,11.2,9,653.5218923983496,375.55961838630145,14.0,30,Grassland,0.8,103.0,0.9999236360628451
2.0,Gateway_2,42.470272054208976,-9.005538391113282,74.19999594824219,1577072140.904103,-101.0,10.8,9,3254.0518309524946,375.55961838630145,14.0,30,Grassland,0.8,115.0,0.999910386089597
2.0,Gateway_3,42.470272054208976,-9.005538391113282,74.19999594824219,1577072140.904103,-102.0,9.5,9,5587.579791968593,375.55961838630145,14.0,30,Grassland,0.8,116.0,0.9998492669249045
2.0,Gateway_1,42.4597151184082,-9.005543844504492,58.5999984741211,1577072157.790039,-85.0,14.2,8,1287.6944260313155,1201.2443480007935,0.0,80,Permanent water bodies,0.95,99.0,0.9999374784962252
2.0,Gateway_2,42.4597151184082,-9.005543844504492,58.5999984741211,1577072157.790039,-95.0,13.8,8,4426.045043224597,1201.2443480007935,0.0,80,Permanent water bodies,0.95,109.0,0.9999266303356495
2.0,Gateway_3,42.4597151184082,-9.005543844504492,58.5999984741211,1577072157.790039,-109.0,7.0,8,6531.8973866719925,1201.2443480007935,0.0,80,Permanent water bodies,0.95,123.0,0.9988862248521552
2.0,Gateway_1,42.45958841552734,-9.004880905151357,58.5,1577072174.585921,-87.0,14.0,7,1327.9768924095006,1232.1818297034654,0.0,80,Permanent water bodies,0.95,101.0,0.9998158942063324
2.0,Gateway_2,42.45958841552734,-9.004880905151357,58.5,1577072174.585921,-98.0,13.2,7,4441.454845637868,1232.1818297034654,0.0,80,Permanent water bodies,0.95,112.0,0.9997464627999653
2.0,Gateway_3,42.45958841552734,-9.004880905151357,58.5,1577072174.585921,-104.0,11.0,7,6573.616844053906,1232.1818297034654,0.0,80,Permanent water bodies,0.95,118.0,0.9993887472388704
2.0,Gateway_1,42.45925879882813,-9.00540542502539,55.30000305175781,1577072194.053415,-91.0,8.0,12,1337.3250097124808,1252.7880498410577,0.0,80,Permanent water bodies,0.95,105.0,0.9999863258039343
2.0,Gateway_2,42.45925879882813,-9.00540542502539,55.30000305175781,1577072194.053415,-93.0,7.0,12,4476.906198352275,1252.7880498410577,0.0,80,Permanent water bodies,0.95,107.0,0.9999796004965888
2.0,Gateway_3,42.45925879882813,-9.00540542502539,55.30000305175781,1577072194.053415,-115.0,-2.5,12,6580.569369910897,1252.7880498410577,0.0,80,Permanent water bodies,0.95,129.0,0.9990881180344455
2.0,Gateway_1,42.45842575073242,-9.00515455078125,55.5,1577072211.90097,-82.0,10.2,11,1428.2138970103188,1347.184772662275,0.0,80,Permanent water bodies,0.95,96.0,0.9999845823869881
2.0,Gateway_2,42.45842575073242,-9.00515455078125,55.5,1577072211.90097,-100.0,7.8,11,4569.887526630548,1347.184772662275,0.0,80,Permanent water bodies,0.95,114.0,0.9999597338744681
2.0,Gateway_3,42.45842575073242,-9.00515455078125,55.5,1577072211.90097,-111.0,3.2,11,6669.494976311153,1347.184772662275,0.0,80,Permanent water bodies,0.95,125.0,0.9997464627999653
2.0,Gateway_1,42.45819305419922,-9.005354881285522,57.400001525878906,1577072229.209777,-84.0,12.8,10,1443.2772164635044,1367.2584264167938,0.0,80,Permanent water bodies,0.95,98.0,0.9999851869202412
2.0,Gateway_2,42.45819305419922,-9.005354881285522,57.400001525878906,1577072229.209777,-110.0,7.2,10,4595.368865461769,1367.2584264167938,0.0,80,Permanent water bodies,0.95,124.0,0.9998608558344383
2.0,Gateway_1,42.45827597753905,-9.005000518798829,45.59999847412109,1577072245.944034,-83.0,13.0,9,1449.0376606954997,1366.4630979888743,0.0,80,Permanent water bodies,0.95,97.0,0.9999628296813159
2.0,Gateway_1,42.45854700317383,-9.005474494934083,42.79999923705055,1577072252.773713,-88.0,13.8,8,1404.1264199152927,1326.2445838303188,0.0,80,Permanent water bodies,0.95,102.0,0.9999266303356495
2.0,Gateway_2,42.45854700317383,-9.005474494934083,42.79999923705055,1577072252.773713,-99.0,13.2,8,4555.718640967805,1326.2445838303188,0.0,80,Permanent water bodies,0.95,113.0,0.9999067288765351
2.0,Gateway_1,42.45930313110352,-9.005772994995118,41.0,1577072279.57152,-80.0,9.5,7,1318.5742992199323,1238.7251330663082,0.0,80,Permanent water bodies,0.95,94.0,0.9988862248521552
2.0,Gateway_2,42.45930313110352,-9.005772994995118,41.0,1577072279.57152,-98.0,11.0,7,4471.316647453451,1238.7251330663082,0.0,80,Permanent water bodies,0.95,112.0,0.9993887472388704
2.0,Gateway_1,42.45957778930554,-9.005930351257325,49.20000075293945,1577072299.055705,-93.0,8.8,12,1285.428767648459,1206.1400574518498,0.0,80,Permanent water bodies,0.95,107.0,0.9999900704956941
2.0,Gateway_2,42.45957778930554,-9.005930351257325,49.20000075293945,1577072299.055705,-109.0,4.0,12,4440.720196057082,1206.1400574518498,0.0,80,Permanent water bodies,0.95,123.0,0.9999322712635091
2.0,Gateway_3,42.45957778930554,-9.005930351257325,49.20000075293945,1577072299.055705,-118.0,-2.8,12,6527.336923161305,1206.1400574518498,0.0,80,Permanent water bodies,0.95,132.0,0.9989718559548253
2.0,Gateway_1,42.45995307373047,-9.00747013092041,55.59999847412109,1577072315.933059,-85.0,8.5,11,1191.3285053083664,1136.626613948686,0.0,80,Permanent water bodies,0.95,99.0,0.9999695675169916
2.0,Gateway_2,42.45995307373047,-9.00747013092041,55.59999847412109,1577072315.933059,-104.0,5.8,11,4399.485688636827,1136.626613948686,0.0,80,Permanent water bodies,0.95,118.0,0.999910386089597
2.0,Gateway_3,42.45995307373047,-9.00747013092041,55.59999847412109,1577072315.933059,-119.0,-9.5,11,6424.171532372894,1136.626613948686,0.0,80,Permanent water bodies,0.95,133.0,0.9592377960216338
2.0,Gateway_1,42.47024917502539,-9.008451952209471,51.20000075293945,1577072334.199411,-97.0,10.5,10,415.7848897570533,139.98226363043156,30.0,30,Grassland,0.8,111.0,0.9999628296813159
2.0,Gateway_2,42.47024917502539,-9.008451952209471,51.20000075293945,1577072334.199411,-108.0,7.8,10,3258.9363848022867,139.98226363043156,30.0,30,Grassland,0.8,122.0,0.9998905453226643
2.0,Gateway_1,42.47021484375,-9.008855310119529,53.59999847412109,1577072350.911814,-108.0,5.2,9,382.32945166992727,110.92486022923707,36.0,30,Grassland,0.8,122.0,0.9991582268516215
2.0,Gateway_2,42.47021484375,-9.008855310119529,53.59999847412109,1577072350.911814,-112.0,3.2,9,3264.5458992558383,110.92486022923707,36.0,30,Grassland,0.8,126.0,0.9981265994057775
2.0,Gateway_1,42.4703483581543,-9.009085555212401,57.5,1577072357.75998,-98.0,14.8,8,365.97661211347037,102.26941470023105,41.0,30,Grassland,0.8,112.0,0.9999508188432149
2.0,Gateway_2,42.4703483581543,-9.009085555212401,57.5,1577072357.75998,-95.0,13.5,8,3250.96625970304,102.26941470023105,41.0,30,Grassland,0.8,109.0,0.9999172759344434
2.0,Gateway_1,42.47073354257813,-9.009519577025356,75.5999984741211,1577072384.579405,-87.0,12.8,7,342.2867916901135,117.96570379947183,48.0,30,Grassland,0.8,101.0,0.9997024713395585
2.0,Gateway_2,42.47073354257813,-9.009519577025356,75.5999984741211,1577072384.579405,-98.0,13.0,7,3211.146901024576,117.96570379947183,48.0,30,Grassland,0.8,112.0,0.9997253464300279
2.0,Gateway_3,42.47073354257813,-9.009519577025356,75.5999984741211,1577072384.579405,-117.0,-0.2,7,5343.269287978997,117.96570379947183,48.0,30,Grassland,0.8,131.0,0.946066312699644
2.0,Gateway_1,42.4707250131836,-9.00985050201415,78.0999984741211,1577072404.043551,-87.0,9.8,12,316.40881128661243,112.85763122760771,52.0,30,Grassland,0.8,101.0,0.9999933440542166
2.0,Gateway_2,42.4707250131836,-9.00985050201415,78.0999984741211,1577072404.043551,-99.0,5.5,12,3214.336829919482,112.85763122760771,52.0,30,Grassland,0.8,113.0,0.9999628296813159
2.0,Gateway_3,42.4707250131836,-9.00985050201415,78.0999984741211,1577072404.043551,-119.0,-7.8,12,5327.554704158484,112.85763122760771,52.0,30,Grassland,0.8,133.0,0.9924029859724224
2.0,Gateway_1,42.47058405151357,-9.009882925940918,81.0999984741211,1577072421.995873,-94.0,5.8,11,308.7584934626291,104.30265167727367,57.0,30,Grassland,0.8,108.0,0.999910386089597
2.0,Gateway_2,42.47058405151357,-9.009882925940918,81.0999984741211,1577072421.995873,-100.0,5.8,11,3230.230234153412,104.30265167727367,57.0,30,Grassland,0.8,114.0,0.999910386089597
2.0,Gateway_3,42.47058405151357,-9.009882925940918,81.0999984741211,1577072421.995873,-119.0,-10.5,11,5338.458948315617,104.30265167727367,57.0,30,Grassland,0.8,133.0,0.9391899373747821
2.0,Gateway_1,42.470580235815405,-9.009858521825173,81.0999984741211,1577072439.179583,-102.0,11.8,10,310.5352308401626,104.24441553196685,52.0,30,Grassland,0.8,116.0,0.9999779014817677
2.0,Gateway_2,42.470580235815405,-9.009858521825173,81.0999984741211,1577072439.179583,-99.0,12.2,10,3230.4823532204036,104.24441553196685,52.0,30,Grassland,0.8,113.0,0.9999811688849429
2.0,Gateway_3,42.470580235815405,-9.009858521825173,81.0999984741211,1577072439.179583,-120.0,-12.5,10,5340.006607929564,104.24441553196685,52.0,30,Grassland,0.8,134.0,0.6321205588285577
2.0,Gateway_1,42.47057542211914,-9.009859085083008,81.80000305175781,1577072455.911551,-102.0,11.0,9,310.34609691098495,104.45673651794063,52.0,30,Grassland,0.8,116.0,0.9999172759344434
2.0,Gateway_2,42.47057542211914,-9.009859085083008,81.80000305175781,1577072455.911551,-104.0,10.8,9,3231.0354859890435,104.45673651794063,52.0,30,Grassland,0.8,118.0,0.999910386089597
2.0,Gateway_1,42.47058785521094,-9.009858521825173,79.5999959482422,1577072472.752527,-104.0,11.8,8,310.76122783686253,103.61307540689023,52.0,30,Grassland,0.8,118.0,0.9998367128090782
2.0,Gateway_2,42.47058785521094,-9.009858521825173,79.5999959482422,1577072472.752527,-112.0,5.2,8,3229.6042351813485,103.61307540689023,52.0,30,Grassland,0.8,126.0,0.9977118233470779
2.0,Gateway_1,42.47058405151357,-9.009882925940918,77.5999984741211,1577072489.558207,-101.0,10.2,7,308.6865032617939,101.6050843097521,57.0,30,Grassland,0.8,115.0,0.9991582268516215
2.0,Gateway_1,42.47054971923828,-9.0099515914917,77.9000015258789,1577072509.052342,-100.0,5.2,12,302.14492212232136,99.06103451379066,57.0,30,Grassland,0.8,114.0,0.9999580905827115
2.0,Gateway_2,42.47054971923828,-9.0099515914917,77.9000015258789,1577072509.052342,-110.0,5.0,12,3234.440065187686,99.06103451379066,57.0,30,Grassland,0.8,124.0,0.9999546000702375
2.0,Gateway_3,42.47054971923828,-9.0099515914917,77.9000015258789,1577072509.052342,-119.0,-8.5,12,5338.075305823381,99.06103451379066,57.0,30,Grassland,0.8,133.0,0.9899481642553665
2.0,Gateway_1,42.47055734853281,-9.010025931752596,73.4000015258789,1577072525.885337,-95.0,8.0,11,296.55389108869156,96.04768349805894,57.0,30,Grassland,0.8,109.0,0.9999628296813159
2.0,Gateway_2,42.47055734853281,-9.010025931752596,73.4000015258789,1577072525.885337,-114.0,1.8,11,3234.0336152278273,96.04768349805894,57.0,30,Grassland,0.8,128.0,0.9995561393960971
2.0,Gateway_3,42.47055734853281,-9.010025931752596,73.4000015258789,1577072525.885337,-120.0,-15.2,11,5333.6850533422985,96.04768349805894,57.0,30,Grassland,0.8,134.0,0.6014809589154859
2.0,Gateway_1,42.47055353393555,-9.01002597808838,72.9000015258789,1577072544.199941,-95.0,13.5,10,296.4173941456568,95.39253173237813,57.0,30,Grassland,0.8,109.0,0.9999888045151574
2.0,Gateway_2,42.47055353393555,-9.01002597808838,72.9000015258789,1577072544.199941,-111.0,5.8,10,3234.445391082696,95.39253173237813,57.0,30,Grassland,0.8,125.0,0.9997564041357744
2.0,Gateway_3,42.47055353393555,-9.01002597808838,72.9000015258789,1577072544.199941,-119.0,-11.8,10,5334.017515126824,95.39253173237813,57.0,30,Grassland,0.8,133.0,0.7219626995468058
2.0,Gateway_1,42.47059931030274,-9.010085059570311,75.5999984741211,1577072521.775589,-93.0,14.5,8,293.47021593017803,100.97640646489766,56.0,30,Grassland,0.8,107.0,0.9999445484005678
2.0,Gateway_2,42.47059931030274,-9.010085059570311,75.5999984741211,1577072521.775589,-114.0,3.5,8,3229.874225236325,100.97640646489766,56.0,30,Grassland,0.8,128.0,0.9954834190573874
2.0,Gateway_3,42.47059931030274,-9.010085059570311,75.5999984741211,1577072521.775589,-119.0,-10.5,8,5327.0556481311405,100.97640646489766,56.0,30,Grassland,0.8,133.0,0.0
2.0,Gateway_1,42.47057542211914,-9.010051727294922,75.4000015258789,1577072538.559522,-99.0,10.8,7,295.18992166459174,98.93902721315371,57.0,30,Grassland,0.8,113.0,0.9993378377887877
2.0,Gateway_2,42.47057542211914,-9.010051727294922,75.4000015258789,1577072538.559522,-108.0,7.8,7,3232.266015376939,98.93902721315371,57.0,30,Grassland,0.8,122.0,0.9978015440369574
2.0,Gateway_1,42.470481872558594,-9.001351355505347,33.099998474121094,1577074444.212033,-110.0,2.5,12,999.3599152997589,714.0260310614246,1.0,30,Grassland,0.8,124.0,0.9998765901959134
2.0,Gateway_2,42.470481872558594,-9.001351355505347,33.099998474121094,1577074444.212033,-107.0,4.8,12,3257.146576472813,714.0260310614246,1.0,30,Grassland,0.8,121.0,0.9999508188432149
2.0,Gateway_3,42.470481872558594,-9.001351355505347,33.099998474121094,1577074444.212033,-119.0,-15.0,12,5796.467999330048,714.0260310614246,1.0,30,Grassland,0.8,133.0,0.8646647167633873
2.0,Gateway_1,42.47041702270508,-9.00117015838523,52.29999923705055,1577074451.925281,-112.0,1.2,11,1013.0474564685527,729.5019792191008,1.0,30,Grassland,0.8,126.0,0.9994357425844274
2.0,Gateway_2,42.47041702270508,-9.00117015838523,52.29999923705055,1577074451.925281,-107.0,5.5,11,3266.4900575881766,729.5019792191008,1.0,30,Grassland,0.8,121.0,0.9998989605981629
2.0,Gateway_1,42.470481872558594,-9.001280784505933,28.700000752939452,1577074479.185271,-104.0,7.5,10,1005.322475500691,719.6183329917786,1.0,30,Grassland,0.8,118.0,0.9998765901959134
2.0,Gateway_2,42.470481872558594,-9.001280784505933,28.700000752939452,1577074479.185271,-105.0,7.0,10,3257.8766221588544,719.6183329917786,1.0,30,Grassland,0.8,119.0,0.9998492669249045
2.0,Gateway_1,42.47053909301758,-9.001348495483398,9.300000190734853,1577074495.892791,-98.0,12.5,9,1001.383728101963,714.0581804929066,1.0,30,Grassland,0.8,112.0,0.9999546000702375
2.0,Gateway_2,42.47053909301758,-9.001348495483398,9.300000190734853,1577074495.892791,-105.0,10.0,9,3250.757725296462,714.0581804929066,1.0,30,Grassland,0.8,119.0,0.9998765901959134
2.0,Gateway_3,42.47053909301758,-9.001348495483398,9.300000190734853,1577074495.892791,-117.0,-1.0,9,5791.984420345197,714.0581804929066,1.0,30,Grassland,0.8,131.0,0.9899481642553665
2.0,Gateway_1,42.47054290771485,-9.001305533813477,10.399999518530272,1577074512.757509,-94.0,14.0,8,1004.864391661309,717.6291391881019,1.0,30,Grassland,0.8,108.0,0.9999322712635091
2.0,Gateway_2,42.47054290771485,-9.001305533813477,10.399999518530272,1577074512.757509,-115.0,1.8,8,3250.8050334101513,717.6291391881019,1.0,30,Grassland,0.8,129.0,0.9910848214515604
2.0,Gateway_3,42.47054290771485,-9.001305533813477,10.399999518530272,1577074512.757509,-120.0,-10.2,8,5794.05898913367,717.6291391881019,1.0,30,Grassland,0.8,134.0,0.0
2.0,Gateway_1,42.47051239013572,-9.001325507299805,9.399999518530272,1577074529.583113,-94.0,13.0,7,1002.991795775426,715.7013353458207,1.0,30,Grassland,0.8,108.0,0.9997253464300279
2.0,Gateway_2,42.47051239013572,-9.001325507299805,9.399999518530272,1577074529.583113,-118.0,-5.8,7,3253.9469189974293,715.7013353458207,1.0,30,Grassland,0.8,132.0,0.49338300763441045
2.0,Gateway_2,42.47052383422852,-9.00133991241455,8.300000190734853,1577074549.045758,-117.0,-2.0,12,3252.5295654631445,714.6092499984678,1.0,30,Grassland,0.8,131.0,0.9992534141916233
2.0,Gateway_1,42.47055579589844,-9.001358985900879,4.199999809255137,1577074555.895359,-95.0,9.8,11,1001.0342286772947,713.3084173324179,1.0,30,Grassland,0.8,109.0,0.9999819072635258
2.0,Gateway_2,42.47055579589844,-9.001358985900879,4.199999809255137,1577074555.895359,-107.0,7.8,11,3248.8024462414865,713.3084173324179,1.0,30,Grassland,0.8,121.0,0.9999597338744681
2.0,Gateway_1,42.470489501953125,-9.001420021057129,8.300000190734853,1577074584.202575,-94.0,13.0,10,995.1146678019167,707.7407872510679,1.0,30,Grassland,0.8,108.0,0.9999863258039343
2.0,Gateway_2,42.470489501953125,-9.001420021057129,8.300000190734853,1577074584.202575,-98.0,11.8,10,3255.4520075884425,707.7407872510679,1.0,30,Grassland,0.8,112.0,0.9999779014817677
2.0,Gateway_1,42.47029495239258,-9.001543045043945,12.0,1577074500.898408,-97.0,12.0,9,983.1823030101649,696.3586479966556,1.0,30,Grassland,0.8,111.0,0.9999445484005678
2.0,Gateway_2,42.47029495239258,-9.001543045043945,12.0,1577074500.898408,-101.0,11.0,9,3275.6046602394654,696.3586479966556,1.0,30,Grassland,0.8,115.0,0.9999172759344434
2.0,Gateway_3,42.47029495239258,-9.001543045043945,12.0,1577074500.898408,-114.0,1.8,9,5801.203490930937,696.3586479966556,1.0,30,Grassland,0.8,128.0,0.9967202890976564
2.0,Gateway_1,42.45991348255502,-9.001717557443849,13.399999518530272,1577074517.745017,-102.0,12.5,8,1456.466387731344,1311.3234969069372,0.0,80,Permanent water bodies,0.95,116.0,0.9998765901959134
2.0,Gateway_2,42.45991348255502,-9.001717557443849,13.399999518530272,1577074517.745017,-93.0,14.0,8,4420.755299310855,1311.3234969069372,0.0,80,Permanent water bodies,0.95,107.0,0.9999322712635091
2.0,Gateway_3,42.45991348255502,-9.001717557443849,13.399999518530272,1577074517.745017,-115.0,0.0,8,6691.249126395112,1311.3234969069372,0.0,80,Permanent water bodies,0.95,129.0,0.9816843611112658
2.0,Gateway_1,42.45974553598533,-9.001898755553954,21.700000752939452,1577074534.582012,-100.0,12.5,7,1460.4215313320296,1319.8235944771307,0.0,80,Permanent water bodies,0.95,114.0,0.9996645373720975
2.0,Gateway_2,42.45974553598533,-9.001898755553954,21.700000752939452,1577074534.582012,-105.0,9.5,7,4438.053773109516,1319.8235944771307,0.0,80,Permanent water bodies,0.95,119.0,0.9988862248521552
2.0,Gateway_3,42.45974553598533,-9.001898755553954,21.700000752939452,1577074534.582012,-117.0,1.0,7,6697.796506857125,1319.8235944771307,0.0,80,Permanent water bodies,0.95,131.0,0.9666267300396739
2.0,Gateway_1,42.45978378295898,-9.002243041992188,23.10000038145973,1577074554.058057,-91.0,9.2,12,1438.8508759770073,1302.0770733694903,0.0,80,Permanent water bodies,0.95,105.0,0.9999915386345782
2.0,Gateway_2,42.45978378295898,-9.002243041992188,23.10000038145973,1577074554.058057,-97.0,7.5,12,4431.479600890289,1302.0770733694903,0.0,80,Permanent water bodies,0.95,111.0,0.9999832982992097
2.0,Gateway_3,42.45978378295898,-9.002243041992188,23.10000038145973,1577074554.058057,-118.0,-5.5,12,6677.986271009828,1302.0770733694903,0.0,80,Permanent water bodies,0.95,132.0,0.9969724452546241
2.0,Gateway_1,42.45975089477539,-9.002750887145995,20.200000752939452,1577074571.928013,-89.0,8.8,11,1415.4208706292236,1285.3154678820988,0.0,80,Permanent water bodies,0.95,103.0,0.9999730088088798
2.0,Gateway_2,42.45975089477539,-9.002750887145995,20.200000752939452,1577074571.928013,-94.0,9.0,11,4431.979222893618,1285.3154678820988,0.0,80,Permanent water bodies,0.95,108.0,0.9999750839902685
2.0,Gateway_3,42.45975089477539,-9.002750887145995,20.200000752939452,1577074571.928013,-115.0,-0.8,11,6657.028785285817,1285.3154678820988,0.0,80,Permanent water bodies,0.95,129.0,0.9987442220274376
2.0,Gateway_1,42.45991729735328,-9.003255334533591,22.700000752939452,1577074589.24079,-87.0,12.8,10,1375.232818873931,1250.0582560625705,0.0,80,Permanent water bodies,0.95,101.0,0.9999851869202412
2.0,Gateway_3,42.45991729735328,-9.003255334533591,22.700000752939452,1577074589.24079,-111.0,5.8,10,6618.193642145154,1250.0582560625705,0.0,80,Permanent water bodies,0.95,125.0,0.9997564041357744
2.0,Gateway_1,42.45999359130859,-9.002387045813956,24.29999923705055,1577074705.919224,-84.0,10.5,9,1413.3555317050989,1275.9838640166406,0.0,80,Permanent water bodies,0.95,98.0,0.9998989605981629
2.0,Gateway_2,42.45999359130859,-9.002387045813956,24.29999923705055,1577074705.919224,-92.0,12.0,9,4407.320218208211,1275.9838640166406,0.0,80,Permanent water bodies,0.95,106.0,0.9999445484005678
2.0,Gateway_3,42.45999359130859,-9.002387045813956,24.29999923705055,1577074705.919224,-110.0,5.8,9,6652.11070685223,1275.9838640166406,0.0,80,Permanent water bodies,0.95,124.0,0.9993378377887877
2.0,Gateway_1,42.470123291015526,-9.001853942871094,23.79999923705055,1577074722.758718,-92.0,14.8,8,955.9597262046237,670.4797140075002,2.0,30,Grassland,0.8,106.0,0.9999508188432149
2.0,Gateway_2,42.470123291015526,-9.001853942871094,23.79999923705055,1577074722.758718,-95.0,15.2,8,3291.4798247721665,670.4797140075002,2.0,30,Grassland,0.8,109.0,0.9999580905827115
2.0,Gateway_3,42.470123291015526,-9.001853942871094,23.79999923705055,1577074722.758718,-111.0,7.0,8,5798.176768722002,670.4797140075002,2.0,30,Grassland,0.8,125.0,0.9988862248521552
2.0,Gateway_1,42.47038259042959,-9.001437187194824,19.79999923705055,1577074739.578945,-91.0,11.0,7,992.0778657238403,705.7480635489475,1.0,30,Grassland,0.8,105.0,0.9993887472388704
2.0,Gateway_2,42.47038259042959,-9.001437187194824,19.79999923705055,1577074739.578945,-100.0,10.8,7,3267.079004241462,705.7480635489475,1.0,30,Grassland,0.8,114.0,0.9993378377887877
2.0,Gateway_1,42.4701042175293,-9.001827239990234,20.399999518530276,1577074759.078089,-93.0,8.0,12,958.2344551193262,672.5224562134035,2.0,30,Grassland,0.8,107.0,0.9999863258039343
2.0,Gateway_2,42.4701042175293,-9.001827239990234,20.399999518530276,1577074759.078089,-100.0,5.2,12,3293.8238671326253,672.5224562134035,2.0,30,Grassland,0.8,114.0,0.9999580905827115
2.0,Gateway_1,42.47035743154053,-9.001459121704102,20.399999518530276,1577074775.921502,-89.0,8.8,11,990.0459434262684,703.8022887754947,1.0,30,Grassland,0.8,103.0,0.9999730088088798
2.0,Gateway_1,42.470452799072255,-9.001419057382812,15.500000381459728,1577074794.200531,-97.0,12.8,10,994.4095612080945,707.6395698321023,1.0,30,Grassland,0.8,111.0,0.9999851869202412
2.0,Gateway_1,42.47049713134756,-9.001425595777343,15.5,1577074810.905873,-92.0,14.5,9,994.2896639875947,707.4704551128929,1.0,30,Grassland,0.8,106.0,0.9999796004965888
2.0,Gateway_2,42.47049713134756,-9.001425595777343,15.5,1577074810.905873,-105.0,9.5,9,3254.567643258764,707.4704551128929,1.0,30,Grassland,0.8,119.0,0.9998492669249045
2.0,Gateway_3,42.47049713134756,-9.001425595777343,15.5,1577074810.905873,-120.0,-9.0,9,5791.113595621435,707.4704551128929,1.0,30,Grassland,0.8,134.0,0.7534030360583935
2.0,Gateway_1,42.47049713134756,-9.001428504125977,14.599999809255136,1577074827.745923,-90.0,15.5,8,994.1042577524291,707.2129136265333,1.0,30,Grassland,0.8,104.0,0.9999628296813159
2.0,Gateway_2,42.47049713134756,-9.001428504125977,14.599999809255136,1577074827.745923,-104.0,11.5,8,3254.5339776683395,707.2129136265333,1.0,30,Grassland,0.8,118.0,0.9998158942063324
2.0,Gateway_3,42.47049713134756,-9.001428504125977,14.599999809255136,1577074827.745923,-119.0,-8.2,8,5790.954523908899,707.2129136265333,1.0,30,Grassland,0.8,133.0,0.5132477440400285
2.0,Gateway_1,42.47050094504492,-9.001435279845191,12.100000381459727,1577074844.58038,-95.0,13.0,7,993.7370516688343,706.6434957195348,1.0,30,Grassland,0.8,109.0,0.9997253464300279
2.0,Gateway_2,42.47050094504492,-9.001435279845191,12.100000381459727,1577074844.58038,-105.0,10.8,7,3254.0355754863276,706.6434957195348,1.0,30,Grassland,0.8,119.0,0.9993378377887877
2.0,Gateway_3,42.47050094504492,-9.001435279845191,12.100000381459727,1577074844.58038,-118.0,-3.8,7,5790.27338610305,706.6434957195348,1.0,30,Grassland,0.8,132.0,0.7723623116161873
2.0,Gateway_1,42.47050094504492,-9.001418113708494,12.199999809255136,1577074854.051522,-97.0,7.8,12,995.1346066945891,708.0523374937997,1.0,30,Grassland,0.8,111.0,0.9999851869202412
2.0,Gateway_3,42.47050094504492,-9.001418113708494,12.199999809255136,1577074854.051522,-118.0,-4.0,12,5791.226644748218,708.0523374937997,1.0,30,Grassland,0.8,132.0,0.998338442726826
2.0,Gateway_1,42.470489501953125,-9.00144100189209,11.800000190734853,1577074881.895883,-93.0,8.0,11,993.1774878798666,706.0704172271712,1.0,30,Grassland,0.8,107.0,0.9999628296813159
2.0,Gateway_2,42.470489501953125,-9.00144100189209,11.800000190734853,1577074881.895883,-109.0,5.2,11,3255.234827556324,706.0704172271712,1.0,30,Grassland,0.8,123.0,0.9998860783925432
2.0,Gateway_3,42.470489501953125,-9.00144100189209,11.800000190734853,1577074881.895883,-119.0,-5.2,11,5790.894031053915,706.0704172271712,1.0,30,Grassland,0.8,133.0,0.9927008691532114
2.0,Gateway_1,42.47050857543945,-9.001437187194824,11.800000190734853,1577074899.191252,-97.0,12.0,10,993.673824510861,706.5492992377254,1.0,30,Grassland,0.8,111.0,0.9999796004965888
2.0,Gateway_2,42.47050857543945,-9.001437187194824,11.800000190734853,1577074899.191252,-108.0,8.8,10,3253.1741841936764,706.5492992377254,1.0,30,Grassland,0.8,122.0,0.9999266303356495
2.0,Gateway_3,42.47050857543945,-9.001437187194824,11.800000190734853,1577074899.191252,-118.0,-4.8,10,5789.543402642335,706.5492992377254,1.0,30,Grassland,0.8,132.0,0.9830925343472947
2.0,Gateway_1,42.47050475074219,-9.00139331817527,5.900000095357432,1577074915.928933,-110.0,4.0,9,997.602953505864,710.0378183768819,1.0,30,Grassland,0.8,124.0,0.9986396319624521
2.0,Gateway_2,42.47050475074219,-9.00139331817527,5.900000095357432,1577074915.928933,-114.0,2.2,9,3254.0555771552295,710.0378183768819,1.0,30,Grassland,0.8,128.0,0.9972052147249632
2.0,Gateway_1,42.47049713134756,-9.00139331817527,5.800000190734853,1577074932.770408,-102.0,13.5,8,997.536143197253,709.9707031286066,1.0,30,Grassland,0.8,116.0,0.9999172759344434
2.0,Gateway_2,42.47049713134756,-9.00139331817527,5.800000190734853,1577074932.770408,-120.0,-5.8,8,3254.8947503739773,709.9707031286066,1.0,30,Grassland,0.8,134.0,0.81362602396059
2.0,Gateway_3,42.47049713134756,-9.00139331817527,5.800000190734853,1577074932.770408,-120.0,-12.0,8,5792.940960847515,709.9707031286066,1.0,30,Grassland,0.8,134.0,0.0
2.0,Gateway_2,42.47049331555039,-9.001357558959727,7.800000190734853,1577074949.552728,-115.0,-3.2,7,3255.6996094952447,712.8888886786282,1.0,30,Grassland,0.8,129.0,0.8209338520885068
2.0,Gateway_1,42.47051239013572,-9.001410484313954,9.199999809255136,1577074959.049459,-98.0,7.8,12,996.0576025178412,708.7333372972172,1.0,30,Grassland,0.8,112.0,0.9999851869202412
2.0,Gateway_2,42.47051239013572,-9.001410484313954,9.199999809255136,1577074959.049459,-118.0,-4.2,12,3253.0334857594894,708.7333372972172,1.0,30,Grassland,0.8,132.0,0.9982000564937694
2.0,Gateway_1,42.470489501953125,-9.00142755045155,14.199999809255136,1577074985.910577,-93.0,9.5,11,994.1326624663512,707.2173196165057,1.0,30,Grassland,0.8,107.0,0.9999796004965888
2.0,Gateway_2,42.470489501953125,-9.00142755045155,14.199999809255136,1577074985.910577,-107.0,8.5,11,3255.383343607863,707.2173196165057,1.0,30,Grassland,0.8,121.0,0.9999695675169916
3.0,Gateway_1,42.47071,-9.00177,21.5,1575451439.754515,-110.0,7.0,8,968.1854595803842,681.7361710793748,1.0,50,Built-up,0.6,124.0,0.9988862248521552
3.0,Gateway_2,42.47071,-9.00177,21.5,1575451439.754515,-118.0,-1.0,8,3227.5834588426405,681.7361710793748,1.0,50,Built-up,0.6,132.0,0.9726762775527075
3.0,Gateway_1,42.47071,-9.00177,21.5,1575451447.21535,-110.0,7.2,7,968.1854595803842,681.7361710793748,1.0,50,Built-up,0.6,124.0,0.9972052147249632
3.0,Gateway_2,42.47071,-9.00177,21.5,1575451447.21535,-117.0,-2.0,7,3227.5834588426405,681.7361710793748,1.0,50,Built-up,0.6,131.0,0.8891968416376661
3.0,Gateway_1,42.47071,-9.00178,21.5,1575451485.79943,-110.0,4.5,12,967.3695790324002,680.9197335041765,1.0,50,Built-up,0.6,124.0,0.9999445484005678
3.0,Gateway_2,42.47071,-9.00178,21.5,1575451485.79943,-115.0,-3.5,12,3227.483658724656,680.9197335041765,1.0,50,Built-up,0.6,129.0,0.9986396319624521
3.0,Gateway_3,42.47071,-9.00178,21.5,1575451485.79943,-119.0,-15.5,12,5753.980371145214,680.9197335041765,1.0,50,Built-up,0.6,133.0,0.8347011117784134
3.0,Gateway_1,42.4707,-9.00177,21.5,1575451495.347873,-111.0,4.0,11,968.0599912653378,681.6086088521992,1.0,30,Grassland,0.8,125.0,0.9998158942063324
3.0,Gateway_2,42.4707,-9.00177,21.5,1575451495.347873,-118.0,-2.0,11,3228.68604424203,681.6086088521992,1.0,30,Grassland,0.8,132.0,0.9979705693637043
3.0,Gateway_3,42.4707,-9.00177,21.5,1575451495.347873,-120.0,-15.2,11,5755.355106360874,681.6086088521992,1.0,30,Grassland,0.8,134.0,0.6014809589154859
3.0,Gateway_1,42.4707,-9.00177,21.5,1575451503.320598,-109.0,5.8,10,968.0599912653378,681.6086088521992,1.0,30,Grassland,0.8,123.0,0.9997564041357744
3.0,Gateway_2,42.4707,-9.00177,21.5,1575451503.320598,-118.0,-1.5,10,3228.68604424203,681.6086088521992,1.0,30,Grassland,0.8,132.0,0.9954834190573874
3.0,Gateway_3,42.4707,-9.00177,21.5,1575451503.320598,-119.0,-15.5,10,5755.355106360874,681.6086088521992,1.0,30,Grassland,0.8,133.0,0.0
3.0,Gateway_1,42.47059,-9.00177,19.4,1575451510.705829,-111.0,5.2,9,966.877150193201,680.2604356260931,1.0,60,Bare / sparse vegetation,0.7,125.0,0.9991582268516215
3.0,Gateway_2,42.47059,-9.00177,19.4,1575451510.705829,-118.0,-2.2,9,3240.80484350202,680.2604356260931,1.0,60,Bare / sparse vegetation,0.7,132.0,0.9837554855580501
3.0,Gateway_1,42.47059,-9.00177,19.29,1575451518.175185,-111.0,5.8,8,966.8832544137508,680.257307478723,1.0,60,Bare / sparse vegetation,0.7,125.0,0.9982000564937694
3.0,Gateway_2,42.47059,-9.00177,19.29,1575451518.175185,-118.0,-2.0,8,3240.804356601329,680.257307478723,1.0,60,Bare / sparse vegetation,0.7,132.0,0.9592377960216338
3.0,Gateway_1,42.47059,-9.00177,19.29,1575451525.571332,-110.0,7.5,7,966.8832544137508,680.257307478723,1.0,60,Bare / sparse vegetation,0.7,124.0,0.9975212478233336
3.0,Gateway_2,42.47059,-9.00177,19.29,1575451525.571332,-118.0,-1.5,7,3240.804356601329,680.257307478723,1.0,60,Bare / sparse vegetation,0.7,132.0,0.9092820467105875
3.0,Gateway_1,42.47059,-9.00177,19.1,1575451555.209708,-110.0,3.2,12,966.8938274524902,680.2519461774452,1.0,60,Bare / sparse vegetation,0.7,124.0,0.9999067288765351
3.0,Gateway_2,42.47059,-9.00177,19.1,1575451555.209708,-118.0,-2.0,12,3240.803524384987,680.2519461774452,1.0,60,Bare / sparse vegetation,0.7,132.0,0.9992534141916233
3.0,Gateway_3,42.47059,-9.00177,19.1,1575451555.209708,-119.0,-15.2,12,5764.383819038832,680.2519461774452,1.0,60,Bare / sparse vegetation,0.7,133.0,0.8533930378696499
3.0,Gateway_1,42.47059,-9.00177,19.1,1575451573.814483,-111.0,4.0,11,966.8938274524902,680.2519461774452,1.0,60,Bare / sparse vegetation,0.7,125.0,0.9998158942063324
3.0,Gateway_2,42.47059,-9.00177,19.1,1575451573.814483,-117.0,-2.0,11,3240.803524384987,680.2519461774452,1.0,60,Bare / sparse vegetation,0.7,131.0,0.9979705693637043
3.0,Gateway_3,42.47059,-9.00177,19.1,1575451573.814483,-120.0,-15.0,11,5764.383819038832,680.2519461774452,1.0,60,Bare / sparse vegetation,0.7,134.0,0.6321205588285577
3.0,Gateway_1,42.47059,-9.00175,18.5,1575451581.925775,-110.0,5.8,10,968.5613769252411,681.8718789749136,1.0,60,Bare / sparse vegetation,0.7,124.0,0.9997564041357744
3.0,Gateway_2,42.47059,-9.00175,18.5,1575451581.925775,-117.0,-2.8,10,3241.0003725669385,681.8718789749136,1.0,60,Bare / sparse vegetation,0.7,131.0,0.9924029859724224
3.0,Gateway_3,42.47059,-9.00175,18.5,1575451581.925775,-119.0,-15.2,10,5765.493252299723,681.8718789749136,1.0,60,Bare / sparse vegetation,0.7,133.0,0.0
3.0,Gateway_1,42.47059,-9.00175,18.5,1575451589.255499,-111.0,5.8,9,968.5613769252411,681.8718789749136,1.0,60,Bare / sparse vegetation,0.7,125.0,0.9993378377887877
3.0,Gateway_2,42.47059,-9.00175,18.5,1575451589.255499,-117.0,-3.0,9,3241.0003725669385,681.8718789749136,1.0,60,Bare / sparse vegetation,0.7,131.0,0.9776292281438345
3.0,Gateway_3,42.47059,-9.00175,18.5,1575451589.255499,-120.0,-14.8,9,5765.493252299723,681.8718789749136,1.0,60,Bare / sparse vegetation,0.7,134.0,0.0
3.0,Gateway_1,42.4707,-9.00175,17.7,1575451595.557317,-111.0,7.0,8,969.901236444713,683.1328134539367,1.0,30,Grassland,0.8,125.0,0.9988862248521552
3.0,Gateway_2,42.4707,-9.00175,17.7,1575451595.557317,-118.0,-0.8,8,3228.8690127252125,683.1328134539367,1.0,30,Grassland,0.8,132.0,0.9747770251647728
3.0,Gateway_1,42.4707,-9.00175,17.7,1575451504.204385,-111.0,5.8,7,969.901236444713,683.1328134539367,1.0,30,Grassland,0.8,125.0,0.9951072462747605
3.0,Gateway_2,42.4707,-9.00175,17.7,1575451504.204385,-118.0,-1.0,7,3228.8690127252125,683.1328134539367,1.0,30,Grassland,0.8,132.0,0.9257264217856661
3.0,Gateway_1,42.47059,-9.00175,17.9,1575451543.921517,-119.0,-7.0,12,968.5953235853036,681.8558640480986,1.0,60,Bare / sparse vegetation,0.7,133.0,0.9944834355792392
3.0,Gateway_2,42.47059,-9.00175,17.9,1575451543.921517,-120.0,-13.0,12,3240.997928876079,681.8558640480986,1.0,60,Bare / sparse vegetation,0.7,134.0,0.9391899373747821
3.0,Gateway_1,42.47059,-9.00175,18.0,1575451552.548418,-118.0,-1.0,11,968.589640080524,681.8584965641912,1.0,60,Bare / sparse vegetation,0.7,132.0,0.9986396319624521
3.0,Gateway_2,42.47059,-9.00175,18.0,1575451552.548418,-115.0,0.5,11,3240.9983284443447,681.8584965641912,1.0,60,Bare / sparse vegetation,0.7,129.0,0.9992534141916233
3.0,Gateway_3,42.47059,-9.00175,18.0,1575451552.548418,-120.0,-13.5,11,5765.494358015941,681.8584965641912,1.0,60,Bare / sparse vegetation,0.7,134.0,0.7981034820053446
3.0,Gateway_1,42.47059,-9.00175,18.1,1575451550.519818,-115.0,0.8,10,968.5839668667446,681.8611437358629,1.0,60,Bare / sparse vegetation,0.7,129.0,0.9982000564937694
3.0,Gateway_2,42.47059,-9.00175,18.1,1575451550.519818,-120.0,-5.5,10,3240.998731098029,681.8611437358629,1.0,60,Bare / sparse vegetation,0.7,134.0,0.9776292281438345
3.0,Gateway_3,42.47059,-9.00175,18.1,1575451550.519818,-120.0,-13.0,10,5765.494133403801,681.8611437358629,1.0,60,Bare / sparse vegetation,0.7,134.0,0.5506710358827784
3.0,Gateway_1,42.47055,-9.00179,15.2,1575451557.752301,-115.0,-2.5,9,965.0511900651031,678.1023961059063,1.0,60,Bare / sparse vegetation,0.7,129.0,0.9816843611112658
3.0,Gateway_1,42.47055,-9.00179,14.9,1575451575.348555,-115.0,-0.8,8,965.0692044853943,678.0957377867609,1.0,60,Bare / sparse vegetation,0.7,129.0,0.9747770251647728
3.0,Gateway_1,42.47055,-9.00179,14.5,1575451582.885282,-115.0,2.2,7,965.0933682530783,678.0870663893918,1.0,60,Bare / sparse vegetation,0.7,129.0,0.9793491748182874
3.0,Gateway_1,42.47055,-9.0018,14.7,1575451722.575581,-112.0,3.2,12,964.2641593270042,677.272536369227,1.0,60,Bare / sparse vegetation,0.7,126.0,0.9999067288765351
3.0,Gateway_2,42.47055,-9.0018,14.7,1575451722.575581,-121.0,-11.0,12,3244.900889561836,677.272536369227,1.0,60,Bare / sparse vegetation,0.7,135.0,0.9726762775527075
3.0,Gateway_3,42.47055,-9.0018,14.7,1575451722.575581,-120.0,-13.2,12,5766.0182219344215,677.272536369227,1.0,60,Bare / sparse vegetation,0.7,134.0,0.9341252455735971
3.0,Gateway_1,42.47055,-9.0018,13.9,1575451731.272998,-114.0,2.0,11,964.3128584451283,677.2556448786573,1.0,60,Bare / sparse vegetation,0.7,128.0,0.9995902650210202
3.0,Gateway_3,42.47055,-9.0018,13.9,1575451731.272998,-120.0,-19.2,11,5766.020538957505,677.2556448786573,1.0,60,Bare / sparse vegetation,0.7,134.0,0.0
3.0,Gateway_1,42.47051,-9.00181,15.9,1575451739.518479,-118.0,-2.5,10,962.9604132987773,676.0942555203646,1.0,60,Bare / sparse vegetation,0.7,132.0,0.9932620530009145
3.0,Gateway_2,42.47051,-9.00181,15.9,1575451739.518479,-121.0,-15.8,10,3249.217358480021,676.0942555203646,1.0,60,Bare / sparse vegetation,0.7,135.0,0.0
3.0,Gateway_1,42.47051,-9.00181,17.29,1575451745.911518,-115.0,-2.8,9,962.8789911928455,676.1283727574493,1.0,60,Bare / sparse vegetation,0.7,129.0,0.9793491748182874
3.0,Gateway_2,42.47051,-9.00181,17.29,1575451745.911518,-118.0,-14.0,9,3249.222318763043,676.1283727574493,1.0,60,Bare / sparse vegetation,0.7,132.0,0.0
3.0,Gateway_2,42.47051,-9.00181,17.5,1575451754.720173,-120.0,-8.5,8,3249.223119862329,676.1337754820685,1.0,60,Bare / sparse vegetation,0.7,134.0,0.4511883639059736
3.0,Gateway_1,42.47051,-9.00181,18.0,1575451751.541994,-113.0,4.5,7,962.8381731010419,676.1469014553244,1.0,60,Bare / sparse vegetation,0.7,127.0,0.99177025295098
3.0,Gateway_1,42.47051,-9.00181,17.9,1575451801.571289,-105.0,7.0,12,962.8438905557598,676.1442467015719,1.0,60,Bare / sparse vegetation,0.7,119.0,0.9999796004965888
3.0,Gateway_1,42.47051,-9.00182,17.29,1575451809.982925,-105.0,7.0,11,962.0614197844515,675.3091587482133,1.0,60,Bare / sparse vegetation,0.7,119.0,0.9999445484005678
3.0,Gateway_2,42.47051,-9.00182,17.29,1575451809.982925,-118.0,-2.2,11,3249.124015200781,675.3091587482133,1.0,60,Bare / sparse vegetation,0.7,132.0,0.9978015440369574
3.0,Gateway_3,42.47051,-9.00182,17.29,1575451809.982925,-119.0,-5.2,11,5768.192177407723,675.3091587482133,1.0,60,Bare / sparse vegetation,0.7,133.0,0.9927008691532114
3.0,Gateway_1,42.47051,-9.00182,17.0,1575451818.025181,-104.0,10.0,10,962.0782563480345,675.3017960802559,1.0,60,Bare / sparse vegetation,0.7,118.0,0.9999546000702375
3.0,Gateway_2,42.47051,-9.00182,17.0,1575451818.025181,-115.0,-0.2,10,3249.122931200733,675.3017960802559,1.0,60,Bare / sparse vegetation,0.7,129.0,0.9973147998230462
3.0,Gateway_1,42.47051,-9.00182,15.9,1575451825.415089,-101.0,12.0,9,962.1429110780136,675.2750001215946,1.0,60,Bare / sparse vegetation,0.7,115.0,0.9999445484005678
3.0,Gateway_2,42.47051,-9.00182,15.9,1575451825.415089,-115.0,0.8,9,3249.1190547676833,675.2750001215946,1.0,60,Bare / sparse vegetation,0.7,129.0,0.9951072462747605
3.0,Gateway_1,42.47055,-9.00175,18.7,1575451832.519419,-117.0,-1.2,8,968.1171920785871,681.4648340877172,1.0,60,Bare / sparse vegetation,0.7,131.0,0.970400564832108
3.0,Gateway_2,42.47055,-9.00175,18.7,1575451832.519419,-117.0,-1.8,8,3245.411603108911,681.4648340877172,1.0,60,Bare / sparse vegetation,0.7,131.0,0.9623717431928238
3.0,Gateway_1,42.47055,-9.00175,18.7,1575451839.981957,-118.0,-7.2,7,968.1171920785871,681.4648340877172,1.0,60,Bare / sparse vegetation,0.7,132.0,0.11307956328284241
3.0,Gateway_2,42.47055,-9.00175,18.7,1575451839.981957,-115.0,-3.8,7,3245.411603108911,681.4648340877172,1.0,60,Bare / sparse vegetation,0.7,129.0,0.7723623116161873
3.0,Gateway_1,42.47042,-9.00155,15.2,1575451879.377295,-95.0,8.2,12,983.4189400528115,696.6414882910075,1.0,30,Grassland,0.8,109.0,0.9999873771260881
3.0,Gateway_2,42.47042,-9.00155,15.2,1575451879.377295,-115.0,1.2,12,3261.760669569708,696.6414882910075,1.0,30,Grassland,0.8,129.0,0.9997924212972823
3.0,Gateway_3,42.47042,-9.00155,15.2,1575451879.377295,-120.0,-9.8,12,5790.537258517224,696.6414882910075,1.0,30,Grassland,0.8,134.0,0.9830925343472947
3.0,Gateway_1,42.47042,-9.00155,15.29,1575451887.973898,-93.0,7.8,11,983.4136544479111,696.643457809165,1.0,30,Grassland,0.8,107.0,0.9999597338744681
3.0,Gateway_2,42.47042,-9.00155,15.29,1575451887.973898,-112.0,3.2,11,3261.760952254446,696.643457809165,1.0,30,Grassland,0.8,126.0,0.9997464627999653
3.0,Gateway_3,42.47042,-9.00155,15.29,1575451887.973898,-119.0,-5.5,11,5790.537013643567,696.643457809165,1.0,30,Grassland,0.8,133.0,0.99177025295098
3.0,Gateway_1,42.47042,-9.00155,15.79,1575451895.071077,-91.0,12.5,10,983.384439451121,696.6546112014977,1.0,30,Grassland,0.8,105.0,0.9999832982992097
3.0,Gateway_2,42.47042,-9.00155,15.79,1575451895.071077,-114.0,1.5,10,3261.762567945716,696.6546112014977,1.0,30,Grassland,0.8,128.0,0.9986396319624521
3.0,Gateway_3,42.47042,-9.00155,15.79,1575451895.071077,-119.0,-8.8,10,5790.535678706777,696.6546112014977,1.0,30,Grassland,0.8,133.0,0.9162567744078041
3.0,Gateway_1,42.47041,-9.00155,18.1,1575451903.733925,-93.0,12.5,9,983.16561055103,696.637347438176,1.0,30,Grassland,0.8,107.0,0.9999546000702375
3.0,Gateway_2,42.47041,-9.00155,18.1,1575451903.733925,-113.0,4.8,9,3262.8730275565645,696.637347438176,1.0,30,Grassland,0.8,127.0,0.9990121700594687
3.0,Gateway_3,42.47041,-9.00155,18.1,1575451903.733925,-119.0,-10.2,9,5791.350959515019,696.637347438176,1.0,30,Grassland,0.8,133.0,0.6014809589154859
3.0,Gateway_1,42.47011,-9.00193,20.2,1575451911.251171,-95.0,15.0,8,949.8450972937405,664.0822261993701,2.0,30,Grassland,0.8,109.0,0.9999546000702375
3.0,Gateway_2,42.47011,-9.00193,20.2,1575451911.251171,-117.0,1.0,8,3292.2016724212826,664.0822261993701,2.0,30,Grassland,0.8,131.0,0.9877226600969315
3.0,Gateway_3,42.47011,-9.00193,20.2,1575451911.251171,-120.0,-10.5,8,5795.101297648957,664.0822261993701,2.0,30,Grassland,0.8,134.0,0.0
3.0,Gateway_1,42.4701,-9.00194,20.2,1575451918.828411,-95.0,11.0,7,948.9748595962657,663.2408826700765,2.0,30,Grassland,0.8,109.0,0.9993887472388704
3.0,Gateway_2,42.4701,-9.00194,20.2,1575451918.828411,-115.0,0.5,7,3293.210579172629,663.2408826700765,2.0,30,Grassland,0.8,129.0,0.9592377960216338
3.0,Gateway_3,42.4701,-9.00194,20.2,1575451918.828411,-118.0,-9.0,7,5795.379025601349,663.2408826700765,2.0,30,Grassland,0.8,132.0,0.0
3.0,Gateway_1,42.4701,-9.00195,20.4,1575451958.517384,-95.0,7.2,12,948.1434500318935,662.4251269309882,2.0,30,Grassland,0.8,109.0,0.9999811688849429
3.0,Gateway_2,42.4701,-9.00195,20.4,1575451958.517384,-107.0,4.0,12,3293.117185868969,662.4251269309882,2.0,30,Grassland,0.8,121.0,0.9999322712635091
3.0,Gateway_3,42.4701,-9.00195,20.4,1575451958.517384,-118.0,-5.8,12,5794.829612165467,662.4251269309882,2.0,30,Grassland,0.8,132.0,0.9965864415566046
3.0,Gateway_1,42.47008,-9.00202,19.5,1575451955.988198,-97.0,5.5,11,942.3553517451824,656.610958121781,2.0,30,Grassland,0.8,111.0,0.9998989605981629
3.0,Gateway_2,42.47008,-9.00202,19.5,1575451955.988198,-104.0,5.8,11,3294.665960390392,656.610958121781,2.0,30,Grassland,0.8,118.0,0.999910386089597
3.0,Gateway_3,42.47008,-9.00202,19.5,1575451955.988198,-119.0,-13.0,11,5792.645197315349,656.610958121781,2.0,30,Grassland,0.8,133.0,0.8347011117784134
3.0,Gateway_1,42.45982,-9.00257,19.2,1575451975.0418,-99.0,12.2,10,1418.7963071327295,1285.5103324088846,0.0,80,Permanent water bodies,0.95,113.0,0.9999811688849429
3.0,Gateway_2,42.45982,-9.00257,19.2,1575451975.0418,-107.0,9.5,10,4425.390868215071,1285.5103324088846,0.0,80,Permanent water bodies,0.95,121.0,0.9999445484005678
3.0,Gateway_1,42.45982,-9.00258,18.5,1575451982.39255,-100.0,10.5,9,1418.3044609344367,1285.1093090212044,0.0,80,Permanent water bodies,0.95,114.0,0.9998989605981629
3.0,Gateway_1,42.45982,-9.00259,18.2,1575451989.804927,-101.0,11.0,8,1417.7977498694975,1284.7146727518132,0.0,80,Permanent water bodies,0.95,115.0,0.9997751326758212
3.0,Gateway_2,42.45982,-9.00259,18.2,1575451989.804927,-117.0,-2.8,8,4425.266770041499,1284.7146727518132,0.0,80,Permanent water bodies,0.95,131.0,0.9438652371658663
3.0,Gateway_1,42.45982,-9.0027,18.2,1575451997.394552,-103.0,11.0,7,1412.1158343803904,1280.4478064392367,0.0,80,Permanent water bodies,0.95,117.0,0.9993887472388704
3.0,Gateway_2,42.45982,-9.0027,18.2,1575451997.394552,-111.0,5.8,7,4424.612123287168,1280.4478064392367,0.0,80,Permanent water bodies,0.95,125.0,0.9951072462747605
3.0,Gateway_1,42.45983,-9.00278,17.29,1575452035.933377,-102.0,7.8,12,1407.173901263663,1276.3799819847925,0.0,80,Permanent water bodies,0.95,116.0,0.9999851869202412
3.0,Gateway_2,42.45983,-9.00278,17.29,1575452035.933377,-115.0,0.0,12,4423.03684538078,1276.3799819847925,0.0,80,Permanent water bodies,0.95,129.0,0.9996645373720975
3.0,Gateway_1,42.45982,-9.00292,14.4,1575452045.431295,-119.0,-5.2,11,1401.0119469687043,1272.0154785198918,0.0,80,Permanent water bodies,0.95,133.0,0.9927008691532114
3.0,Gateway_2,42.45982,-9.00292,14.4,1575452045.431295,-108.0,5.8,11,4423.348316020876,1272.0154785198918,0.0,80,Permanent water bodies,0.95,122.0,0.999910386089597
3.0,Gateway_1,42.45982,-9.00292,14.3,1575452053.424892,-114.0,1.0,10,1401.0161332222551,1272.0143503884653,0.0,80,Permanent water bodies,0.95,128.0,0.998338442726826
3.0,Gateway_2,42.45982,-9.00292,14.3,1575452053.424892,-95.0,9.5,10,4423.348104642536,1272.0143503884653,0.0,80,Permanent water bodies,0.95,109.0,0.9999445484005678
3.0,Gateway_1,42.45982,-9.00292,14.2,1575452050.832743,-114.0,4.0,9,1401.0203266009523,1272.0132301175918,0.0,80,Permanent water bodies,0.95,128.0,0.9986396319624521
3.0,Gateway_2,42.45982,-9.00292,14.2,1575452050.832743,-98.0,12.0,9,4423.3478955249175,1272.0132301175918,0.0,80,Permanent water bodies,0.95,112.0,0.9999445484005678
3.0,Gateway_1,42.45982,-9.00292,14.2,1575452058.317432,-111.0,7.8,8,1401.0203266009523,1272.0132301175918,0.0,80,Permanent water bodies,0.95,125.0,0.9991912332488759
3.0,Gateway_2,42.45982,-9.00292,14.2,1575452058.317432,-105.0,12.0,8,4423.3478955249175,1272.0132301175918,0.0,80,Permanent water bodies,0.95,119.0,0.9998492669249045
3.0,Gateway_1,42.45983,-9.0029,15.7,1575452075.154459,-110.0,5.5,7,1401.104406340213,1271.7978409421053,0.0,80,Permanent water bodies,0.95,124.0,0.9944834355792392
3.0,Gateway_2,42.45983,-9.0029,15.7,1575452075.154459,-105.0,9.8,7,4422.353962459373,1271.7978409421053,0.0,80,Permanent water bodies,0.95,119.0,0.9990121700594687
3.0,Gateway_1,42.45983,-9.0029,15.7,1575452115.859883,-115.0,-2.5,12,1401.104406340213,1271.7978409421053,0.0,80,Permanent water bodies,0.95,129.0,0.9990881180344455
3.0,Gateway_2,42.45983,-9.0029,15.7,1575452115.859883,-111.0,3.8,12,4422.353962459373,1271.7978409421053,0.0,80,Permanent water bodies,0.95,125.0,0.9999266303356495
3.0,Gateway_1,42.45983,-9.0029,15.79,1575452124.521995,-117.0,-3.2,11,1401.1007285580722,1271.7989551517176,0.0,80,Permanent water bodies,0.95,131.0,0.9967202890976564
3.0,Gateway_2,42.45983,-9.0029,15.79,1575452124.521995,-113.0,3.2,11,4422.354181132502,1271.7989551517176,0.0,80,Permanent water bodies,0.95,127.0,0.9997464627999653
3.0,Gateway_1,42.45983,-9.0029,15.79,1575452132.435882,-110.0,5.8,10,1401.1007285580722,1271.7989551517176,0.0,80,Permanent water bodies,0.95,124.0,0.9997564041357744
3.0,Gateway_2,42.45983,-9.0029,15.79,1575452132.435882,-109.0,5.5,10,4422.354181132502,1271.7989551517176,0.0,80,Permanent water bodies,0.95,123.0,0.9997253464300279
3.0,Gateway_1,42.45983,-9.0029,15.9,1575452139.332535,-110.0,7.0,9,1401.0962413288962,1271.8003256112968,0.0,80,Permanent water bodies,0.95,124.0,0.9995902650210202
3.0,Gateway_2,42.45983,-9.0029,15.9,1575452139.332535,-102.0,11.2,9,4422.354450887006,1271.8003256112968,0.0,80,Permanent water bodies,0.95,116.0,0.9999236360628451
3.0,Gateway_1,42.45985,-9.00288,15.0,1575452147.007051,-114.0,3.2,8,1400.4123576876896,1270.5735779665479,0.0,80,Permanent water bodies,0.95,128.0,0.9949075692073008
3.0,Gateway_2,42.45985,-9.00288,15.0,1575452147.007051,-103.0,12.2,8,4420.247438257497,1270.5735779665479,0.0,80,Permanent water bodies,0.95,117.0,0.9998608558344383
3.0,Gateway_1,42.45985,-9.00288,15.2,1575452154.51089,-117.0,-4.8,7,1400.4040886702642,1270.5759548435958,0.0,80,Permanent water bodies,0.95,131.0,0.6604044743550609
3.0,Gateway_2,42.45985,-9.00288,15.2,1575452154.51089,-102.0,10.2,7,4420.247895245465,1270.5759548435958,0.0,80,Permanent water bodies,0.95,116.0,0.9991582268516215
3.0,Gateway_1,42.45985,-9.00288,15.2,1575452194.272349,-99.0,5.5,12,1400.4040886702642,1270.5759548435958,0.0,80,Permanent water bodies,0.95,113.0,0.9999628296813159
3.0,Gateway_2,42.45985,-9.00288,15.2,1575452194.272349,-120.0,-11.2,12,4420.247895245465,1270.5759548435958,0.0,80,Permanent water bodies,0.95,134.0,0.970400564832108
3.0,Gateway_1,42.45985,-9.00288,15.2,1575452203.077518,-105.0,5.8,11,1400.4040886702642,1270.5759548435958,0.0,80,Permanent water bodies,0.95,119.0,0.999910386089597
3.0,Gateway_2,42.45985,-9.00288,15.2,1575452203.077518,-119.0,-4.2,11,4420.247895245465,1270.5759548435958,0.0,80,Permanent water bodies,0.95,133.0,0.9951072462747605
3.0,Gateway_3,42.45985,-9.00288,15.2,1575452203.077518,-120.0,-15.5,11,6641.936985939027,1270.5759548435958,0.0,80,Permanent water bodies,0.95,134.0,0.5506710358827784
3.0,Gateway_1,42.4599,-9.00315,13.4,1575452210.535157,-101.0,8.8,10,1382.417599998247,1255.50946417641,0.0,80,Permanent water bodies,0.95,115.0,0.9999266303356495
3.0,Gateway_2,42.4599,-9.00315,13.4,1575452210.535157,-107.0,8.2,10,4413.245073163217,1255.50946417641,0.0,80,Permanent water bodies,0.95,121.0,0.9999067288765351
3.0,Gateway_3,42.4599,-9.00315,13.4,1575452210.535157,-119.0,-11.2,10,6624.71943976151,1255.50946417641,0.0,80,Permanent water bodies,0.95,133.0,0.7812881130477853
3.0,Gateway_1,42.45991,-9.00315,13.7,1575452218.037777,-103.0,10.8,9,1381.5282978520331,1254.5201454460089,0.0,80,Permanent water bodies,0.95,117.0,0.999910386089597
3.0,Gateway_2,42.45991,-9.00315,13.7,1575452218.037777,-110.0,8.0,9,4412.137051385254,1254.5201454460089,0.0,80,Permanent water bodies,0.95,124.0,0.9997253464300279
3.0,Gateway_1,42.45991,-9.00318,13.5,1575452225.509518,-105.0,10.5,8,1380.0253537457218,1253.4118825670312,0.0,80,Permanent water bodies,0.95,119.0,0.9997253464300279
3.0,Gateway_2,42.45991,-9.00318,13.5,1575452225.509518,-111.0,5.8,8,4411.981506009536,1253.4118825670312,0.0,80,Permanent water bodies,0.95,125.0,0.9982000564937694
3.0,Gateway_1,42.45992,-9.00319,13.8,1575452233.115451,-109.0,8.0,7,1378.6318658263351,1252.0537899229384,0.0,80,Permanent water bodies,0.95,123.0,0.9979705693637043
3.0,Gateway_2,42.45992,-9.00319,13.8,1575452233.115451,-105.0,10.0,7,4410.82202724712,1252.0537899229384,0.0,80,Permanent water bodies,0.95,119.0,0.9990881180344455
3.0,Gateway_1,42.45992,-9.0032,13.9,1575452272.743923,-105.0,5.2,12,1378.1243207048406,1251.6872022271186,0.0,80,Permanent water bodies,0.95,119.0,0.9999580905827115
3.0,Gateway_2,42.45992,-9.0032,13.9,1575452272.743923,-115.0,-1.0,12,4410.770954432531,1251.6872022271186,0.0,80,Permanent water bodies,0.95,129.0,0.9994995485665594
3.0,Gateway_1,42.47002,-9.00413,11.3,1575452281.224359,-107.0,5.2,11,769.6636800574975,482.8760618729744,5.0,60,Bare / sparse vegetation,0.7,121.0,0.9998860783925432
3.0,Gateway_2,42.47002,-9.00413,11.3,1575452281.224359,-117.0,0.5,11,3286.2575290971927,482.8760618729744,5.0,60,Bare / sparse vegetation,0.7,131.0,0.9992534141916233
3.0,Gateway_1,42.47001,-9.00414,11.0,1575452289.324927,-111.0,7.0,10,768.8215684811056,482.04317293693106,5.0,60,Bare / sparse vegetation,0.7,125.0,0.9998492669249045
3.0,Gateway_1,42.47001,-9.00415,11.0,1575452295.515295,-107.0,7.5,9,768.0025904484352,481.22100675697243,5.0,60,Bare / sparse vegetation,0.7,121.0,0.9996645373720975
3.0,Gateway_2,42.47001,-9.00415,11.0,1575452295.515295,-113.0,2.8,9,3287.2670645575377,481.22100675697243,5.0,60,Bare / sparse vegetation,0.7,127.0,0.9978015440369574
3.0,Gateway_1,42.47001,-9.00417,10.9,1575452304.158554,-117.0,-5.5,8,766.3727528968592,479.5743933571123,5.0,60,Bare / sparse vegetation,0.7,131.0,0.8347011117784134
3.0,Gateway_2,42.47001,-9.00417,10.9,1575452304.158554,-114.0,2.5,8,3287.1689971896994,479.5743933571123,5.0,60,Bare / sparse vegetation,0.7,128.0,0.9932620530009145
3.0,Gateway_1,42.47,-9.00418,10.8,1575452311.579435,-113.0,5.5,7,765.516046558135,478.7487085622032,5.0,60,Bare / sparse vegetation,0.7,127.0,0.9944834355792392
3.0,Gateway_2,42.47,-9.00418,10.8,1575452311.579435,-120.0,-7.0,7,3288.229070431429,478.7487085622032,5.0,60,Bare / sparse vegetation,0.7,134.0,0.18126924692201818
3.0,Gateway_1,42.45979,-9.00448,11.7,1575452351.388092,-110.0,5.2,12,1328.4314861876144,1221.6968423149542,0.0,80,Permanent water bodies,0.95,124.0,0.9999580905827115
3.0,Gateway_2,42.45979,-9.00448,11.7,1575452351.388092,-119.0,-4.2,12,4419.896388340268,1221.6968423149542,0.0,80,Permanent water bodies,0.95,133.0,0.9982000564937694
3.0,Gateway_1,42.45977,-9.00449,12.3,1575452350.077594,-105.0,5.2,11,1329.793385156345,1223.4605994520443,0.0,80,Permanent water bodies,0.95,119.0,0.9998860783925432
3.0,Gateway_1,42.45977,-9.00449,12.3,1575452358.090791,-110.0,2.5,10,1329.793385156345,1223.4605994520443,0.0,80,Permanent water bodies,0.95,124.0,0.9990881180344455
3.0,Gateway_2,42.45977,-9.00449,12.3,1575452358.090791,-119.0,-10.2,10,4422.085930383324,1223.4605994520443,0.0,80,Permanent water bodies,0.95,133.0,0.8533930378696499
3.0,Gateway_1,42.45945,-9.00472,13.2,1575452375.47317,-113.0,5.2,9,1349.2823475722312,1249.8576510241578,0.0,80,Permanent water bodies,0.95,127.0,0.9991582268516215
3.0,Gateway_1,42.45935,-9.00485,14.3,1575452383.415098,-105.0,10.5,8,1353.0196793252076,1256.6472284130168,0.0,80,Permanent water bodies,0.95,119.0,0.9997253464300279
3.0,Gateway_1,42.45935,-9.00485,14.5,1575452391.004913,-113.0,2.2,7,1353.0110171913927,1256.6495202235653,0.0,80,Permanent water bodies,0.95,127.0,0.9793491748182874
3.0,Gateway_1,42.4593,-9.00488,15.3,1575452439.257282,-105.0,5.8,11,1356.4249407077205,1261.0630799795654,0.0,80,Permanent water bodies,0.95,119.0,0.999910386089597
3.0,Gateway_1,42.45893,-9.00487,18.9,1575452447.13584,-99.0,11.0,10,1391.935352744134,1300.1881294720658,0.0,80,Permanent water bodies,0.95,113.0,0.9999695675169916
3.0,Gateway_1,42.45892,-9.00487,18.79,1575452454.531855,-109.0,7.2,9,1392.896287380609,1301.2371813972607,0.0,80,Permanent water bodies,0.95,123.0,0.9996217669432174
3.0,Gateway_1,42.45891,-9.00487,18.79,1575452452.054354,-110.0,5.5,8,1393.8531710062368,1302.287927544288,0.0,80,Permanent water bodies,0.95,124.0,0.9979705693637043
3.0,Gateway_1,42.45889,-9.00487,18.4,1575452459.550099,-95.0,11.5,7,1395.7828239430216,1304.3841587585255,0.0,80,Permanent water bodies,0.95,109.0,0.9994995485665594
3.0,Gateway_1,42.45884,-9.0049,18.9,1575452509.108978,-92.0,10.2,12,1399.3119035354553,1308.8546994173332,0.0,80,Permanent water bodies,0.95,106.0,0.999994328177141
3.0,Gateway_1,42.45854,-9.00495,19.1,1575452517.581315,-105.0,3.2,11,1426.1659016495682,1339.1827401801265,0.0,80,Permanent water bodies,0.95,119.0,0.9997464627999653
3.0,Gateway_2,42.45854,-9.00495,19.1,1575452517.581315,-117.0,-7.8,11,4557.394691571662,1339.1827401801265,0.0,80,Permanent water bodies,0.95,131.0,0.9793491748182874
3.0,Gateway_1,42.45854,-9.00495,19.1,1575452525.783734,-98.0,9.5,10,1426.1659016495682,1339.1827401801265,0.0,80,Permanent water bodies,0.95,112.0,0.9999445484005678
3.0,Gateway_2,42.45854,-9.00495,19.1,1575452525.783734,-114.0,1.5,10,4557.394691571662,1339.1827401801265,0.0,80,Permanent water bodies,0.95,128.0,0.9986396319624521
3.0,Gateway_1,42.45854,-9.00495,18.9,1575452533.135505,-87.0,12.0,9,1426.1734743809834,1339.1799026256153,0.0,80,Permanent water bodies,0.95,101.0,0.9999445484005678
3.0,Gateway_2,42.45854,-9.00495,18.9,1575452533.135505,-115.0,2.8,9,4557.3940771855105,1339.1799026256153,0.0,80,Permanent water bodies,0.95,129.0,0.9978015440369574
3.0,Gateway_1,42.45851,-9.00493,17.7,1575452540.845551,-89.0,14.5,8,1429.927683682973,1342.8416392807553,0.0,80,Permanent water bodies,0.95,103.0,0.9999445484005678
3.0,Gateway_2,42.45851,-9.00493,17.7,1575452540.845551,-113.0,4.8,8,4560.769097655888,1342.8416392807553,0.0,80,Permanent water bodies,0.95,127.0,0.9973147998230462
3.0,Gateway_1,42.45851,-9.00493,19.1,1575452548.573355,-90.0,11.5,7,1429.8742254348642,1342.860822343934,0.0,80,Permanent water bodies,0.95,104.0,0.9994995485665594
3.0,Gateway_2,42.45851,-9.00493,19.1,1575452548.573355,-114.0,3.8,7,4560.773210995358,1342.860822343934,0.0,80,Permanent water bodies,0.95,128.0,0.9891109763314455
3.0,Gateway_1,42.45851,-9.00493,19.1,1575452588.214845,-105.0,5.8,12,1429.8742254348642,1342.860822343934,0.0,80,Permanent water bodies,0.95,119.0,0.9999670328847198
3.0,Gateway_2,42.45851,-9.00493,19.1,1575452588.214845,-119.0,-10.8,12,4560.773210995358,1342.860822343934,0.0,80,Permanent water bodies,0.95,133.0,0.9747770251647728
3.0,Gateway_3,42.45851,-9.00493,19.1,1575452588.214845,-119.0,-18.5,12,6671.602901798928,1342.860822343934,0.0,80,Permanent water bodies,0.95,133.0,0.4511883639059736
3.0,Gateway_1,42.45851,-9.00493,19.1,1575452595.897378,-97.0,5.5,11,1429.8742254348642,1342.860822343934,0.0,80,Permanent water bodies,0.95,111.0,0.9998989605981629
3.0,Gateway_2,42.45851,-9.00493,19.1,1575452595.897378,-118.0,-5.2,11,4560.773210995358,1342.860822343934,0.0,80,Permanent water bodies,0.95,132.0,0.9927008691532114
3.0,Gateway_1,42.45852,-9.00493,18.79,1575452505.077197,-105.0,11.0,10,1428.9186495359434,1341.8006875546164,0.0,80,Permanent water bodies,0.95,119.0,0.9999695675169916
3.0,Gateway_2,42.45852,-9.00493,18.79,1575452505.077197,-119.0,-3.8,10,4559.661914144627,1341.8006875546164,0.0,80,Permanent water bodies,0.95,133.0,0.9886665868453326
3.0,Gateway_1,42.45889,-9.00487,15.5,1575452512.810384,-95.0,11.2,9,1395.8992734486096,1304.3464737638487,0.0,80,Permanent water bodies,0.95,109.0,0.9999236360628451
3.0,Gateway_2,42.45889,-9.00487,15.5,1575452512.810384,-117.0,-4.5,9,4518.717554361325,1304.3464737638487,0.0,80,Permanent water bodies,0.95,131.0,0.9592377960216338
3.0,Gateway_1,42.4589,-9.00487,15.4,1575452520.293999,-109.0,7.8,8,1394.9461498542607,1303.2943082628515,0.0,80,Permanent water bodies,0.95,123.0,0.9991912332488759
3.0,Gateway_1,42.45895,-9.00485,15.9,1575452527.823401,-98.0,13.2,7,1390.9784357012427,1298.5825229276497,0.0,80,Permanent water bodies,0.95,112.0,0.9997464627999653
3.0,Gateway_2,42.45895,-9.00485,15.9,1575452527.823401,-119.0,-3.8,7,4512.107017530925,1298.5825229276497,0.0,80,Permanent water bodies,0.95,133.0,0.7723623116161873
3.0,Gateway_1,42.45895,-9.00485,15.9,1575452557.577533,-101.0,5.2,12,1390.9784357012427,1298.5825229276497,0.0,80,Permanent water bodies,0.95,115.0,0.9999580905827115
3.0,Gateway_1,42.45901,-9.00487,15.4,1575452575.975953,-101.0,5.2,11,1384.4315808525619,1291.7401269006305,0.0,80,Permanent water bodies,0.95,115.0,0.9998860783925432
3.0,Gateway_1,42.45901,-9.00487,15.29,1575452584.042552,-105.0,9.5,10,1384.4361618225391,1291.7388201742863,0.0,80,Permanent water bodies,0.95,119.0,0.9999445484005678
3.0,Gateway_1,42.45902,-9.00487,15.4,1575452591.397588,-119.0,-3.2,9,1383.4770997763685,1290.6903540098676,0.0,80,Permanent water bodies,0.95,133.0,0.9757660321543089
3.0,Gateway_1,42.45907,-9.00509,17.5,1575452598.781959,-110.0,8.2,8,1369.448595009639,1279.6452062834442,0.0,80,Permanent water bodies,0.95,124.0,0.9993108144363072
3.0,Gateway_1,42.45907,-9.00509,17.7,1575452705.300205,-110.0,5.2,7,1369.440504138049,1279.6479570429512,0.0,80,Permanent water bodies,0.95,124.0,0.9937800909840574
3.0,Gateway_1,42.45899,-9.00535,18.29,1575452745.973592,-108.0,5.0,12,1366.5501641485305,1281.5478217516825,0.0,80,Permanent water bodies,0.95,122.0,0.9999546000702375
3.0,Gateway_1,42.45899,-9.00535,18.2,1575452754.572159,-118.0,-4.2,11,1366.5537702682525,1281.546540448876,0.0,80,Permanent water bodies,0.95,132.0,0.9951072462747605
3.0,Gateway_2,42.45899,-9.00535,18.2,1575452754.572159,-120.0,-13.5,11,4506.591928562399,1281.546540448876,0.0,80,Permanent water bodies,0.95,134.0,0.7981034820053446
3.0,Gateway_1,42.45899,-9.00535,18.0,1575452752.552742,-119.0,-5.5,10,1366.5618050547057,1281.543715733678,0.0,80,Permanent water bodies,0.95,133.0,0.9776292281438345
3.0,Gateway_2,42.45899,-9.00535,18.0,1575452752.552742,-120.0,-13.0,10,4506.591347191774,1281.543715733678,0.0,80,Permanent water bodies,0.95,134.0,0.5506710358827784
3.0,Gateway_1,42.45898,-9.00539,18.7,1575452759.720254,-113.0,2.8,9,1365.90317749746,1281.6367831613827,0.0,80,Permanent water bodies,0.95,127.0,0.9978015440369574
3.0,Gateway_1,42.45898,-9.00539,18.79,1575452777.245355,-118.0,-4.0,8,1365.8996026054251,1281.6380994852864,0.0,80,Permanent water bodies,0.95,132.0,0.9092820467105875
3.0,Gateway_1,42.45901,-9.00529,17.29,1575452784.793213,-113.0,1.8,7,1367.0690736259396,1280.8976372767083,0.0,80,Permanent water bodies,0.95,127.0,0.9757660321543089
3.0,Gateway_1,42.45902,-9.00528,17.0,1575452824.550057,-105.0,4.8,12,1366.5185535890828,1280.0842657060205,0.0,80,Permanent water bodies,0.95,119.0,0.9999508188432149
3.0,Gateway_2,42.45902,-9.00528,17.0,1575452824.550057,-120.0,-15.2,12,4503.385647054683,1280.0842657060205,0.0,80,Permanent water bodies,0.95,134.0,0.8533930378696499
3.0,Gateway_1,42.45905,-9.00515,17.5,1575452833.523808,-103.0,5.8,11,1368.9008102834023,1280.2071653630992,0.0,80,Permanent water bodies,0.95,117.0,0.999910386089597
3.0,Gateway_2,42.45905,-9.00515,17.5,1575452833.523808,-119.0,-12.2,11,4500.314226488456,1280.2071653630992,0.0,80,Permanent water bodies,0.95,133.0,0.8799683714885433
3.0,Gateway_1,42.45907,-9.00515,17.79,1575452841.575954,-115.0,-0.5,10,1366.965877543676,1278.100506986512,0.0,80,Permanent water bodies,0.95,129.0,0.9969724452546241
3.0,Gateway_2,42.45907,-9.00515,17.79,1575452841.575954,-118.0,-8.8,10,4498.094122697349,1278.100506986512,0.0,80,Permanent water bodies,0.95,132.0,0.9162567744078041
3.0,Gateway_1,42.45918,-9.00491,20.1,1575452848.478795,-107.0,9.0,9,1366.3536455980852,1272.8878082001231,0.0,80,Permanent water bodies,0.95,121.0,0.9998158942063324
3.0,Gateway_2,42.45918,-9.00491,20.1,1575452848.478795,-120.0,-9.2,9,4486.432439251804,1272.8878082001231,0.0,80,Permanent water bodies,0.95,134.0,0.7328646980341498
3.0,Gateway_1,42.45919,-9.00491,20.29,1575452855.950858,-100.0,13.8,8,1365.3945424702545,1271.8419849506718,0.0,80,Permanent water bodies,0.95,114.0,0.9999266303356495
3.0,Gateway_1,42.4592,-9.00492,20.29,1575452853.505181,-108.0,8.2,7,1364.019827942314,1270.5225545294816,0.0,80,Permanent water bodies,0.95,122.0,0.9981265994057775
3.0,Gateway_1,42.45935,-9.00489,19.9,1575452903.272857,-111.0,3.8,12,1351.0711112715546,1255.6184590485175,0.0,80,Permanent water bodies,0.95,125.0,0.9999266303356495
3.0,Gateway_2,42.45935,-9.00489,19.9,1575452903.272857,-119.0,-14.5,12,4467.605996842548,1255.6184590485175,0.0,80,Permanent water bodies,0.95,133.0,0.8891968416376661
3.0,Gateway_1,42.45937,-9.0049,19.9,1575452911.878213,-105.0,5.2,11,1348.7483913820463,1253.2499480984095,0.0,80,Permanent water bodies,0.95,119.0,0.9998860783925432
3.0,Gateway_1,42.45949,-9.00535,23.4,1575452919.750188,-112.0,5.8,10,1318.1833190404716,1228.7416977886005,0.0,80,Permanent water bodies,0.95,126.0,0.9997564041357744
3.0,Gateway_1,42.4595,-9.00535,23.3,1575452927.127153,-110.0,5.0,9,1317.2295705026634,1227.6844000265125,0.0,80,Permanent water bodies,0.95,124.0,0.9990881180344455
3.0,Gateway_1,42.45958,-9.00544,23.8,1575452935.057335,-117.0,-5.8,8,1305.8093206301683,1216.952938257033,0.0,80,Permanent water bodies,0.95,131.0,0.81362602396059
3.0,Gateway_1,42.45959,-9.00545,23.8,1575452942.534974,-115.0,0.8,7,1304.4361925179342,1215.6430141116539,0.0,80,Permanent water bodies,0.95,129.0,0.9638471682459536
3.0,Gateway_1,42.45984,-9.0055,24.5,1575452982.170522,-117.0,-2.0,12,1278.421672165397,1187.9838714091204,0.0,80,Permanent water bodies,0.95,131.0,0.9992534141916233
3.0,Gateway_2,42.45984,-9.0055,24.5,1575452982.170522,-120.0,-15.2,12,4411.962235347227,1187.9838714091204,0.0,80,Permanent water bodies,0.95,134.0,0.8533930378696499
3.0,Gateway_1,42.45985,-9.00551,24.8,1575452990.774955,-114.0,3.0,11,1277.0360398303415,1186.6786577637904,0.0,80,Permanent water bodies,0.95,128.0,0.9997253464300279
3.0,Gateway_2,42.45985,-9.00551,24.8,1575452990.774955,-120.0,-8.8,11,4410.837104342236,1186.6786577637904,0.0,80,Permanent water bodies,0.95,134.0,0.9691925889672489
3.0,Gateway_1,42.47028,-9.00559,27.4,1575452998.755818,-104.0,9.2,10,650.978395795532,365.03115259232084,14.0,30,Grassland,0.8,118.0,0.9999374784962252
3.0,Gateway_1,42.47029,-9.00559,27.3,1575453005.127838,-107.0,9.2,9,651.0924430691998,365.11996037165756,14.0,30,Grassland,0.8,121.0,0.999830048932401
3.0,Gateway_2,42.47029,-9.00559,27.3,1575453005.127838,-121.0,-10.0,9,3251.2948977263045,365.11996037165756,14.0,30,Grassland,0.8,135.0,0.6321205588285577
3.0,Gateway_1,42.4703,-9.0057,27.5,1575453013.520784,-115.0,2.8,8,642.2086778177742,356.2535553316375,14.0,30,Grassland,0.8,129.0,0.994023977104994
3.0,Gateway_2,42.47045,-9.00575,29.8,1575453021.155791,-117.0,-2.5,7,3233.254474593254,354.3233530144407,15.0,30,Grassland,0.8,131.0,0.8646647167633873
3.0,Gateway_3,42.47045,-9.00575,29.8,1575453021.155791,-119.0,-9.5,7,5561.087718314828,354.3233530144407,15.0,30,Grassland,0.8,133.0,0.0
3.0,Gateway_1,42.47048,-9.00577,30.0,1575453050.825892,-117.0,-5.8,12,638.655596625818,353.20558811681894,15.0,30,Grassland,0.8,131.0,0.9965864415566046
3.0,Gateway_2,42.47048,-9.00577,30.0,1575453050.825892,-115.0,-3.2,12,3229.891665267279,353.20558811681894,15.0,30,Grassland,0.8,129.0,0.998793461786042
3.0,Gateway_3,42.47048,-9.00577,30.0,1575453050.825892,-119.0,-14.0,12,5557.473936789823,353.20558811681894,15.0,30,Grassland,0.8,133.0,0.9092820467105875
3.0,Gateway_1,42.47054,-9.00584,30.7,1575453059.192832,-119.0,-5.5,11,633.8391677132005,348.68290909203205,16.0,30,Grassland,0.8,133.0,0.99177025295098
3.0,Gateway_2,42.47054,-9.00584,30.7,1575453059.192832,-114.0,3.2,11,3223.125802665842,348.68290909203205,16.0,30,Grassland,0.8,128.0,0.9997464627999653
3.0,Gateway_3,42.47054,-9.00584,30.7,1575453059.192832,-119.0,-8.2,11,5548.668516207252,348.68290909203205,16.0,30,Grassland,0.8,133.0,0.9757660321543089
3.0,Gateway_1,42.47055,-9.00584,30.5,1575453077.252115,-118.0,-5.5,10,634.0130808724214,348.85815296691686,16.0,30,Grassland,0.8,132.0,0.9776292281438345
3.0,Gateway_2,42.47055,-9.00584,30.5,1575453077.252115,-112.0,3.5,10,3222.0136017259515,348.85815296691686,16.0,30,Grassland,0.8,126.0,0.9993887472388704
3.0,Gateway_3,42.47055,-9.00584,30.5,1575453077.252115,-119.0,-7.5,10,5547.814663378665,348.85815296691686,16.0,30,Grassland,0.8,133.0,0.950212931632136
3.0,Gateway_1,42.47055,-9.00584,30.5,1575453084.584855,-119.0,-7.5,9,634.0130808724214,348.85815296691686,16.0,30,Grassland,0.8,133.0,0.8646647167633873
3.0,Gateway_2,42.47055,-9.00584,30.5,1575453084.584855,-112.0,3.8,9,3222.0136017259515,348.85815296691686,16.0,30,Grassland,0.8,126.0,0.998526330897646
3.0,Gateway_3,42.47055,-9.00584,30.5,1575453084.584855,-119.0,-12.2,9,5547.814663378665,348.85815296691686,16.0,30,Grassland,0.8,133.0,0.11307956328284274
3.0,Gateway_1,42.47073,-9.00571,31.0,1575453091.53334,-118.0,-5.0,8,647.6972563581899,363.3244024057399,17.0,30,Grassland,0.8,132.0,0.8646647167633873
3.0,Gateway_2,42.47073,-9.00571,31.0,1575453091.53334,-111.0,5.0,8,3202.2365683066455,363.3244024057399,17.0,30,Grassland,0.8,125.0,0.9975212478233336
3.0,Gateway_3,42.47073,-9.00571,31.0,1575453091.53334,-118.0,-11.2,8,5539.32444719111,363.3244024057399,17.0,30,Grassland,0.8,132.0,0.0
3.0,Gateway_1,42.47073,-9.00571,30.9,1575453099.150455,-120.0,-5.5,7,647.703748556334,363.3158837478593,17.0,30,Grassland,0.8,134.0,0.5506710358827784
3.0,Gateway_2,42.47073,-9.00571,30.9,1575453099.150455,-111.0,7.5,7,3202.2357579354334,363.3158837478593,17.0,30,Grassland,0.8,125.0,0.9975212478233336
3.0,Gateway_1,42.47073,-9.00571,30.2,1575453139.031789,-111.0,3.8,12,647.7496243873297,363.2570183540684,17.0,30,Grassland,0.8,125.0,0.9999266303356495
3.0,Gateway_2,42.47073,-9.00571,30.2,1575453139.031789,-118.0,-2.8,12,3202.230172770271,363.2570183540684,17.0,30,Grassland,0.8,132.0,0.9989718559548253
3.0,Gateway_3,42.47073,-9.00571,30.2,1575453139.031789,-119.0,-11.2,12,5539.324504959887,363.2570183540684,17.0,30,Grassland,0.8,133.0,0.970400564832108
3.0,Gateway_1,42.47072,-9.00571,30.1,1575453147.52323,-109.0,5.5,11,647.5648155540376,363.0023846479376,17.0,30,Grassland,0.8,123.0,0.9998989605981629
3.0,Gateway_2,42.47072,-9.00571,30.1,1575453147.52323,-111.0,3.8,11,3203.3399255212507,363.0023846479376,17.0,30,Grassland,0.8,125.0,0.9998005605746358
3.0,Gateway_3,42.47072,-9.00571,30.1,1575453147.52323,-119.0,-5.0,11,5540.175688159876,363.0023846479376,17.0,30,Grassland,0.8,133.0,0.9932620530009145
3.0,Gateway_2,42.47073,-9.00572,31.0,1575453155.015555,-108.0,7.8,10,3202.219152623655,362.52589875345706,17.0,30,Grassland,0.8,122.0,0.9998905453226643
3.0,Gateway_3,42.47073,-9.00572,31.0,1575453155.015555,-119.0,-5.2,10,5538.796031377397,362.52589875345706,17.0,30,Grassland,0.8,133.0,0.9801589052556298
3.0,Gateway_2,42.47073,-9.00572,31.0,1575453153.328472,-113.0,4.5,9,3202.219152623655,362.52589875345706,17.0,30,Grassland,0.8,127.0,0.9988862248521552
3.0,Gateway_3,42.47073,-9.00572,31.0,1575453153.328472,-115.0,0.2,9,5538.796031377397,362.52589875345706,17.0,30,Grassland,0.8,129.0,0.9937800909840574
3.0,Gateway_1,42.47082,-9.00589,30.9,1575453170.957583,-113.0,4.8,8,635.00966929959,351.4169267634988,18.0,30,Grassland,0.8,127.0,0.9973147998230462
3.0,Gateway_2,42.47082,-9.00589,30.9,1575453170.957583,-114.0,5.2,8,3191.9588676267103,351.4169267634988,18.0,30,Grassland,0.8,128.0,0.9977118233470779
3.0,Gateway_3,42.47082,-9.00589,30.9,1575453170.957583,-119.0,-5.5,8,5522.154413217986,351.4169267634988,18.0,30,Grassland,0.8,133.0,0.8347011117784134
3.0,Gateway_1,42.47082,-9.0059,30.5,1575453178.558238,-118.0,-3.5,7,634.2312030088488,350.59100117562133,18.0,30,Grassland,0.8,132.0,0.7981034820053446
3.0,Gateway_2,42.47082,-9.0059,30.5,1575453178.558238,-109.0,8.5,7,3191.9419873066713,350.59100117562133,18.0,30,Grassland,0.8,123.0,0.998338442726826
3.0,Gateway_3,42.47082,-9.0059,30.5,1575453178.558238,-119.0,-5.0,7,5521.626580062933,350.59100117562133,18.0,30,Grassland,0.8,133.0,0.6321205588285577
3.0,Gateway_1,42.47097,-9.00595,30.0,1575453218.531008,-119.0,-5.5,12,633.6808731805106,351.3412822765655,18.0,30,Grassland,0.8,133.0,0.9969724452546241
3.0,Gateway_2,42.47097,-9.00595,30.0,1575453218.531008,-112.0,3.5,12,3175.2129912579994,351.3412822765655,18.0,30,Grassland,0.8,126.0,0.9999172759344434
3.0,Gateway_3,42.47097,-9.00595,30.0,1575453218.531008,-119.0,-14.2,12,5506.21516704623,351.3412822765655,18.0,30,Grassland,0.8,133.0,0.9017264143956385
3.0,Gateway_1,42.47125,-9.00594,29.8,1575453301.847274,-119.0,-9.5,12,642.0179445914412,362.83168975528645,15.0,30,Grassland,0.8,133.0,0.9850044231795223
3.0,Gateway_2,42.47125,-9.00594,29.8,1575453301.847274,-101.0,5.8,12,3144.1257545122344,362.83168975528645,15.0,30,Grassland,0.8,115.0,0.9999670328847198
3.0,Gateway_3,42.47125,-9.00594,29.8,1575453301.847274,-119.0,-11.8,12,5482.9586153885,362.83168975528645,15.0,30,Grassland,0.8,133.0,0.9623717431928238
3.0,Gateway_1,42.47125,-9.00594,29.9,1575453310.473372,-120.0,-9.2,11,642.0112235603196,362.83991661706193,15.0,30,Grassland,0.8,134.0,0.9638471682459536
3.0,Gateway_2,42.47125,-9.00594,29.9,1575453310.473372,-110.0,5.8,11,3144.126544874924,362.83991661706193,15.0,30,Grassland,0.8,124.0,0.999910386089597
3.0,Gateway_1,42.47125,-9.00594,29.9,1575453318.592992,-119.0,-10.2,10,642.0112235603196,362.83991661706193,15.0,30,Grassland,0.8,133.0,0.8533930378696499
3.0,Gateway_2,42.47125,-9.00594,29.9,1575453318.592992,-108.0,7.2,10,3144.126544874924,362.83991661706193,15.0,30,Grassland,0.8,122.0,0.9998608558344383
3.0,Gateway_1,42.47125,-9.00594,29.9,1575453325.953588,-117.0,-1.2,9,642.0112235603196,362.83991661706193,15.0,30,Grassland,0.8,131.0,0.9891109763314455
3.0,Gateway_3,42.47125,-9.00594,29.9,1575453325.953588,-119.0,-12.5,9,5482.958594414423,362.83991661706193,15.0,30,Grassland,0.8,133.0,0.0
3.0,Gateway_1,42.47148,-9.00595,30.0,1575453334.202533,-119.0,-12.5,8,648.4523354438068,372.6362314317411,14.0,30,Grassland,0.8,133.0,0.0
3.0,Gateway_2,42.47148,-9.00595,30.0,1575453334.202533,-101.0,11.5,8,3118.569462581759,372.6362314317411,14.0,30,Grassland,0.8,115.0,0.9998158942063324
3.0,Gateway_2,42.47148,-9.00595,30.0,1575453341.795293,-102.0,12.0,7,3118.569462581759,372.6362314317411,14.0,30,Grassland,0.8,116.0,0.9995902650210202
3.0,Gateway_2,42.47149,-9.00597,30.1,1575453381.45101,-105.0,4.0,12,3117.434458585832,371.66831145486606,14.0,30,Grassland,0.8,119.0,0.9999322712635091
3.0,Gateway_3,42.47149,-9.00597,30.1,1575453381.45101,-119.0,-9.2,12,5461.030938904351,371.66831145486606,14.0,30,Grassland,0.8,133.0,0.9867001164575563
3.0,Gateway_2,42.47151,-9.00598,30.0,1575453390.085575,-102.0,8.5,11,3115.2000685781054,371.9236854899382,14.0,30,Grassland,0.8,116.0,0.9999695675169916
3.0,Gateway_2,42.47151,-9.00598,30.0,1575453398.157091,-105.0,10.0,10,3115.2000685781054,371.9236854899382,14.0,30,Grassland,0.8,119.0,0.9999546000702375
3.0,Gateway_3,42.47151,-9.00598,30.0,1575453398.157091,-119.0,-13.8,10,5458.805913881571,371.9236854899382,14.0,30,Grassland,0.8,133.0,0.38121660819385905
3.0,Gateway_2,42.47185,-9.00707,28.3,1575453405.73817,-102.0,11.2,9,3077.3881859305056,317.9486066577034,14.0,30,Grassland,0.8,116.0,0.9999236360628451
3.0,Gateway_3,42.47185,-9.00707,28.3,1575453405.73817,-120.0,-8.0,9,5372.133713017706,317.9486066577034,14.0,30,Grassland,0.8,134.0,0.8347011117784134
3.0,Gateway_2,42.47185,-9.00707,28.4,1575453413.239595,-104.0,10.8,8,3077.3889446907174,317.95752306805855,14.0,30,Grassland,0.8,118.0,0.9997564041357744
3.0,Gateway_2,42.47187,-9.00707,28.5,1575453420.795095,-98.0,11.0,7,3075.168345238851,319.406798032632,14.0,30,Grassland,0.8,112.0,0.9993887472388704
3.0,Gateway_1,42.47193,-9.00709,28.2,1575453450.577554,-118.0,-13.8,12,579.5105318356783,322.53230793142137,14.0,30,Grassland,0.8,132.0,0.9162567744078041
3.0,Gateway_2,42.47193,-9.00709,28.2,1575453450.577554,-105.0,5.2,12,3068.5257721727094,322.53230793142137,14.0,30,Grassland,0.8,119.0,0.9999580905827115
3.0,Gateway_3,42.47193,-9.00709,28.2,1575453450.577554,-118.0,-9.2,12,5364.2650603598,322.53230793142137,14.0,30,Grassland,0.8,132.0,0.9867001164575563
3.0,Gateway_2,42.4723,-9.00722,25.9,1575453459.379517,-105.0,5.0,11,3027.59273253371,343.81981885384465,14.0,30,Grassland,0.8,119.0,0.9998765901959134
3.0,Gateway_2,42.4723,-9.00722,25.7,1575453477.511855,-104.0,12.5,10,3027.591358504469,343.8048106654277,14.0,30,Grassland,0.8,118.0,0.9999832982992097
3.0,Gateway_2,42.47231,-9.00722,25.5,1575453484.855442,-95.0,12.5,9,3026.4793879308036,344.6162238756004,14.0,30,Grassland,0.8,109.0,0.9999546000702375
3.0,Gateway_2,42.47233,-9.00725,25.9,1575453491.872022,-98.0,14.0,8,3024.307509460033,344.67957635746103,14.0,30,Grassland,0.8,112.0,0.9999322712635091
3.0,Gateway_3,42.47233,-9.00725,25.9,1575453491.872022,-119.0,-11.0,8,5321.794730602852,344.67957635746103,14.0,30,Grassland,0.8,133.0,0.0
3.0,Gateway_2,42.47234,-9.00725,25.9,1575453499.40449,-104.0,11.8,7,3023.196918293355,345.51446865260147,14.0,30,Grassland,0.8,118.0,0.9995561393960971
3.0,Gateway_1,42.47248,-9.00712,25.5,1575453538.802543,-119.0,-15.5,12,605.9984657961086,364.19210052111083,13.0,30,Grassland,0.8,133.0,0.8347011117784134
3.0,Gateway_2,42.47248,-9.00712,25.5,1575453538.802543,-94.0,8.2,12,3007.457447966882,364.19210052111083,13.0,30,Grassland,0.8,108.0,0.9999873771260881
3.0,Gateway_3,42.47248,-9.00712,25.5,1575453538.802543,-118.0,-8.5,12,5315.993000368229,364.19210052111083,13.0,30,Grassland,0.8,132.0,0.9899481642553665
3.0,Gateway_2,42.47248,-9.00712,25.1,1575453547.458947,-98.0,7.8,11,3007.454748010595,364.1643119279797,13.0,30,Grassland,0.8,112.0,0.9999597338744681
3.0,Gateway_3,42.47248,-9.00712,25.1,1575453547.458947,-118.0,-7.5,11,5315.993429262682,364.1643119279797,13.0,30,Grassland,0.8,132.0,0.9816843611112658
3.0,Gateway_2,42.47249,-9.00712,25.0,1575453555.503751,-97.0,12.0,10,3006.34342087995,364.9984807415172,13.0,30,Grassland,0.8,111.0,0.9999796004965888
3.0,Gateway_3,42.47249,-9.00712,25.0,1575453555.503751,-119.0,-5.8,10,5315.147343739119,364.9984807415172,13.0,30,Grassland,0.8,133.0,0.9747770251647728
3.0,Gateway_2,42.47255,-9.00579,23.5,1575453552.871454,-100.0,11.2,9,2999.924579160173,447.9444839856539,8.0,30,Grassland,0.8,114.0,0.9999236360628451
3.0,Gateway_3,42.47255,-9.00579,23.5,1575453552.871454,-119.0,-10.2,9,5381.646899961343,447.9444839856539,8.0,30,Grassland,0.8,133.0,0.6014809589154859
3.0,Gateway_2,42.47255,-9.00579,22.7,1575453570.373585,-98.0,10.0,8,2999.9197523682765,447.90322697338735,8.0,30,Grassland,0.8,112.0,0.9996645373720975
3.0,Gateway_2,42.47255,-9.00575,21.9,1575453577.727959,-97.0,11.0,7,2999.984539459367,450.41111602400036,8.0,30,Grassland,0.8,111.0,0.9993887472388704
3.0,Gateway_3,42.47255,-9.00575,21.9,1575453577.727959,-119.0,-5.5,7,5383.821590224834,450.41111602400036,8.0,30,Grassland,0.8,133.0,0.5506710358827784
3.0,Gateway_2,42.47257,-9.00575,21.9,1575453517.410955,-95.0,8.0,12,2997.7634463088507,451.81155373412497,8.0,30,Grassland,0.8,109.0,0.9999863258039343
3.0,Gateway_3,42.47257,-9.00575,21.9,1575453517.410955,-119.0,-5.0,12,5382.153806177093,451.81155373412497,8.0,30,Grassland,0.8,133.0,0.9975212478233336
3.0,Gateway_2,42.47257,-9.00575,21.9,1575453525.044288,-97.0,5.5,11,2997.7634463088507,451.81155373412497,8.0,30,Grassland,0.8,111.0,0.9998989605981629
3.0,Gateway_3,42.47257,-9.00575,21.9,1575453525.044288,-118.0,-5.2,11,5382.153806177093,451.81155373412497,8.0,30,Grassland,0.8,132.0,0.9927008691532114
3.0,Gateway_1,42.47257,-9.00575,21.8,1575453533.957551,-119.0,-9.5,10,709.8022660791289,451.80671762120147,8.0,30,Grassland,0.8,133.0,0.8891968416376661
3.0,Gateway_2,42.47257,-9.00575,21.8,1575453533.957551,-105.0,9.0,10,2997.7628842230865,451.80671762120147,8.0,30,Grassland,0.8,119.0,0.9999322712635091
3.0,Gateway_3,42.47257,-9.00575,21.8,1575453533.957551,-118.0,-7.5,10,5382.15397618338,451.80671762120147,8.0,30,Grassland,0.8,132.0,0.950212931632136
3.0,Gateway_1,42.47257,-9.00575,21.8,1575453541.354755,-120.0,-10.0,9,709.8022660791289,451.80671762120147,8.0,30,Grassland,0.8,134.0,0.6321205588285577
3.0,Gateway_2,42.47257,-9.00575,21.8,1575453541.354755,-100.0,11.2,9,2997.7628842230865,451.80671762120147,8.0,30,Grassland,0.8,114.0,0.9999236360628451
3.0,Gateway_3,42.47257,-9.00575,21.8,1575453541.354755,-120.0,-10.5,9,5382.15397618338,451.80671762120147,8.0,30,Grassland,0.8,134.0,0.5506710358827784
3.0,Gateway_1,42.47258,-9.00575,23.1,1575453548.871987,-118.0,-10.5,8,710.2058418491469,452.5739002734246,8.0,30,Grassland,0.8,132.0,0.0
3.0,Gateway_2,42.47258,-9.00575,23.1,1575453548.871987,-102.0,11.0,8,2996.659907850286,452.5739002734246,8.0,30,Grassland,0.8,116.0,0.9997751326758212
3.0,Gateway_2,42.47258,-9.00575,23.0,1575453555.459375,-104.0,11.5,7,2996.6593055129383,452.56880715389536,8.0,30,Grassland,0.8,118.0,0.9994995485665594
3.0,Gateway_1,42.47271,-9.00589,23.0,1575453595.551878,-119.0,-13.8,12,706.638052650954,453.19839274646944,11.0,30,Grassland,0.8,133.0,0.9162567744078041
3.0,Gateway_2,42.47271,-9.00589,23.0,1575453595.551878,-105.0,5.0,12,2981.9937663271526,453.19839274646944,11.0,30,Grassland,0.8,119.0,0.9999546000702375
3.0,Gateway_3,42.47271,-9.00589,23.0,1575453595.551878,-120.0,-10.5,12,5362.872109182374,453.19839274646944,11.0,30,Grassland,0.8,134.0,0.9776292281438345
3.0,Gateway_2,42.47271,-9.00589,23.0,1575453705.175991,-98.0,5.8,11,2981.9937663271526,453.19839274646944,11.0,30,Grassland,0.8,112.0,0.999910386089597
3.0,Gateway_3,42.47271,-9.00589,23.0,1575453705.175991,-119.0,-11.2,11,5362.872109182374,453.19839274646944,11.0,30,Grassland,0.8,133.0,0.9195403932504675
3.0,Gateway_1,42.4727,-9.00703,22.9,1575453713.19712,-119.0,-4.8,10,625.1635268134324,387.4691836474444,13.0,30,Grassland,0.8,133.0,0.9830925343472947
3.0,Gateway_2,42.4727,-9.00703,22.9,1575453713.19712,-115.0,2.8,10,2982.897125947586,387.4691836474444,13.0,30,Grassland,0.8,129.0,0.9991912332488759
3.0,Gateway_3,42.4727,-9.00703,22.9,1575453713.19712,-119.0,-11.0,10,5302.216758456233,387.4691836474444,13.0,30,Grassland,0.8,133.0,0.7981034820053446
3.0,Gateway_2,42.4727,-9.00702,22.8,1575453720.512515,-112.0,5.0,9,2982.8855367303513,387.98220015974306,13.0,30,Grassland,0.8,126.0,0.9990881180344455
3.0,Gateway_1,42.47252,-9.00703,22.8,1575453728.440771,-119.0,-7.5,8,614.8190335266895,372.2014932413209,13.0,30,Grassland,0.8,133.0,0.6321205588285577
3.0,Gateway_2,42.47252,-9.00703,22.8,1575453728.440771,-113.0,4.0,8,3002.8892075174344,372.2014932413209,13.0,30,Grassland,0.8,127.0,0.996302136283517
3.0,Gateway_2,42.47244,-9.00718,23.5,1575453735.071033,-102.0,11.8,7,3011.9692789901005,357.4865622885199,14.0,30,Grassland,0.8,116.0,0.9995561393960971
3.0,Gateway_1,42.47244,-9.00719,23.5,1575453775.78352,-118.0,-15.2,12,598.9686037281901,356.95362778034604,14.0,30,Grassland,0.8,132.0,0.8533930378696499
3.0,Gateway_2,42.47244,-9.00719,23.5,1575453775.78352,-115.0,-2.0,12,3011.9837545402897,356.95362778034604,14.0,30,Grassland,0.8,129.0,0.9992534141916233
3.0,Gateway_3,42.47244,-9.00719,23.5,1575453775.78352,-119.0,-15.0,12,5315.6564150775575,356.95362778034604,14.0,30,Grassland,0.8,133.0,0.8646647167633873
3.0,Gateway_2,42.47243,-9.0072,23.5,1575453784.452525,-115.0,1.0,11,3013.1090780136697,355.5778101890333,14.0,30,Grassland,0.8,129.0,0.9993887472388704
3.0,Gateway_2,42.4724,-9.00725,24.1,1575453792.122947,-114.0,1.5,10,3016.5214406032565,350.4275949983822,14.0,30,Grassland,0.8,128.0,0.9986396319624521
3.0,Gateway_2,42.4724,-9.00725,24.2,1575453799.493123,-118.0,-4.2,9,3016.5220754403813,350.43448651117393,14.0,30,Grassland,0.8,132.0,0.9638471682459536
3.0,Gateway_2,42.47279,-9.00774,21.5,1575453807.115475,-115.0,3.0,8,2974.2565304153813,362.0145513214371,16.0,10,Tree,0.9,129.0,0.9944834355792392
3.0,Gateway_2,42.47281,-9.00774,21.5,1575453814.580595,-115.0,2.8,7,2972.036138217224,363.9182976896422,16.0,10,Tree,0.9,129.0,0.9837554855580501
3.0,Gateway_2,42.47295,-9.00779,21.7,1575453852.419533,-117.0,-2.2,11,2956.634605242827,375.34520406903357,16.0,10,Tree,0.9,131.0,0.9978015440369574
3.0,Gateway_2,42.47295,-9.0078,21.4,1575453870.458843,-115.0,-11.2,10,2956.66161841866,374.9304627207986,16.0,10,Tree,0.9,129.0,0.7812881130477853
3.0,Gateway_2,42.47342,-9.00805,24.5,1575453878.229053,-118.0,0.0,9,2905.3111549237537,413.08739546687633,16.0,30,Grassland,0.8,132.0,0.9932620530009145
3.0,Gateway_2,42.47343,-9.00805,24.5,1575453885.755535,-117.0,-3.0,8,2904.2013697134653,414.10920692343916,16.0,30,Grassland,0.8,131.0,0.9391899373747821
3.0,Gateway_2,42.47348,-9.00811,25.1,1575453893.304409,-115.0,-0.8,7,2898.8720200711346,417.3982122482475,16.0,30,Grassland,0.8,129.0,0.9314368458457221
3.0,Gateway_1,42.47348,-9.00811,25.3,1575453932.955455,-120.0,-17.0,12,607.9215541645141,417.4102868737581,16.0,30,Grassland,0.8,134.0,0.698805788087798
3.0,Gateway_2,42.47348,-9.00811,25.3,1575453932.955455,-115.0,1.0,12,2898.8734137163183,417.4102868737581,16.0,30,Grassland,0.8,129.0,0.9997751326758212
3.0,Gateway_3,42.47348,-9.00811,25.3,1575453932.955455,-120.0,-21.5,12,5178.640246170297,417.4102868737581,16.0,30,Grassland,0.8,134.0,0.0
3.0,Gateway_2,42.47348,-9.00812,25.8,1575453942.043728,-110.0,4.5,11,2898.9136837008086,417.13539941094433,16.0,30,Grassland,0.8,124.0,0.9998492669249045
3.0,Gateway_2,42.47348,-9.00812,27.0,1575453950.045785,-110.0,7.2,10,2898.9225421780056,417.21133906178534,16.0,30,Grassland,0.8,124.0,0.9998608558344383
3.0,Gateway_3,42.47348,-9.00812,27.0,1575453950.045785,-119.0,-12.0,10,5178.104780986784,417.21133906178534,16.0,30,Grassland,0.8,133.0,0.698805788087798
3.0,Gateway_2,42.47384,-9.00822,25.8,1575453957.371751,-107.0,7.8,9,2859.351106846069,451.7114253390662,16.0,30,Grassland,0.8,121.0,0.9997024713395585
3.0,Gateway_2,42.47385,-9.00822,25.9,1575453954.854073,-107.0,11.0,8,2858.24233758577,452.7662440802993,16.0,30,Grassland,0.8,121.0,0.9997751326758212
3.0,Gateway_2,42.47401,-9.00825,25.3,1575453972.473548,-104.0,11.5,7,2840.607157332905,468.79446558301316,16.0,30,Grassland,0.8,118.0,0.9994995485665594
3.0,Gateway_2,42.47402,-9.00825,25.2,1575454012.187528,-105.0,4.2,12,2839.497008949499,469.84470284348464,16.0,30,Grassland,0.8,119.0,0.9999374784962252
3.0,Gateway_3,42.47402,-9.00825,25.2,1575454012.187528,-119.0,-7.8,12,5125.632375695882,469.84470284348464,16.0,30,Grassland,0.8,133.0,0.9924029859724224
3.0,Gateway_2,42.47418,-9.00832,22.3,1575454021.042737,-105.0,5.5,11,2822.0195168844675,484.95536357162854,15.0,30,Grassland,0.8,119.0,0.9998989605981629
3.0,Gateway_3,42.47418,-9.00832,22.3,1575454021.042737,-119.0,-17.2,11,5108.429122405555,484.95536357162854,15.0,30,Grassland,0.8,133.0,0.11307956328284274
3.0,Gateway_2,42.47419,-9.00832,22.1,1575454029.103121,-102.0,11.8,10,2820.908987979854,486.0098995569486,15.0,30,Grassland,0.8,116.0,0.9999779014817677
3.0,Gateway_2,42.47452,-9.00854,23.1,1575454035.523255,-110.0,7.8,9,2785.3180135117655,516.7649216315612,15.0,10,Tree,0.9,124.0,0.9997024713395585
3.0,Gateway_2,42.47453,-9.00855,23.1,1575454044.11517,-113.0,3.5,8,2784.257826057091,517.6542254648855,15.0,10,Tree,0.9,127.0,0.9954834190573874
3.0,Gateway_2,42.47474,-9.00874,21.3,1575454051.29941,-110.0,7.5,7,2761.94023190337,537.0519571448642,9.0,10,Tree,0.9,124.0,0.9975212478233336
3.0,Gateway_1,42.47475,-9.00874,21.2,1575454091.015085,-118.0,-21.0,12,681.8375218144226,538.1371148122977,9.0,10,Tree,0.9,132.0,0.0
3.0,Gateway_2,42.47475,-9.00874,21.2,1575454091.015085,-114.0,1.0,12,2760.831222186189,538.1371148122977,9.0,10,Tree,0.9,128.0,0.9997751326758212
3.0,Gateway_3,42.47475,-9.00874,21.2,1575454091.015085,-119.0,-10.8,12,5037.984418095007,538.1371148122977,9.0,10,Tree,0.9,133.0,0.9747770251647728
3.0,Gateway_1,42.47475,-9.00875,21.2,1575454099.705287,-120.0,-14.2,11,681.3707069106116,537.9793791896279,9.0,10,Tree,0.9,134.0,0.7328646980341498
3.0,Gateway_2,42.47475,-9.00875,21.2,1575454099.705287,-115.0,1.8,11,2760.8852074791503,537.9793791896279,9.0,10,Tree,0.9,129.0,0.9995561393960971
3.0,Gateway_3,42.47475,-9.00875,21.2,1575454099.705287,-120.0,-9.5,11,5037.444101790258,537.9793791896279,9.0,10,Tree,0.9,134.0,0.9592377960216338
3.0,Gateway_2,42.47489,-9.00881,20.7,1575454107.898713,-105.0,1.2,10,2745.6958018918995,552.3259345162438,12.0,30,Grassland,0.8,119.0,0.9984661893206755
3.0,Gateway_3,42.47489,-9.00881,20.7,1575454107.898713,-120.0,-12.5,10,5022.483735298124,552.3259345162438,12.0,30,Grassland,0.8,134.0,0.6321205588285577
3.0,Gateway_2,42.47534,-9.00921,19.79,1575454115.314743,-105.0,8.0,9,2698.298188623492,597.0553866824887,14.0,30,Grassland,0.8,119.0,0.9997253464300279
3.0,Gateway_2,42.47535,-9.00922,19.9,1575454122.815454,-111.0,5.8,8,2697.2587045060077,598.0739094743763,14.0,30,Grassland,0.8,125.0,0.9982000564937694
3.0,Gateway_2,42.47535,-9.00923,19.9,1575454130.395291,-114.0,4.2,7,2697.3259902563345,597.9862719966846,14.0,30,Grassland,0.8,128.0,0.9907209861129352
3.0,Gateway_2,42.47541,-9.00928,20.4,1575454159.808348,-118.0,-5.2,12,2691.027445299188,604.2103797695495,14.0,30,Grassland,0.8,132.0,0.9973147998230462
3.0,Gateway_2,42.47542,-9.00929,20.1,1575454178.450975,-111.0,3.0,11,2689.9878135504828,605.225310466607,14.0,30,Grassland,0.8,125.0,0.9997253464300279
3.0,Gateway_2,42.47554,-9.00958,19.5,1575454185.410279,-119.0,-4.8,10,2678.821427971283,616.6737393659582,12.0,10,Tree,0.9,133.0,0.9830925343472947
3.0,Gateway_2,42.47554,-9.00958,19.5,1575454193.799455,-117.0,0.0,9,2678.821427971283,616.6737393659582,12.0,10,Tree,0.9,131.0,0.9932620530009145
3.0,Gateway_2,42.47554,-9.00958,19.7,1575454201.351511,-118.0,-0.5,8,2678.8225180026584,616.6800960170466,12.0,10,Tree,0.9,132.0,0.9776292281438345
3.0,Gateway_2,42.47551,-9.00971,19.5,1575454208.555288,-115.0,0.0,7,2683.156403194091,612.8391579351853,13.0,10,Tree,0.9,129.0,0.950212931632136
3.0,Gateway_2,42.47551,-9.00971,19.4,1575454248.411315,-119.0,-4.8,12,2683.1558646492103,612.8359841741566,13.0,10,Tree,0.9,133.0,0.9977118233470779
3.0,Gateway_2,42.47548,-9.00975,23.0,1575454257.077541,-119.0,-4.5,11,2686.8152979400597,609.5131159162273,13.0,10,Tree,0.9,133.0,0.9944834355792392
3.0,Gateway_2,42.47547,-9.00975,23.0,1575454255.15954,-113.0,4.5,10,2687.9207307786774,608.4037169923922,13.0,10,Tree,0.9,127.0,0.9995902650210202
3.0,Gateway_2,42.47547,-9.00975,22.4,1575454272.524373,-118.0,-1.2,9,2687.916779766401,608.3813301295158,13.0,10,Tree,0.9,132.0,0.9891109763314455
3.0,Gateway_2,42.47545,-9.00978,20.0,1575454279.592893,-112.0,4.8,8,2690.3562990395753,605.999854164586,13.0,10,Tree,0.9,126.0,0.9973147998230462
3.0,Gateway_2,42.47545,-9.00978,15.5,1575454325.81222,-112.0,2.0,12,2690.334972783486,605.8680328648306,13.0,10,Tree,0.9,126.0,0.9998492669249045
3.0,Gateway_2,42.47545,-9.00978,15.9,1575454335.517024,-105.0,5.8,11,2690.336563662978,605.8783980696948,13.0,10,Tree,0.9,119.0,0.999910386089597
3.0,Gateway_2,42.47544,-9.00979,15.9,1575454343.571244,-108.0,8.5,10,2691.523420362582,604.7444106733598,15.0,10,Tree,0.9,122.0,0.9999172759344434
3.0,Gateway_2,42.47538,-9.0098,23.8,1575454350.804921,-114.0,3.5,9,2698.280506914261,598.3235067586415,15.0,10,Tree,0.9,128.0,0.998338442726826
3.0,Gateway_2,42.47555,-9.0097,22.3,1575454358.554274,-120.0,-9.8,8,2678.6709599611404,617.4039908963977,13.0,10,Tree,0.9,134.0,0.07688365361336391
3.0,Gateway_2,42.47555,-9.00971,22.3,1575454355.273575,-118.0,-4.0,7,2678.750824376926,617.3716781576087,13.0,10,Tree,0.9,132.0,0.7534030360583935
3.0,Gateway_2,42.47557,-9.00972,22.5,1575454405.979185,-120.0,-8.2,12,2676.621245687793,619.5663543813412,13.0,10,Tree,0.9,134.0,0.9910848214515604
3.0,Gateway_2,42.47571,-9.00975,21.8,1575454414.583895,-120.0,-7.5,11,2661.3837359663225,634.9883379661544,13.0,10,Tree,0.9,134.0,0.9816843611112658
3.0,Gateway_2,42.47513,-9.00998,19.1,1575454422.89395,-115.0,-7.0,10,2727.3810653742016,570.1754347662466,15.0,10,Tree,0.9,129.0,0.9592377960216338
3.0,Gateway_2,42.47515,-9.00997,19.5,1575454437.798141,-117.0,1.8,8,2725.0883244284064,572.4122744598508,15.0,10,Tree,0.9,131.0,0.9910848214515604
3.0,Gateway_2,42.4752,-9.00997,20.5,1575454445.555157,-114.0,4.2,7,2719.5696610556697,577.9977597319929,16.0,10,Tree,0.9,128.0,0.9907209861129352
3.0,Gateway_3,42.47533,-9.01001,20.5,1575454485.315995,-119.0,-15.8,12,4920.930145930486,592.4249288229303,16.0,10,Tree,0.9,133.0,0.8136260239605899
3.0,Gateway_2,42.47534,-9.01,20.1,1575454493.980385,-120.0,-10.8,11,2704.3587101314993,593.5208383675072,16.0,10,Tree,0.9,134.0,0.9314368458457221
3.0,Gateway_2,42.47535,-9.01,19.5,1575454502.057155,-117.0,0.8,10,2703.2507799776363,594.6110484897747,16.0,10,Tree,0.9,131.0,0.9982000564937694
3.0,Gateway_2,42.47541,-9.00985,20.5,1575454509.107775,-119.0,-5.5,9,2695.3555422929176,601.4322257312958,15.0,10,Tree,0.9,133.0,0.9391899373747821
3.0,Gateway_2,42.47547,-9.01002,18.29,1575454517.114215,-119.0,-10.5,8,2690.163549481157,607.8985546166782,15.0,10,Tree,0.9,133.0,0.0
3.0,Gateway_2,42.47549,-9.01003,18.1,1575454554.452995,-109.0,5.0,12,2688.0412350094657,610.116299672247,15.0,10,Tree,0.9,123.0,0.9999546000702375
3.0,Gateway_2,42.47554,-9.01005,17.4,1575454572.955015,-110.0,4.8,11,2682.692013606729,615.6565641610613,15.0,10,Tree,0.9,124.0,0.9998663117552086
3.0,Gateway_2,42.47595,-9.01001,22.8,1575454580.842121,-119.0,-5.2,10,2637.0905081292344,661.3343844934573,13.0,10,Tree,0.9,133.0,0.9801589052556298
3.0,Gateway_1,42.47595,-9.01001,22.9,1575454588.202137,-119.0,-12.2,9,749.3061318820126,661.3378396200688,13.0,10,Tree,0.9,133.0,0.11307956328284274
3.0,Gateway_1,42.47595,-9.01001,23.1,1575454595.707878,-118.0,-12.5,8,749.2927860829731,661.3447951812578,13.0,10,Tree,0.9,132.0,0.0
3.0,Gateway_2,42.47595,-9.01001,23.1,1575454595.707878,-119.0,-7.2,8,2637.092550151645,661.3447951812578,13.0,10,Tree,0.9,133.0,0.6737202053769604
3.0,Gateway_1,42.47595,-9.01001,23.4,1575454503.284774,-120.0,-7.5,7,749.2728670357576,661.3553417893742,13.0,10,Tree,0.9,134.0,0.0
3.0,Gateway_2,42.47597,-9.01,24.0,1575454542.854087,-115.0,-0.5,12,2634.8014434701186,663.5965238404902,13.0,10,Tree,0.9,129.0,0.9995902650210202
3.0,Gateway_2,42.47701,-9.01011,25.9,1575454551.275458,-118.0,-8.2,11,2521.0365400175106,779.1713504661695,15.0,30,Grassland,0.8,132.0,0.9757660321543089
3.0,Gateway_2,42.47701,-9.01011,25.5,1575454559.374358,-120.0,-7.0,10,2521.0332556520275,779.1581568508889,15.0,30,Grassland,0.8,134.0,0.9592377960216338
3.0,Gateway_2,42.47701,-9.0101,27.1,1575454555.775175,-120.0,-7.2,9,2520.951190540053,779.2030495222058,15.0,30,Grassland,0.8,134.0,0.8799683714885432
3.0,Gateway_2,42.47701,-9.0101,27.2,1575454574.250295,-115.0,1.0,8,2520.952069176507,779.2065338436948,15.0,30,Grassland,0.8,129.0,0.9877226600969315
3.0,Gateway_2,42.47703,-9.0099,22.7,1575454777.327973,-95.0,9.2,12,2516.852160357551,781.2830186368282,15.0,30,Grassland,0.8,109.0,0.9999915386345782
3.0,Gateway_2,42.47703,-9.0099,22.8,1575454785.973411,-100.0,7.2,11,2516.8528656034846,781.2859305083347,15.0,30,Grassland,0.8,114.0,0.9999488117221309
3.0,Gateway_2,42.47703,-9.0099,23.1,1575454794.08775,-107.0,9.2,10,2516.855005179375,781.2947428533449,15.0,30,Grassland,0.8,121.0,0.9999374784962252
3.0,Gateway_2,42.47703,-9.0099,23.4,1575454801.357308,-109.0,5.8,9,2516.8571805123293,781.3036702910555,15.0,30,Grassland,0.8,123.0,0.9993378377887877
3.0,Gateway_2,42.47727,-9.0097,22.8,1575454808.783519,-114.0,2.8,8,2488.586206864148,808.2680637632195,12.0,10,Tree,0.9,128.0,0.994023977104994
3.0,Gateway_2,42.47727,-9.00959,22.5,1575454815.322754,-105.0,10.0,7,2487.656231879329,808.5863050926815,10.0,30,Grassland,0.8,119.0,0.9990881180344455
3.0,Gateway_2,42.47728,-9.00958,22.8,1575454855.047801,-111.0,2.2,12,2486.4704482333327,809.7387864271194,10.0,30,Grassland,0.8,125.0,0.9998608558344383
3.0,Gateway_3,42.47728,-9.00958,22.8,1575454855.047801,-119.0,-14.0,12,4782.586901088436,809.7387864271194,10.0,30,Grassland,0.8,133.0,0.9092820467105875
3.0,Gateway_2,42.4773,-9.00955,22.7,1575454872.788053,-109.0,5.8,10,2484.012472861432,812.0634193583772,10.0,30,Grassland,0.8,123.0,0.9997564041357744
3.0,Gateway_2,42.47797,-9.00904,20.9,1575454879.912124,-117.0,-1.5,9,2406.0141736154837,889.0858744621842,5.0,30,Grassland,0.8,131.0,0.9877226600969315
3.0,Gateway_2,42.47798,-9.00903,20.8,1575454887.412539,-117.0,1.0,8,2404.836650076368,890.2629702471575,5.0,30,Grassland,0.8,131.0,0.9877226600969315
3.0,Gateway_2,42.47799,-9.00902,20.9,1575454895.013225,-119.0,-5.5,7,2403.660663083254,891.4453323127709,5.0,30,Grassland,0.8,133.0,0.5506710358827784
3.0,Gateway_1,42.47799,-9.00901,20.9,1575454934.590942,-117.0,-3.2,12,989.9220802979617,891.5200487696984,5.0,30,Grassland,0.8,131.0,0.998793461786042
3.0,Gateway_2,42.47799,-9.00901,20.9,1575454934.590942,-117.0,-2.5,12,2403.591065059162,891.5200487696984,5.0,30,Grassland,0.8,131.0,0.9990881180344455
3.0,Gateway_1,42.478,-9.00901,21.0,1575454943.359917,-119.0,-8.2,11,990.9477548413275,892.6282793511849,5.0,30,Grassland,0.8,133.0,0.9757660321543089
3.0,Gateway_2,42.478,-9.00901,21.0,1575454943.359917,-115.0,0.0,11,2402.484899584564,892.6282793511849,5.0,30,Grassland,0.8,129.0,0.9990881180344455
3.0,Gateway_3,42.478,-9.00901,21.0,1575454943.359917,-119.0,-10.2,11,4756.376481921176,892.6282793511849,5.0,30,Grassland,0.8,133.0,0.946066312699644
3.0,Gateway_1,42.47849,-9.0088,18.5,1575454951.512227,-117.0,-4.2,10,1047.9694942865924,948.4194288539784,6.0,30,Grassland,0.8,131.0,0.9867001164575563
3.0,Gateway_3,42.47849,-9.0088,18.5,1575454951.512227,-119.0,-7.8,10,4729.258867256682,948.4194288539784,6.0,30,Grassland,0.8,133.0,0.9438652371658663
3.0,Gateway_1,42.4785,-9.00879,18.9,1575454958.909491,-118.0,-2.0,9,1049.281523669759,949.6177090768083,6.0,30,Grassland,0.8,132.0,0.9850044231795223
3.0,Gateway_2,42.4785,-9.00879,18.9,1575454958.909491,-117.0,0.2,9,2345.63926680285,949.6177090768083,6.0,30,Grassland,0.8,131.0,0.9937800909840574
3.0,Gateway_3,42.4785,-9.00879,18.9,1575454958.909491,-119.0,-8.5,9,4729.038349520102,949.6177090768083,6.0,30,Grassland,0.8,133.0,0.7981034820053446
3.0,Gateway_2,42.47851,-9.00879,18.79,1575454955.427493,-115.0,0.5,8,2344.531270994828,950.7200251146842,6.0,30,Grassland,0.8,129.0,0.9850044231795223
3.0,Gateway_3,42.47851,-9.00879,18.79,1575454955.427493,-119.0,-8.0,8,4728.244508781334,950.7200251146842,6.0,30,Grassland,0.8,133.0,0.5506710358827784
3.0,Gateway_3,42.47855,-9.0088,18.5,1575454973.999494,-119.0,-5.8,7,4724.494697467063,955.0471904516229,6.0,30,Grassland,0.8,133.0,0.49338300763441045
3.0,Gateway_1,42.47855,-9.00878,20.29,1575455013.973555,-120.0,-15.8,12,1054.674751592416,955.2548672341964,4.0,30,Grassland,0.8,134.0,0.8136260239605899
3.0,Gateway_2,42.47855,-9.00878,20.29,1575455013.973555,-111.0,4.2,12,2340.046393779769,955.2548672341964,4.0,30,Grassland,0.8,125.0,0.9999374784962252
3.0,Gateway_3,42.47855,-9.00878,20.29,1575455013.973555,-118.0,-4.5,12,4725.64107966461,955.2548672341964,4.0,30,Grassland,0.8,132.0,0.9979705693637043
3.0,Gateway_1,42.47857,-9.00878,20.4,1575455022.545075,-120.0,-13.2,11,1056.7357228992441,957.4660939860743,4.0,30,Grassland,0.8,134.0,0.8209338520885069
3.0,Gateway_2,42.47857,-9.00878,20.4,1575455022.545075,-112.0,5.2,11,2337.832406464674,957.4660939860743,4.0,30,Grassland,0.8,126.0,0.9998860783925432
3.0,Gateway_3,42.47857,-9.00878,20.4,1575455022.545075,-117.0,-2.2,11,4724.054181883875,957.4660939860743,4.0,30,Grassland,0.8,131.0,0.9978015440369574
3.0,Gateway_1,42.47858,-9.00877,20.29,1575455030.709595,-120.0,-15.5,10,1058.0734917671741,958.6546370799365,4.0,30,Grassland,0.8,134.0,0.0
3.0,Gateway_2,42.47858,-9.00877,20.29,1575455030.709595,-115.0,1.8,10,2336.6596859127594,958.6546370799365,4.0,30,Grassland,0.8,129.0,0.998793461786042
3.0,Gateway_3,42.47858,-9.00877,20.29,1575455030.709595,-118.0,-4.5,10,4723.837085735346,958.6546370799365,4.0,30,Grassland,0.8,132.0,0.9850044231795223
3.0,Gateway_1,42.47895,-9.00858,24.1,1575455037.973477,-120.0,-12.2,9,1101.8132215156766,1001.3124760895187,7.0,30,Grassland,0.8,134.0,0.11307956328284274
3.0,Gateway_2,42.47895,-9.00858,24.1,1575455037.973477,-114.0,3.5,9,2294.5228746327066,1001.3124760895187,7.0,30,Grassland,0.8,128.0,0.998338442726826
3.0,Gateway_3,42.47895,-9.00858,24.1,1575455037.973477,-118.0,-4.2,9,4705.6000418996,1001.3124760895187,7.0,30,Grassland,0.8,132.0,0.9638471682459536
3.0,Gateway_1,42.47903,-9.00857,23.1,1575455045.85851,-119.0,-12.8,8,1110.428738260897,1010.2084316401706,7.0,30,Grassland,0.8,133.0,0.0
3.0,Gateway_2,42.47903,-9.00857,23.1,1575455045.85851,-115.0,1.0,8,2285.592116205497,1010.2084316401706,7.0,30,Grassland,0.8,129.0,0.9877226600969315
3.0,Gateway_3,42.47903,-9.00857,23.1,1575455045.85851,-117.0,-3.0,8,4699.89664317942,1010.2084316401706,7.0,30,Grassland,0.8,131.0,0.9391899373747821
3.0,Gateway_2,42.47903,-9.00857,23.0,1575455053.445157,-108.0,9.5,7,2285.59132647565,1010.2061499302473,7.0,30,Grassland,0.8,122.0,0.9988862248521552
3.0,Gateway_3,42.47903,-9.00857,23.0,1575455053.445157,-115.0,-1.5,7,4699.896812332073,1010.2061499302473,7.0,30,Grassland,0.8,129.0,0.9092820467105875
3.0,Gateway_2,42.47903,-9.00857,22.8,1575455093.155953,-118.0,-2.8,12,2285.589760140853,1010.2016161919823,7.0,30,Grassland,0.8,132.0,0.9989718559548253
3.0,Gateway_2,42.47904,-9.00857,22.5,1575455101.553044,-117.0,-3.8,11,2284.4796159808143,1011.2978941009438,7.0,30,Grassland,0.8,131.0,0.9958306703020959
3.0,Gateway_2,42.47908,-9.00859,21.5,1575455115.994755,-120.0,-8.0,9,2280.1618240199778,1015.4993253070592,7.0,30,Grassland,0.8,134.0,0.8347011117784134
3.0,Gateway_1,42.47908,-9.00859,21.5,1575455132.083989,-117.0,-1.5,7,1115.0854617717662,1015.4993253070592,7.0,30,Grassland,0.8,131.0,0.9092820467105875
3.0,Gateway_2,42.47908,-9.00859,21.5,1575455132.083989,-105.0,10.8,7,2280.1618240199778,1015.4993253070592,7.0,30,Grassland,0.8,119.0,0.9993378377887877
3.0,Gateway_3,42.47908,-9.00859,21.5,1575455132.083989,-118.0,-2.5,7,4694.811169814152,1015.4993253070592,7.0,30,Grassland,0.8,132.0,0.8646647167633873
3.0,Gateway_1,42.47907,-9.00859,21.3,1575455171.427891,-120.0,-7.5,12,1114.0590484019774,1014.3918044275154,7.0,30,Grassland,0.8,134.0,0.9932620530009145
3.0,Gateway_2,42.47907,-9.00859,21.3,1575455171.427891,-118.0,-0.8,12,2281.2681469311533,1014.3918044275154,7.0,30,Grassland,0.8,132.0,0.9995380251012184
3.0,Gateway_3,42.47907,-9.00859,21.3,1575455171.427891,-119.0,-7.2,12,4695.596379625445,1014.3918044275154,7.0,30,Grassland,0.8,133.0,0.994023977104994
3.0,Gateway_1,42.4789,-9.00895,19.2,1575455180.378004,-119.0,-4.5,11,1086.1369502818338,992.5833496395836,6.0,30,Grassland,0.8,133.0,0.9944834355792392
3.0,Gateway_2,42.4789,-9.00895,19.2,1575455180.378004,-119.0,-9.8,11,2302.444505978573,992.5833496395836,6.0,30,Grassland,0.8,133.0,0.9540407433509558
3.0,Gateway_3,42.4789,-9.00895,19.2,1575455180.378004,-118.0,-3.8,11,4688.121674049478,992.5833496395836,6.0,30,Grassland,0.8,132.0,0.9958306703020959
3.0,Gateway_1,42.4789,-9.00897,19.2,1575455188.418711,-119.0,-8.2,10,1085.5777180916186,992.4416352305896,6.0,30,Grassland,0.8,133.0,0.9341252455735971
3.0,Gateway_3,42.4789,-9.00897,19.2,1575455188.418711,-118.0,-4.0,10,4686.96659176394,992.4416352305896,6.0,30,Grassland,0.8,132.0,0.9877226600969315
3.0,Gateway_1,42.47891,-9.00898,18.7,1575455195.755505,-118.0,-12.5,9,1086.3675842503892,993.4689017093303,6.0,30,Grassland,0.8,132.0,0.0
3.0,Gateway_2,42.47891,-9.00898,18.7,1575455195.755505,-114.0,1.0,9,2301.5484477338587,993.4689017093303,6.0,30,Grassland,0.8,128.0,0.9954834190573874
3.0,Gateway_3,42.47891,-9.00898,18.7,1575455195.755505,-118.0,-5.2,9,4685.599629782956,993.4689017093303,6.0,30,Grassland,0.8,132.0,0.946066312699644
3.0,Gateway_1,42.479,-9.00905,19.2,1575455203.44195,-119.0,-8.2,8,1093.8250809544943,1002.9739108749828,7.0,30,Grassland,0.8,133.0,0.5132477440400285
3.0,Gateway_2,42.479,-9.00905,19.2,1575455203.44195,-114.0,3.5,8,2292.103374640402,1002.9739108749828,7.0,30,Grassland,0.8,128.0,0.9954834190573874
3.0,Gateway_2,42.47914,-9.00939,17.5,1575455211.255005,-107.0,9.8,7,2279.30934507649,1016.6831298076836,6.0,30,Grassland,0.8,121.0,0.9990121700594687
3.0,Gateway_2,42.47914,-9.0094,17.79,1575455250.945523,-115.0,-0.5,12,2279.3956132988774,1016.6479225778826,6.0,30,Grassland,0.8,129.0,0.9995902650210202
3.0,Gateway_3,42.47914,-9.0094,17.79,1575455250.945523,-119.0,-18.8,12,4643.1649568181865,1016.6479225778826,6.0,30,Grassland,0.8,133.0,0.38121660819385905
3.0,Gateway_2,42.47915,-9.00941,17.5,1575455259.594038,-112.0,4.0,11,2278.374116141282,1017.712709185786,6.0,30,Grassland,0.8,126.0,0.9998158942063324
3.0,Gateway_2,42.47918,-9.0095,17.7,1575455257.759885,-105.0,8.0,10,2275.840016122843,1020.7194668074512,6.0,30,Grassland,0.8,119.0,0.9998989605981629
3.0,Gateway_2,42.47909,-9.00975,18.5,1575455275.451112,-104.0,11.2,9,2288.064249755696,1010.1186672783294,6.0,30,Grassland,0.8,118.0,0.9999236360628451
3.0,Gateway_3,42.47909,-9.00975,18.5,1575455275.451112,-119.0,-13.8,9,4627.003702465241,1010.1186672783294,6.0,30,Grassland,0.8,133.0,0.0
3.0,Gateway_2,42.47908,-9.00975,18.4,1575455282.948221,-105.0,11.8,8,2289.1670612223347,1009.0064297284455,6.0,30,Grassland,0.8,119.0,0.9998367128090782
3.0,Gateway_2,42.47909,-9.00975,18.1,1575455291.079494,-102.0,10.5,7,2288.0619246449814,1010.1114205790113,6.0,30,Grassland,0.8,116.0,0.9992534141916233
3.0,Gateway_2,42.47909,-9.00975,18.9,1575455330.511584,-105.0,5.0,12,2288.066644792082,1010.1260723217416,6.0,30,Grassland,0.8,119.0,0.9999546000702375
3.0,Gateway_3,42.47909,-9.00975,18.9,1575455330.511584,-119.0,-8.2,12,4627.0026391420015,1010.1260723217416,6.0,30,Grassland,0.8,133.0,0.9910848214515604
3.0,Gateway_2,42.47909,-9.00975,19.0,1575455339.237453,-110.0,4.5,11,2288.067254477039,1010.1279483234529,6.0,30,Grassland,0.8,124.0,0.9998492669249045
3.0,Gateway_3,42.47909,-9.00975,19.0,1575455339.237453,-120.0,-11.0,11,4627.00237871422,1010.1279483234529,6.0,30,Grassland,0.8,134.0,0.9257264217856661
3.0,Gateway_2,42.47909,-9.00975,19.1,1575455347.342953,-113.0,3.0,10,2288.0678685323333,1010.1298342213977,6.0,30,Grassland,0.8,127.0,0.9992534141916233
3.0,Gateway_3,42.47909,-9.00975,19.1,1575455347.342953,-118.0,-7.0,10,4627.00212044765,1010.1298342213977,6.0,30,Grassland,0.8,132.0,0.9592377960216338
3.0,Gateway_2,42.47912,-9.00993,18.1,1575455354.525752,-109.0,5.5,9,2286.5083204346865,1013.2504918990093,6.0,30,Grassland,0.8,123.0,0.9992534141916233
3.0,Gateway_3,42.47912,-9.00993,18.1,1575455354.525752,-118.0,-8.2,9,4614.300316407515,1013.2504918990093,6.0,30,Grassland,0.8,132.0,0.8209338520885069
3.0,Gateway_2,42.47913,-9.00994,18.4,1575455352.147432,-101.0,11.5,8,2285.5079393054752,1014.3621872084199,6.0,30,Grassland,0.8,115.0,0.9998158942063324
3.0,Gateway_2,42.47919,-9.01029,21.9,1575455359.55412,-105.0,10.8,7,2282.6245573971382,1021.3615642313936,6.0,30,Grassland,0.8,119.0,0.9993378377887877
3.0,Gateway_3,42.47919,-9.01029,21.9,1575455359.55412,-115.0,0.8,7,4588.127082802732,1021.3615642313936,6.0,30,Grassland,0.8,129.0,0.9638471682459536
3.0,Gateway_2,42.47919,-9.0103,21.8,1575455409.354352,-101.0,5.0,12,2282.7350039799426,1021.3789559029173,6.0,30,Grassland,0.8,115.0,0.9999546000702375
3.0,Gateway_3,42.47919,-9.0103,21.8,1575455409.354352,-119.0,-7.0,12,4587.556857541011,1021.3789559029173,6.0,30,Grassland,0.8,133.0,0.9944834355792392
3.0,Gateway_2,42.47923,-9.01049,22.5,1575455418.30835,-93.0,7.5,11,2280.5099507430255,1026.3296740356045,7.0,30,Grassland,0.8,107.0,0.9999546000702375
3.0,Gateway_3,42.47923,-9.01049,22.5,1575455418.30835,-117.0,-2.5,11,4573.525023889728,1026.3296740356045,7.0,30,Grassland,0.8,131.0,0.9975212478233336
3.0,Gateway_2,42.47923,-9.0105,22.5,1575455425.427229,-95.0,11.8,10,2280.6271657857965,1026.3622874145838,7.0,30,Grassland,0.8,109.0,0.9999779014817677
3.0,Gateway_3,42.47923,-9.0105,22.5,1575455425.427229,-118.0,-5.2,10,4572.955733713273,1026.3622874145838,7.0,30,Grassland,0.8,132.0,0.9801589052556298
3.0,Gateway_1,42.47925,-9.01079,22.8,1575455433.785592,-120.0,-14.2,9,1082.1436509106659,1029.8172018497817,8.0,30,Grassland,0.8,134.0,0.0
3.0,Gateway_2,42.47925,-9.01079,22.8,1575455433.785592,-98.0,12.8,9,2281.9594063648165,1029.8172018497817,8.0,30,Grassland,0.8,112.0,0.9999597338744681
3.0,Gateway_3,42.47925,-9.01079,22.8,1575455433.785592,-113.0,4.2,9,4554.870649977091,1029.8172018497817,8.0,30,Grassland,0.8,127.0,0.9987442220274376
3.0,Gateway_2,42.47925,-9.01079,22.9,1575455441.308175,-101.0,11.0,8,2281.960188587186,1029.8194206877795,8.0,30,Grassland,0.8,115.0,0.9997751326758212
3.0,Gateway_3,42.47925,-9.01079,22.9,1575455441.308175,-118.0,-7.2,8,4554.870471047747,1029.8194206877795,8.0,30,Grassland,0.8,132.0,0.6737202053769604
3.0,Gateway_1,42.47925,-9.01079,22.4,1575455449.054487,-120.0,-10.5,7,1082.1622804396136,1029.808423555427,8.0,30,Grassland,0.8,134.0,0.0
3.0,Gateway_2,42.47925,-9.01079,22.4,1575455449.054487,-95.0,13.0,7,2281.956321294706,1029.808423555427,8.0,30,Grassland,0.8,109.0,0.9997253464300279
3.0,Gateway_3,42.47925,-9.01079,22.4,1575455449.054487,-119.0,-5.2,7,4554.871387648912,1029.808423555427,8.0,30,Grassland,0.8,133.0,0.6014809589154858
3.0,Gateway_1,42.47925,-9.01079,22.4,1575455488.777792,-120.0,-13.0,12,1082.1622804396136,1029.808423555427,8.0,30,Grassland,0.8,134.0,0.9391899373747821
3.0,Gateway_2,42.47925,-9.01079,22.4,1575455488.777792,-109.0,5.0,12,2281.956321294706,1029.808423555427,8.0,30,Grassland,0.8,123.0,0.9999546000702375
3.0,Gateway_3,42.47925,-9.01079,22.4,1575455488.777792,-120.0,-12.5,12,4554.871387648912,1029.808423555427,8.0,30,Grassland,0.8,134.0,0.950212931632136
3.0,Gateway_1,42.47925,-9.0108,21.3,1575455497.013205,-117.0,-1.8,11,1082.0483630162234,1029.8372867936662,8.0,30,Grassland,0.8,131.0,0.9981265994057775
3.0,Gateway_2,42.47925,-9.0108,21.3,1575455497.013205,-110.0,5.2,11,2282.074225297953,1029.8372867936662,8.0,30,Grassland,0.8,124.0,0.9998860783925432
3.0,Gateway_3,42.47925,-9.0108,21.3,1575455497.013205,-113.0,2.8,11,4554.3064275174565,1029.8372867936662,8.0,30,Grassland,0.8,127.0,0.9997024713395585
3.0,Gateway_1,42.47925,-9.0108,21.2,1575455505.078754,-118.0,-10.2,10,1082.0531456014946,1029.8352233588341,8.0,30,Grassland,0.8,132.0,0.8533930378696499
3.0,Gateway_2,42.47925,-9.0108,21.2,1575455505.078754,-109.0,7.2,10,2282.0735132263494,1029.8352233588341,8.0,30,Grassland,0.8,123.0,0.9998608558344383
3.0,Gateway_3,42.47925,-9.0108,21.2,1575455505.078754,-115.0,1.0,10,4554.306641600543,1029.8352233588341,8.0,30,Grassland,0.8,129.0,0.998338442726826
3.0,Gateway_1,42.47925,-9.0108,21.0,1575455512.473773,-115.0,-2.5,9,1082.0627384334464,1029.831125607757,8.0,30,Grassland,0.8,129.0,0.9816843611112658
3.0,Gateway_2,42.47925,-9.0108,21.0,1575455512.473773,-108.0,7.0,9,2282.0721022284224,1029.831125607757,8.0,30,Grassland,0.8,122.0,0.9995902650210202
3.0,Gateway_3,42.47925,-9.0108,21.0,1575455512.473773,-113.0,3.2,9,4554.307076353857,1029.831125607757,8.0,30,Grassland,0.8,127.0,0.9981265994057775
3.0,Gateway_1,42.47904,-9.01078,27.2,1575455520.15177,-120.0,-5.0,8,1059.3053462417254,1006.5998073746262,10.0,30,Grassland,0.8,134.0,0.8646647167633873
3.0,Gateway_2,42.47904,-9.01078,27.2,1575455520.15177,-105.0,10.8,8,2304.9275252444504,1006.5998073746262,10.0,30,Grassland,0.8,119.0,0.9997564041357744
3.0,Gateway_3,42.47904,-9.01078,27.2,1575455520.15177,-119.0,-5.5,8,4572.346943947481,1006.5998073746262,10.0,30,Grassland,0.8,133.0,0.8347011117784134
3.0,Gateway_2,42.47903,-9.01079,2.0,1575455527.741529,-110.0,7.2,7,2306.045046191595,1005.178482358066,10.0,30,Grassland,0.8,124.0,0.9972052147249632
3.0,Gateway_3,42.47903,-9.01079,2.0,1575455527.741529,-119.0,-7.2,7,4572.679149028249,1005.178482358066,10.0,30,Grassland,0.8,133.0,0.11307956328284241
3.0,Gateway_1,42.47895,-9.01099,29.9,1575455557.124095,-119.0,-11.8,12,1045.9457051050654,997.9640445964035,12.0,30,Grassland,0.8,133.0,0.9623717431928238
3.0,Gateway_2,42.47895,-9.01099,29.9,1575455557.124095,-105.0,5.0,12,2317.5001921987746,997.9640445964035,12.0,30,Grassland,0.8,119.0,0.9999546000702375
3.0,Gateway_3,42.47895,-9.01099,29.9,1575455557.124095,-117.0,-2.8,12,4567.779022552703,997.9640445964035,12.0,30,Grassland,0.8,131.0,0.9989718559548253
3.0,Gateway_1,42.47895,-9.011,30.1,1575455575.793432,-119.0,-5.0,11,1045.7787499405406,998.0374750287034,12.0,30,Grassland,0.8,133.0,0.9932620530009145
3.0,Gateway_2,42.47895,-9.011,30.1,1575455575.793432,-103.0,7.2,11,2317.6322760594476,998.0374750287034,12.0,30,Grassland,0.8,117.0,0.9999488117221309
3.0,Gateway_3,42.47895,-9.011,30.1,1575455575.793432,-114.0,-0.5,11,4567.21636818546,998.0374750287034,12.0,30,Grassland,0.8,128.0,0.9988862248521552
3.0,Gateway_2,42.47893,-9.01107,30.4,1575455583.841155,-105.0,8.5,10,2320.745692018682,996.3253723730024,14.0,30,Grassland,0.8,119.0,0.9999172759344434
3.0,Gateway_3,42.47893,-9.01107,30.4,1575455583.841155,-113.0,2.8,10,4564.902194690407,996.3253723730024,14.0,30,Grassland,0.8,127.0,0.9991912332488759
3.0,Gateway_1,42.47892,-9.01108,30.7,1575455591.229555,-119.0,-5.0,9,1041.2358855704185,995.3016602051213,14.0,30,Grassland,0.8,133.0,0.950212931632136
3.0,Gateway_2,42.47892,-9.01108,30.7,1575455591.229555,-102.0,12.8,9,2321.9773788365997,995.3016602051213,14.0,30,Grassland,0.8,116.0,0.9999597338744681
3.0,Gateway_3,42.47892,-9.01108,30.7,1575455591.229555,-113.0,4.2,9,4565.151646013313,995.3016602051213,14.0,30,Grassland,0.8,127.0,0.9987442220274376
3.0,Gateway_1,42.47857,-9.01089,35.2,1575455599.007281,-119.0,-7.0,8,1006.0777294764348,955.4348073995295,18.0,30,Grassland,0.8,133.0,0.698805788087798
3.0,Gateway_2,42.47857,-9.01089,35.2,1575455599.007281,-115.0,3.2,8,2357.9904405860116,955.4348073995295,18.0,30,Grassland,0.8,129.0,0.9949075692073008
3.0,Gateway_3,42.47857,-9.01089,35.2,1575455599.007281,-104.0,12.2,8,4604.246068023595,955.4348073995295,18.0,30,Grassland,0.8,118.0,0.9998608558344383
3.0,Gateway_2,42.47857,-9.01088,35.3,1575455505.588752,-105.0,9.0,7,2357.867173513302,955.3758579713683,18.0,30,Grassland,0.8,119.0,0.9986396319624521
3.0,Gateway_3,42.47857,-9.01088,35.3,1575455505.588752,-105.0,8.5,7,4604.805864389909,955.3758579713683,18.0,30,Grassland,0.8,119.0,0.998338442726826
3.0,Gateway_1,42.47854,-9.01079,35.5,1575455545.219477,-105.0,5.0,12,1004.5688841006557,951.5287974581843,18.0,30,Grassland,0.8,119.0,0.9999546000702375
3.0,Gateway_2,42.47854,-9.01079,35.5,1575455545.219477,-104.0,5.2,12,2360.056845461743,951.5287974581843,18.0,30,Grassland,0.8,118.0,0.9999580905827115
3.0,Gateway_3,42.47854,-9.01079,35.5,1575455545.219477,-108.0,5.8,12,4612.285979010567,951.5287974581843,18.0,30,Grassland,0.8,122.0,0.9999670328847198
3.0,Gateway_1,42.47853,-9.01078,35.59,1575455554.879307,-115.0,-1.5,11,1003.6617520025616,950.3688549568525,18.0,30,Grassland,0.8,129.0,0.998338442726826
3.0,Gateway_2,42.47853,-9.01078,35.59,1575455554.879307,-100.0,7.0,11,2361.034989884376,950.3688549568525,18.0,30,Grassland,0.8,114.0,0.9999445484005678
3.0,Gateway_3,42.47853,-9.01078,35.59,1575455554.879307,-119.0,-7.5,11,4613.659427338682,950.3688549568525,18.0,30,Grassland,0.8,133.0,0.9816843611112658
3.0,Gateway_1,42.47833,-9.01088,41.9,1575455553.457588,-108.0,7.5,10,979.9852601637099,929.0878555860187,22.0,30,Grassland,0.8,122.0,0.9998765901959134
3.0,Gateway_2,42.47833,-9.01088,41.9,1575455553.457588,-115.0,1.8,10,2384.3143002498045,929.0878555860187,22.0,30,Grassland,0.8,129.0,0.998793461786042
3.0,Gateway_3,42.47833,-9.01088,41.9,1575455553.457588,-117.0,-5.0,10,4624.381570197675,929.0878555860187,22.0,30,Grassland,0.8,131.0,0.9816843611112658
3.0,Gateway_1,42.47833,-9.01089,42.1,1575455570.832137,-105.0,8.5,9,979.8019216472569,929.1613073361648,22.0,30,Grassland,0.8,119.0,0.9997751326758212
3.0,Gateway_2,42.47833,-9.01089,42.1,1575455570.832137,-100.0,11.0,9,2384.440572667756,929.1613073361648,22.0,30,Grassland,0.8,114.0,0.9999172759344434
3.0,Gateway_3,42.47833,-9.01089,42.1,1575455570.832137,-117.0,-2.0,9,4623.824709401849,929.1613073361648,22.0,30,Grassland,0.8,131.0,0.9850044231795223
3.0,Gateway_1,42.47833,-9.01095,43.0,1575455578.117214,-95.0,12.0,8,978.7256869793773,929.6041503682496,21.0,30,Grassland,0.8,109.0,0.9998492669249045
3.0,Gateway_2,42.47833,-9.01095,43.0,1575455578.117214,-104.0,10.2,8,2385.1995714983605,929.6041503682496,21.0,30,Grassland,0.8,118.0,0.9996903289645813
3.0,Gateway_3,42.47833,-9.01095,43.0,1575455578.117214,-114.0,2.0,8,4620.484599699267,929.6041503682496,21.0,30,Grassland,0.8,128.0,0.99177025295098
3.0,Gateway_1,42.47833,-9.01095,43.2,1575455585.713317,-100.0,12.2,7,978.7195769745562,929.6134230861102,21.0,30,Grassland,0.8,114.0,0.9996217669432174
3.0,Gateway_2,42.47833,-9.01095,43.2,1575455585.713317,-102.0,11.5,7,2385.202766197449,929.6134230861102,21.0,30,Grassland,0.8,116.0,0.9994995485665594
3.0,Gateway_3,42.47833,-9.01095,43.2,1575455585.713317,-114.0,3.2,7,4620.485123453824,929.6134230861102,21.0,30,Grassland,0.8,128.0,0.9861573379135204
3.0,Gateway_1,42.47831,-9.01097,45.2,1575455725.918537,-98.0,5.8,12,976.1447494287314,927.6373532861536,21.0,30,Grassland,0.8,112.0,0.9999670328847198
3.0,Gateway_2,42.47831,-9.01097,45.2,1575455725.918537,-104.0,5.5,12,2387.6814415599893,927.6373532861536,21.0,30,Grassland,0.8,118.0,0.9999628296813159
3.0,Gateway_3,42.47831,-9.01097,45.2,1575455725.918537,-115.0,1.0,12,4621.012720984014,927.6373532861536,21.0,30,Grassland,0.8,129.0,0.9997751326758212
3.0,Gateway_1,42.4783,-9.01097,45.5,1575455734.507408,-99.0,5.2,11,975.0504220081949,926.5466569056956,21.0,30,Grassland,0.8,113.0,0.9998860783925432
3.0,Gateway_2,42.4783,-9.01097,45.5,1575455734.507408,-105.0,5.2,11,2388.784187113724,926.5466569056956,21.0,30,Grassland,0.8,119.0,0.9998860783925432
3.0,Gateway_3,42.4783,-9.01097,45.5,1575455734.507408,-115.0,0.5,11,4621.831520232724,926.5466569056956,21.0,30,Grassland,0.8,129.0,0.9992534141916233
3.0,Gateway_1,42.47829,-9.011,45.8,1575455742.354432,-101.0,11.0,10,973.4426467493952,925.6720003116833,21.0,30,Grassland,0.8,115.0,0.9999695675169916
3.0,Gateway_2,42.47829,-9.011,45.8,1575455742.354432,-105.0,9.8,10,2390.2640876737137,925.6720003116833,21.0,30,Grassland,0.8,119.0,0.9999508188432149
3.0,Gateway_3,42.47829,-9.011,45.8,1575455742.354432,-115.0,0.0,10,4620.982009395069,925.6720003116833,21.0,30,Grassland,0.8,129.0,0.9975212478233336
3.0,Gateway_3,42.47829,-9.011,45.8,1575455749.775231,-114.0,2.5,9,4620.982009395069,925.6720003116833,21.0,30,Grassland,0.8,128.0,0.9975212478233336
3.0,Gateway_1,42.47829,-9.011,45.9,1575455757.420525,-99.0,11.5,8,973.4398576750738,925.676953456784,21.0,30,Grassland,0.8,113.0,0.9998158942063324
3.0,Gateway_2,42.47829,-9.011,45.9,1575455757.420525,-107.0,9.0,8,2390.2657966892825,925.676953456784,21.0,30,Grassland,0.8,121.0,0.9994995485665594
3.0,Gateway_3,42.47829,-9.011,45.9,1575455757.420525,-115.0,1.0,8,4620.982330755323,925.676953456784,21.0,30,Grassland,0.8,129.0,0.9877226600969315
3.0,Gateway_1,42.47829,-9.011,45.9,1575455754.987108,-99.0,12.0,7,973.4398576750738,925.676953456784,21.0,30,Grassland,0.8,113.0,0.9995902650210202
3.0,Gateway_2,42.47829,-9.011,45.9,1575455754.987108,-105.0,10.0,7,2390.2657966892825,925.676953456784,21.0,30,Grassland,0.8,119.0,0.9990881180344455
3.0,Gateway_3,42.47829,-9.011,45.9,1575455754.987108,-114.0,3.5,7,4620.982330755323,925.676953456784,21.0,30,Grassland,0.8,128.0,0.9877226600969315
3.0,Gateway_1,42.47829,-9.011,45.4,1575455804.827485,-101.0,5.2,12,973.4539056937765,925.6522954981708,21.0,30,Grassland,0.8,115.0,0.9999580905827115
3.0,Gateway_2,42.47829,-9.011,45.4,1575455804.827485,-107.0,5.2,12,2390.2572934357195,925.6522954981708,21.0,30,Grassland,0.8,121.0,0.9999580905827115
3.0,Gateway_3,42.47829,-9.011,45.4,1575455804.827485,-115.0,-1.0,12,4620.980745594262,925.6522954981708,21.0,30,Grassland,0.8,129.0,0.9994995485665594
3.0,Gateway_1,42.47829,-9.011,45.4,1575455813.511128,-98.0,7.2,11,973.4539056937765,925.6522954981708,21.0,30,Grassland,0.8,112.0,0.9999488117221309
3.0,Gateway_2,42.47829,-9.011,45.4,1575455813.511128,-107.0,5.8,11,2390.2572934357195,925.6522954981708,21.0,30,Grassland,0.8,121.0,0.999910386089597
3.0,Gateway_3,42.47829,-9.011,45.4,1575455813.511128,-115.0,0.5,11,4620.980745594262,925.6522954981708,21.0,30,Grassland,0.8,129.0,0.9992534141916233
3.0,Gateway_1,42.47828,-9.01101,45.5,1575455821.823339,-99.0,10.0,10,972.1947337964505,924.6256308979663,21.0,30,Grassland,0.8,113.0,0.9999546000702375
3.0,Gateway_2,42.47828,-9.01101,45.5,1575455821.823339,-107.0,8.5,10,2391.482710684813,924.6256308979663,21.0,30,Grassland,0.8,121.0,0.9999172759344434
3.0,Gateway_3,42.47828,-9.01101,45.5,1575455821.823339,-115.0,0.5,10,4621.243571816894,924.6256308979663,21.0,30,Grassland,0.8,129.0,0.9979705693637043
3.0,Gateway_1,42.47828,-9.01101,45.5,1575455829.190501,-98.0,12.5,9,972.1947337964505,924.6256308979663,21.0,30,Grassland,0.8,112.0,0.9999546000702375
3.0,Gateway_2,42.47828,-9.01101,45.5,1575455829.190501,-105.0,8.8,9,2391.482710684813,924.6256308979663,21.0,30,Grassland,0.8,119.0,0.9998005605746358
3.0,Gateway_3,42.47828,-9.01101,45.5,1575455829.190501,-115.0,0.2,9,4621.243571816894,924.6256308979663,21.0,30,Grassland,0.8,129.0,0.9937800909840574
3.0,Gateway_1,42.47828,-9.01099,42.0,1575455835.752837,-99.0,14.2,8,972.6407627966983,924.3137007988007,21.0,30,Grassland,0.8,113.0,0.9999374784962252
3.0,Gateway_2,42.47828,-9.01099,42.0,1575455835.752837,-105.0,10.8,8,2391.1738724855245,924.3137007988007,21.0,30,Grassland,0.8,119.0,0.9997564041357744
3.0,Gateway_3,42.47828,-9.01099,42.0,1575455835.752837,-114.0,3.5,8,4622.345784148791,924.3137007988007,21.0,30,Grassland,0.8,128.0,0.9954834190573874
3.0,Gateway_1,42.47828,-9.01099,42.0,1575455844.318539,-99.0,12.5,7,972.6407627966983,924.3137007988007,21.0,30,Grassland,0.8,113.0,0.9996645373720975
3.0,Gateway_2,42.47828,-9.01099,42.0,1575455844.318539,-114.0,4.8,7,2391.1738724855245,924.3137007988007,21.0,30,Grassland,0.8,128.0,0.9927008691532114
3.0,Gateway_3,42.47828,-9.01099,42.0,1575455844.318539,-117.0,0.5,7,4622.345784148791,924.3137007988007,21.0,30,Grassland,0.8,131.0,0.9592377960216338
3.0,Gateway_1,42.47828,-9.01099,41.5,1575455884.353019,-94.0,8.0,12,972.6568271768533,924.29111619899,21.0,30,Grassland,0.8,108.0,0.9999863258039343
3.0,Gateway_2,42.47828,-9.01099,41.5,1575455884.353019,-113.0,2.2,12,2391.166187962982,924.29111619899,21.0,30,Grassland,0.8,127.0,0.9998608558344383
3.0,Gateway_3,42.47828,-9.01099,41.5,1575455884.353019,-118.0,-5.0,12,4622.344621319153,924.29111619899,21.0,30,Grassland,0.8,132.0,0.9975212478233336
3.0,Gateway_1,42.47828,-9.01099,42.8,1575455893.573547,-92.0,8.0,11,972.6155938775314,924.3503975681381,21.0,30,Grassland,0.8,106.0,0.9999628296813159
3.0,Gateway_2,42.47828,-9.01099,42.8,1575455893.573547,-117.0,-1.0,11,2391.1863851355083,924.3503975681381,21.0,30,Grassland,0.8,131.0,0.9986396319624521
3.0,Gateway_3,42.47828,-9.01099,42.8,1575455893.573547,-115.0,-1.2,11,4622.34775717255,924.3503975681381,21.0,30,Grassland,0.8,129.0,0.998526330897646
3.0,Gateway_1,42.47828,-9.01099,42.8,1575455901.54171,-95.0,10.5,10,972.6155938775314,924.3503975681381,21.0,30,Grassland,0.8,109.0,0.9999628296813159
3.0,Gateway_2,42.47828,-9.01099,42.8,1575455901.54171,-110.0,5.5,10,2391.1863851355083,924.3503975681381,21.0,30,Grassland,0.8,124.0,0.9997253464300279
3.0,Gateway_3,42.47828,-9.01099,42.8,1575455901.54171,-113.0,2.8,10,4622.34775717255,924.3503975681381,21.0,30,Grassland,0.8,127.0,0.9991912332488759
3.0,Gateway_1,42.47828,-9.01099,42.5,1575455909.459588,-95.0,11.5,9,972.6249551876319,924.3365553110917,21.0,30,Grassland,0.8,109.0,0.9999322712635091
3.0,Gateway_2,42.47828,-9.01099,42.5,1575455909.459588,-115.0,2.8,9,2391.181661534192,924.3365553110917,21.0,30,Grassland,0.8,129.0,0.9978015440369574
3.0,Gateway_3,42.47828,-9.01099,42.5,1575455909.459588,-118.0,-5.2,9,4622.347001063215,924.3365553110917,21.0,30,Grassland,0.8,132.0,0.946066312699644
3.0,Gateway_1,42.47828,-9.01099,42.5,1575455915.859047,-95.0,14.5,8,972.6249551876319,924.3365553110917,21.0,30,Grassland,0.8,109.0,0.9999445484005678
3.0,Gateway_2,42.47828,-9.01099,42.5,1575455915.859047,-113.0,2.5,8,2391.181661534192,924.3365553110917,21.0,30,Grassland,0.8,127.0,0.9932620530009145
3.0,Gateway_3,42.47828,-9.01099,42.5,1575455915.859047,-117.0,0.8,8,4622.347001063215,924.3365553110917,21.0,30,Grassland,0.8,131.0,0.9867001164575563
3.0,Gateway_1,42.47828,-9.01099,42.4,1575455924.439904,-94.0,12.5,7,972.6280961671542,924.3319628165926,21.0,30,Grassland,0.8,108.0,0.9996645373720975
3.0,Gateway_2,42.47828,-9.01099,42.4,1575455924.439904,-115.0,-4.5,7,2391.1800953624174,924.3319628165926,21.0,30,Grassland,0.8,129.0,0.698805788087798
3.0,Gateway_3,42.47828,-9.01099,42.4,1575455924.439904,-117.0,-1.2,7,4622.3467533535495,924.3319628165926,21.0,30,Grassland,0.8,131.0,0.9195403932504675
3.0,Gateway_1,42.47829,-9.01099,42.4,1575455954.193125,-119.0,-9.2,12,973.7140926383188,925.4373039236707,21.0,30,Grassland,0.8,133.0,0.9867001164575563
3.0,Gateway_2,42.47829,-9.01099,42.4,1575455954.193125,-108.0,5.2,12,2390.0824873434713,925.4373039236707,21.0,30,Grassland,0.8,122.0,0.9999580905827115
3.0,Gateway_3,42.47829,-9.01099,42.4,1575455954.193125,-115.0,1.2,12,4621.52844308351,925.4373039236707,21.0,30,Grassland,0.8,129.0,0.9997924212972823
3.0,Gateway_1,42.47829,-9.01099,42.5,1575455972.798799,-102.0,8.5,11,973.7109551619845,925.4418909329274,21.0,30,Grassland,0.8,116.0,0.9999695675169916
3.0,Gateway_2,42.47829,-9.01099,42.5,1575455972.798799,-101.0,8.8,11,2390.084054234486,925.4418909329274,21.0,30,Grassland,0.8,115.0,0.9999730088088798
3.0,Gateway_3,42.47829,-9.01099,42.5,1575455972.798799,-119.0,-13.8,11,4621.528690837036,925.4418909329274,21.0,30,Grassland,0.8,133.0,0.7723623116161872
3.0,Gateway_1,42.47829,-9.01099,42.4,1575455980.871494,-114.0,3.8,10,973.7140926383188,925.4373039236707,21.0,30,Grassland,0.8,128.0,0.9994578674341544
3.0,Gateway_2,42.47829,-9.01099,42.4,1575455980.871494,-109.0,8.8,10,2390.0824873434713,925.4373039236707,21.0,30,Grassland,0.8,123.0,0.9999266303356495
3.0,Gateway_1,42.4783,-9.01095,42.0,1575455988.055029,-110.0,5.0,9,975.5006908855626,926.2412144098793,21.0,30,Grassland,0.8,124.0,0.9990881180344455
3.0,Gateway_2,42.4783,-9.01095,42.0,1575455988.055029,-99.0,10.2,9,2388.477263957474,926.2412144098793,21.0,30,Grassland,0.8,113.0,0.9998860783925432
3.0,Gateway_3,42.4783,-9.01095,42.0,1575455988.055029,-118.0,-5.8,9,4622.934761511699,926.2412144098793,21.0,30,Grassland,0.8,132.0,0.9314368458457221
3.0,Gateway_1,42.4783,-9.01095,42.0,1575455995.581998,-107.0,8.2,8,975.5006908855626,926.2412144098793,21.0,30,Grassland,0.8,121.0,0.9993108144363072
3.0,Gateway_2,42.4783,-9.01095,42.0,1575455995.581998,-98.0,11.2,8,2388.477263957474,926.2412144098793,21.0,30,Grassland,0.8,112.0,0.9997924212972823
3.0,Gateway_3,42.4783,-9.01095,42.0,1575455995.581998,-113.0,3.8,8,4622.934761511699,926.2412144098793,21.0,30,Grassland,0.8,127.0,0.9959941520579095
3.0,Gateway_1,42.4783,-9.01095,42.2,1575455003.141877,-105.0,10.0,7,975.4943556567665,926.2503048698488,21.0,30,Grassland,0.8,119.0,0.9990881180344455
3.0,Gateway_2,42.4783,-9.01095,42.2,1575455003.141877,-115.0,3.8,7,2388.4803705372547,926.2503048698488,21.0,30,Grassland,0.8,129.0,0.9891109763314455
3.0,Gateway_3,42.4783,-9.01095,42.2,1575455003.141877,-117.0,-0.2,7,4622.935241726109,926.2503048698488,21.0,30,Grassland,0.8,131.0,0.946066312699644
3.0,Gateway_2,42.4783,-9.01094,42.2,1575455042.838788,-104.0,5.2,12,2388.3557120082196,926.1813110119285,22.0,30,Grassland,0.8,118.0,0.9999580905827115
3.0,Gateway_3,42.4783,-9.01094,42.2,1575455042.838788,-108.0,4.5,12,4623.491808741352,926.1813110119285,22.0,30,Grassland,0.8,122.0,0.9999445484005678
3.0,Gateway_1,42.47845,-9.01088,33.5,1575455051.800858,-115.0,-2.2,11,993.2974095143604,942.0283169492252,18.0,30,Grassland,0.8,129.0,0.9978015440369574
3.0,Gateway_2,42.47845,-9.01088,33.5,1575455051.800858,-104.0,5.8,11,2371.0210583863445,942.0283169492252,18.0,30,Grassland,0.8,118.0,0.999910386089597
3.0,Gateway_3,42.47845,-9.01088,33.5,1575455051.800858,-108.0,5.0,11,4614.57808387852,942.0283169492252,18.0,30,Grassland,0.8,122.0,0.9998765901959134
3.0,Gateway_1,42.47845,-9.01088,33.09,1575455059.871478,-111.0,5.0,10,993.3137982772307,942.0138258190216,18.0,30,Grassland,0.8,125.0,0.9996645373720975
3.0,Gateway_2,42.47845,-9.01088,33.09,1575455059.871478,-95.0,13.0,10,2371.0161655736347,942.0138258190216,18.0,30,Grassland,0.8,109.0,0.9999863258039343
3.0,Gateway_3,42.47845,-9.01088,33.09,1575455059.871478,-115.0,1.8,10,4614.577879970383,942.0138258190216,18.0,30,Grassland,0.8,129.0,0.998793461786042
3.0,Gateway_1,42.47847,-9.01088,32.5,1575455057.239785,-108.0,9.0,9,995.506684836031,944.2070630397687,18.0,30,Grassland,0.8,122.0,0.9998158942063324
3.0,Gateway_2,42.47847,-9.01088,32.5,1575455057.239785,-97.0,13.5,9,2368.8130639966566,944.2070630397687,18.0,30,Grassland,0.8,111.0,0.9999695675169916
3.0,Gateway_3,42.47847,-9.01088,32.5,1575455057.239785,-104.0,10.8,9,4612.947488655313,944.2070630397687,18.0,30,Grassland,0.8,118.0,0.999910386089597
3.0,Gateway_1,42.4785,-9.01098,30.2,1575455074.802418,-114.0,0.2,8,997.1490396194545,948.1152314792033,18.0,30,Grassland,0.8,128.0,0.9830925343472947
3.0,Gateway_2,42.4785,-9.01098,30.2,1575455074.802418,-95.0,12.0,8,2366.7472991253103,948.1152314792033,18.0,30,Grassland,0.8,109.0,0.9998492669249045
3.0,Gateway_3,42.4785,-9.01098,30.2,1575455074.802418,-110.0,5.5,8,4604.916418359695,948.1152314792033,18.0,30,Grassland,0.8,124.0,0.9979705693637043
3.0,Gateway_1,42.47844,-9.01127,25.5,1575455082.59072,-105.0,8.8,7,986.2329611036199,943.6796947791903,17.0,30,Grassland,0.8,119.0,0.998526330897646
3.0,Gateway_2,42.47844,-9.01127,25.5,1575455082.59072,-98.0,11.2,7,2377.0709079453336,943.6796947791903,17.0,30,Grassland,0.8,112.0,0.9994357425844274
3.0,Gateway_3,42.47844,-9.01127,25.5,1575455082.59072,-107.0,7.8,7,4593.6762500181985,943.6796947791903,17.0,30,Grassland,0.8,121.0,0.9978015440369574
3.0,Gateway_1,42.47844,-9.01129,25.5,1575455122.290828,-105.0,4.8,12,985.9353373925687,943.8631216634515,17.0,30,Grassland,0.8,119.0,0.9999508188432149
3.0,Gateway_2,42.47844,-9.01129,25.5,1575455122.290828,-103.0,5.8,12,2377.3404503148154,943.8631216634515,17.0,30,Grassland,0.8,117.0,0.9999670328847198
3.0,Gateway_3,42.47844,-9.01129,25.5,1575455122.290828,-104.0,5.2,12,4592.565683580106,943.8631216634515,17.0,30,Grassland,0.8,118.0,0.9999580905827115
3.0,Gateway_1,42.47843,-9.0113,25.2,1575455130.955935,-100.0,7.8,11,984.7105594119676,942.8445687592723,17.0,30,Grassland,0.8,114.0,0.9999597338744681
3.0,Gateway_2,42.47843,-9.0113,25.2,1575455130.955935,-111.0,5.8,11,2378.568714458292,942.8445687592723,17.0,30,Grassland,0.8,125.0,0.999910386089597
3.0,Gateway_3,42.47843,-9.0113,25.2,1575455130.955935,-107.0,5.2,11,4592.830426254356,942.8445687592723,17.0,30,Grassland,0.8,121.0,0.9998860783925432
3.0,Gateway_1,42.47843,-9.01137,25.5,1575455138.500048,-97.0,11.2,10,983.6788046528596,943.5226290567099,17.0,30,Grassland,0.8,111.0,0.9999719072774738
3.0,Gateway_2,42.47843,-9.01137,25.5,1575455138.500048,-110.0,5.8,10,2379.524887100664,943.5226290567099,17.0,30,Grassland,0.8,124.0,0.9997564041357744
3.0,Gateway_3,42.47843,-9.01137,25.5,1575455138.500048,-102.0,11.8,10,4588.946851249441,943.5226290567099,17.0,30,Grassland,0.8,116.0,0.9999779014817677
3.0,Gateway_1,42.47798,-9.01198,31.8,1575455145.522954,-95.0,10.8,9,926.3867006135853,901.8286774633019,20.0,30,Grassland,0.8,109.0,0.999910386089597
3.0,Gateway_2,42.47798,-9.01198,31.8,1575455145.522954,-107.0,8.0,9,2437.5862725859024,901.8286774633019,20.0,30,Grassland,0.8,121.0,0.9997253464300279
3.0,Gateway_3,42.47798,-9.01198,31.8,1575455145.522954,-108.0,5.8,9,4592.5790417816215,901.8286774633019,20.0,30,Grassland,0.8,122.0,0.9993378377887877
3.0,Gateway_1,42.47797,-9.012,31.5,1575455154.10731,-98.0,14.2,8,925.0864766576428,901.0250452011268,20.0,30,Grassland,0.8,112.0,0.9999374784962252
3.0,Gateway_2,42.47797,-9.012,31.5,1575455154.10731,-107.0,10.5,8,2438.976997812086,901.0250452011268,20.0,30,Grassland,0.8,121.0,0.9997253464300279
3.0,Gateway_3,42.47797,-9.012,31.5,1575455154.10731,-107.0,9.2,8,4592.321043637158,901.0250452011268,20.0,30,Grassland,0.8,121.0,0.9995380251012184
3.0,Gateway_1,42.47795,-9.01201,31.7,1575455151.581704,-103.0,11.2,7,922.7708058578285,899.0000587766871,20.0,30,Grassland,0.8,117.0,0.9994357425844274
3.0,Gateway_2,42.47795,-9.01201,31.7,1575455151.581704,-105.0,9.5,7,2441.3141014814064,899.0000587766871,20.0,30,Grassland,0.8,119.0,0.9988862248521552
3.0,Gateway_3,42.47795,-9.01201,31.7,1575455151.581704,-108.0,8.5,7,4593.440840774537,899.0000587766871,20.0,30,Grassland,0.8,122.0,0.998338442726826
3.0,Gateway_1,42.47795,-9.01205,31.3,1575455201.098417,-108.0,3.8,12,922.3724635805805,899.5966319141626,19.0,30,Grassland,0.8,122.0,0.9999266303356495
3.0,Gateway_2,42.47795,-9.01205,31.3,1575455201.098417,-117.0,-1.2,12,2441.9176764729364,899.5966319141626,19.0,30,Grassland,0.8,131.0,0.9994578674341544
3.0,Gateway_3,42.47795,-9.01205,31.3,1575455201.098417,-103.0,5.2,12,4591.263423050261,899.5966319141626,19.0,30,Grassland,0.8,117.0,0.9999580905827115
3.0,Gateway_1,42.47793,-9.01215,35.7,1575455209.707055,-110.0,4.8,11,918.9887756350456,899.1607738423219,19.0,30,Grassland,0.8,124.0,0.9998663117552086
3.0,Gateway_2,42.47793,-9.01215,35.7,1575455209.707055,-113.0,2.8,11,2445.6890785951127,899.1607738423219,19.0,30,Grassland,0.8,127.0,0.9997024713395585
3.0,Gateway_3,42.47793,-9.01215,35.7,1575455209.707055,-100.0,5.5,11,4587.495929087728,899.1607738423219,19.0,30,Grassland,0.8,114.0,0.9998989605981629
3.0,Gateway_1,42.47793,-9.01217,34.8,1575455217.741508,-105.0,10.0,10,918.8358854366902,899.4503368723946,19.0,30,Grassland,0.8,119.0,0.9999546000702375
3.0,Gateway_2,42.47793,-9.01217,34.8,1575455217.741508,-110.0,7.8,10,2445.9885660503255,899.4503368723946,19.0,30,Grassland,0.8,124.0,0.9998905453226643
3.0,Gateway_3,42.47793,-9.01217,34.8,1575455217.741508,-111.0,5.0,10,4586.408956837873,899.4503368723946,19.0,30,Grassland,0.8,125.0,0.9996645373720975
3.0,Gateway_1,42.47793,-9.01219,34.3,1575455225.111538,-100.0,12.2,9,918.6698584570892,899.7588730387947,19.0,30,Grassland,0.8,114.0,0.9999488117221309
3.0,Gateway_2,42.47793,-9.01219,34.3,1575455225.111538,-108.0,9.0,9,2446.2942113786135,899.7588730387947,19.0,30,Grassland,0.8,122.0,0.9998158942063324
3.0,Gateway_3,42.47793,-9.01219,34.3,1575455225.111538,-113.0,4.2,9,4585.3227635346275,899.7588730387947,19.0,30,Grassland,0.8,127.0,0.9987442220274376
3.0,Gateway_1,42.47793,-9.01221,34.09,1575455232.519752,-92.0,15.0,8,918.4946876612233,900.0815233347221,19.0,30,Grassland,0.8,106.0,0.9999546000702375
3.0,Gateway_2,42.47793,-9.01221,34.09,1575455232.519752,-110.0,8.0,8,2446.6044566654887,900.0815233347221,19.0,30,Grassland,0.8,124.0,0.9992534141916233
3.0,Gateway_3,42.47793,-9.01221,34.09,1575455232.519752,-108.0,8.8,8,4584.237143386798,900.0815233347221,19.0,30,Grassland,0.8,122.0,0.9994578674341544
3.0,Gateway_1,42.47795,-9.01232,32.7,1575455240.04588,-95.0,12.2,7,919.8026020145405,904.0699728315533,18.0,30,Grassland,0.8,109.0,0.9996217669432174
3.0,Gateway_3,42.47795,-9.01232,32.7,1575455240.04588,-102.0,11.2,7,4576.601156032325,904.0699728315533,18.0,30,Grassland,0.8,116.0,0.9994357425844274
3.0,Gateway_1,42.47805,-9.01272,30.7,1575455279.443552,-114.0,-1.0,12,928.2266913442172,922.2750795589434,17.0,30,Grassland,0.8,128.0,0.9994995485665594
3.0,Gateway_2,42.47805,-9.01272,30.7,1575455279.443552,-113.0,2.8,12,2441.861375255468,922.2750795589434,17.0,30,Grassland,0.8,127.0,0.9998905453226643
3.0,Gateway_3,42.47805,-9.01272,30.7,1575455279.443552,-110.0,4.0,12,4546.602423699582,922.2750795589434,17.0,30,Grassland,0.8,124.0,0.9999322712635091
3.0,Gateway_1,42.47805,-9.01273,30.7,1575455288.122125,-105.0,5.8,11,928.173872269918,922.4748593409373,17.0,30,Grassland,0.8,119.0,0.999910386089597
3.0,Gateway_2,42.47805,-9.01273,30.7,1575455288.122125,-113.0,3.0,11,2442.0325704751717,922.4748593409373,17.0,30,Grassland,0.8,127.0,0.9997253464300279
3.0,Gateway_3,42.47805,-9.01273,30.7,1575455288.122125,-114.0,1.0,11,4546.062902114279,922.4748593409373,17.0,30,Grassland,0.8,128.0,0.9993887472388704
3.0,Gateway_1,42.47805,-9.01274,30.5,1575455295.195174,-107.0,7.8,10,928.1309154792161,922.6686958548878,17.0,30,Grassland,0.8,121.0,0.9998905453226643
3.0,Gateway_2,42.47805,-9.01274,30.5,1575455295.195174,-113.0,3.2,10,2442.2019339890517,922.6686958548878,17.0,30,Grassland,0.8,127.0,0.9993108144363072
3.0,Gateway_1,42.47805,-9.01275,30.3,1575455303.580025,-109.0,7.0,9,928.0887284241777,922.8632677473807,17.0,30,Grassland,0.8,123.0,0.9995902650210202
3.0,Gateway_2,42.47805,-9.01275,30.3,1575455303.580025,-107.0,8.2,9,2442.3715788789436,922.8632677473807,17.0,30,Grassland,0.8,121.0,0.9997464627999653
3.0,Gateway_3,42.47805,-9.01275,30.3,1575455303.580025,-115.0,0.5,9,4544.984156891033,922.8632677473807,17.0,30,Grassland,0.8,129.0,0.9944834355792392
3.0,Gateway_1,42.4782,-9.0132,25.4,1575455311.13515,-108.0,7.2,8,943.4054764786027,948.4653981752607,14.0,30,Grassland,0.8,122.0,0.9989718559548253
3.0,Gateway_2,42.4782,-9.0132,25.4,1575455311.13515,-108.0,8.0,8,2434.088802417475,948.4653981752607,14.0,30,Grassland,0.8,122.0,0.9992534141916233
3.0,Gateway_3,42.4782,-9.0132,25.4,1575455311.13515,-114.0,1.8,8,4508.1727328308225,948.4653981752607,14.0,30,Grassland,0.8,128.0,0.9910848214515604
3.0,Gateway_1,42.47823,-9.01328,27.1,1575455318.219091,-104.0,11.0,7,946.5289676899417,953.5530584626794,14.0,30,Grassland,0.8,118.0,0.9993887472388704
3.0,Gateway_2,42.47823,-9.01328,27.1,1575455318.219091,-112.0,5.2,7,2432.3467083970513,953.5530584626794,14.0,30,Grassland,0.8,126.0,0.9937800909840574
3.0,Gateway_3,42.47823,-9.01328,27.1,1575455318.219091,-114.0,2.2,7,4501.352277914736,953.5530584626794,14.0,30,Grassland,0.8,128.0,0.9793491748182874
3.0,Gateway_1,42.47823,-9.01328,27.1,1575455357.932842,-97.0,7.2,12,946.5289676899417,953.5530584626794,14.0,30,Grassland,0.8,111.0,0.9999811688849429
3.0,Gateway_2,42.47823,-9.01328,27.1,1575455357.932842,-100.0,7.2,12,2432.3467083970513,953.5530584626794,14.0,30,Grassland,0.8,114.0,0.9999811688849429
3.0,Gateway_3,42.47823,-9.01328,27.1,1575455357.932842,-110.0,3.5,12,4501.352277914736,953.5530584626794,14.0,30,Grassland,0.8,124.0,0.9999172759344434
3.0,Gateway_1,42.47824,-9.01328,27.2,1575455355.505753,-105.0,5.0,11,947.6335286092929,954.6209412237267,14.0,30,Grassland,0.8,119.0,0.9998765901959134
3.0,Gateway_2,42.47824,-9.01328,27.2,1575455355.505753,-113.0,2.8,11,2431.266053073032,954.6209412237267,14.0,30,Grassland,0.8,127.0,0.9997024713395585
3.0,Gateway_3,42.47824,-9.01328,27.2,1575455355.505753,-113.0,2.2,11,4500.510531531773,954.6209412237267,14.0,30,Grassland,0.8,127.0,0.9996217669432174
3.0,Gateway_1,42.47824,-9.01328,27.2,1575455374.590522,-103.0,9.5,10,947.6335286092929,954.6209412237267,14.0,30,Grassland,0.8,117.0,0.9999445484005678
3.0,Gateway_2,42.47824,-9.01328,27.2,1575455374.590522,-112.0,5.8,10,2431.266053073032,954.6209412237267,14.0,30,Grassland,0.8,126.0,0.9997564041357744
3.0,Gateway_3,42.47824,-9.01328,27.2,1575455374.590522,-115.0,0.8,10,4500.510531531773,954.6209412237267,14.0,30,Grassland,0.8,129.0,0.9982000564937694
3.0,Gateway_1,42.47823,-9.01329,25.7,1575455389.895352,-107.0,5.0,8,946.5861033981935,953.7472386330622,14.0,30,Grassland,0.8,121.0,0.9975212478233336
3.0,Gateway_2,42.47823,-9.01329,25.7,1575455389.895352,-115.0,0.0,8,2432.521816619215,953.7472386330622,14.0,30,Grassland,0.8,129.0,0.9816843611112658
3.0,Gateway_3,42.47823,-9.01329,25.7,1575455389.895352,-112.0,4.0,8,4500.817173024827,953.7472386330622,14.0,30,Grassland,0.8,126.0,0.996302136283517
3.0,Gateway_1,42.47823,-9.01329,25.7,1575455397.484422,-105.0,8.5,7,946.5861033981935,953.7472386330622,14.0,30,Grassland,0.8,119.0,0.998338442726826
3.0,Gateway_2,42.47823,-9.01329,25.7,1575455397.484422,-115.0,1.8,7,2432.521816619215,953.7472386330622,14.0,30,Grassland,0.8,129.0,0.9757660321543089
3.0,Gateway_3,42.47823,-9.01329,25.7,1575455397.484422,-111.0,5.0,7,4500.817173024827,953.7472386330622,14.0,30,Grassland,0.8,125.0,0.9932620530009145
3.0,Gateway_1,42.47823,-9.0133,25.7,1575455437.253574,-102.0,5.2,12,946.5750303457162,953.9808318548658,14.0,30,Grassland,0.8,116.0,0.9999580905827115
3.0,Gateway_2,42.47823,-9.0133,25.7,1575455437.253574,-105.0,7.0,12,2432.709505597175,953.9808318548658,14.0,30,Grassland,0.8,119.0,0.9999796004965888
3.0,Gateway_3,42.47823,-9.0133,25.7,1575455437.253574,-120.0,-8.8,12,4500.280723655896,953.9808318548658,14.0,30,Grassland,0.8,134.0,0.9886665868453326
3.0,Gateway_1,42.47823,-9.01329,25.2,1575455445.341175,-99.0,9.2,11,946.6112196390741,953.7338964303362,14.0,30,Grassland,0.8,113.0,0.9999769996241301
3.0,Gateway_2,42.47823,-9.01329,25.2,1575455445.341175,-114.0,3.5,11,2432.5176131589355,953.7338964303362,14.0,30,Grassland,0.8,128.0,0.9997751326758212
3.0,Gateway_3,42.47823,-9.01329,25.2,1575455445.341175,-109.0,4.8,11,4500.817789579489,953.7338964303362,14.0,30,Grassland,0.8,123.0,0.9998663117552086
3.0,Gateway_1,42.47823,-9.01329,25.2,1575455454.394471,-107.0,5.8,10,946.6112196390741,953.7338964303362,14.0,30,Grassland,0.8,121.0,0.9997564041357744
3.0,Gateway_2,42.47823,-9.01329,25.2,1575455454.394471,-110.0,-10.0,10,2432.5176131589355,953.7338964303362,14.0,30,Grassland,0.8,124.0,0.8646647167633873
3.0,Gateway_3,42.47823,-9.01329,25.2,1575455454.394471,-113.0,4.2,10,4500.817789579489,953.7338964303362,14.0,30,Grassland,0.8,127.0,0.9995380251012184
3.0,Gateway_1,42.47823,-9.01329,25.9,1575455451.782894,-102.0,9.2,9,946.5761306659784,953.752648856186,14.0,30,Grassland,0.8,116.0,0.999830048932401
3.0,Gateway_2,42.47823,-9.01329,25.9,1575455451.782894,-107.0,7.5,9,2432.5235267779926,953.752648856186,14.0,30,Grassland,0.8,121.0,0.9996645373720975
3.0,Gateway_1,42.47823,-9.01329,25.0,1575455459.271309,-105.0,11.2,8,946.6213398960407,953.7286328931261,14.0,30,Grassland,0.8,119.0,0.9997924212972823
3.0,Gateway_2,42.47823,-9.01329,25.0,1575455459.271309,-104.0,12.2,8,2432.5159605495796,953.7286328931261,14.0,30,Grassland,0.8,118.0,0.9998608558344383
3.0,Gateway_3,42.47823,-9.01329,25.0,1575455459.271309,-107.0,9.8,8,4500.818051754059,953.7286328931261,14.0,30,Grassland,0.8,121.0,0.999636597673505
3.0,Gateway_1,42.47823,-9.01329,25.8,1575455475.855553,-105.0,10.8,7,946.5811117630519,953.749938505996,14.0,30,Grassland,0.8,119.0,0.9993378377887877
3.0,Gateway_2,42.47823,-9.01329,25.8,1575455475.855553,-111.0,5.5,7,2432.5226696432746,953.749938505996,14.0,30,Grassland,0.8,125.0,0.9944834355792392
3.0,Gateway_3,42.47823,-9.01329,25.8,1575455475.855553,-107.0,9.5,7,4500.817056379341,953.749938505996,14.0,30,Grassland,0.8,121.0,0.9988862248521552
3.0,Gateway_1,42.47817,-9.01331,28.3,1575455515.75809,-100.0,7.2,12,939.781344503413,947.9055766250448,14.0,30,Grassland,0.8,114.0,0.9999811688849429
3.0,Gateway_2,42.47817,-9.01331,28.3,1575455515.75809,-112.0,2.5,12,2439.409392149276,947.9055766250448,14.0,30,Grassland,0.8,126.0,0.9998765901959134
3.0,Gateway_3,42.47817,-9.01331,28.3,1575455515.75809,-110.0,2.8,12,4504.796267744495,947.9055766250448,14.0,30,Grassland,0.8,124.0,0.9998905453226643
3.0,Gateway_1,42.47817,-9.01331,28.3,1575455525.441108,-105.0,5.0,11,939.781344503413,947.9055766250448,14.0,30,Grassland,0.8,119.0,0.9998765901959134
3.0,Gateway_2,42.47817,-9.01331,28.3,1575455525.441108,-108.0,5.0,11,2439.409392149276,947.9055766250448,14.0,30,Grassland,0.8,122.0,0.9998765901959134
3.0,Gateway_3,42.47817,-9.01331,28.3,1575455525.441108,-119.0,-9.0,11,4504.796267744495,947.9055766250448,14.0,30,Grassland,0.8,133.0,0.9666267300396739
3.0,Gateway_1,42.47817,-9.0133,28.3,1575455533.498554,-105.0,7.2,10,939.7917780606539,947.6697721105533,14.0,30,Grassland,0.8,119.0,0.9998608558344383
3.0,Gateway_2,42.47817,-9.0133,28.3,1575455533.498554,-113.0,3.0,10,2439.2219414236665,947.6697721105533,14.0,30,Grassland,0.8,127.0,0.9992534141916233
3.0,Gateway_1,42.47805,-9.01338,29.2,1575455540.835953,-105.0,9.8,9,926.3711166719763,936.8705210749416,15.0,30,Grassland,0.8,119.0,0.9998663117552086
3.0,Gateway_2,42.47805,-9.01338,29.2,1575455540.835953,-113.0,4.2,9,2453.710318839789,936.8705210749416,15.0,30,Grassland,0.8,127.0,0.9987442220274376
3.0,Gateway_3,42.47805,-9.01338,29.2,1575455540.835953,-117.0,-0.8,9,4511.177282765804,936.8705210749416,15.0,30,Grassland,0.8,131.0,0.9907209861129352
3.0,Gateway_1,42.47797,-9.01351,28.9,1575455548.80078,-114.0,4.2,8,917.5042988867522,931.6393777768308,15.0,30,Grassland,0.8,128.0,0.9965864415566046
3.0,Gateway_2,42.47797,-9.01351,28.9,1575455548.80078,-109.0,8.8,8,2464.8207409363363,931.6393777768308,15.0,30,Grassland,0.8,123.0,0.9994578674341544
3.0,Gateway_3,42.47797,-9.01351,28.9,1575455548.80078,-117.0,-0.2,8,4511.01640379547,931.6393777768308,15.0,30,Grassland,0.8,131.0,0.9801589052556298
3.0,Gateway_1,42.47795,-9.01352,29.2,1575455555.377199,-100.0,10.5,7,915.275650613774,929.7934892396762,15.0,30,Grassland,0.8,114.0,0.9992534141916233
3.0,Gateway_2,42.47795,-9.01352,29.2,1575455555.377199,-105.0,9.2,7,2467.175507823866,929.7934892396762,15.0,30,Grassland,0.8,119.0,0.9987442220274376
3.0,Gateway_1,42.47794,-9.01359,30.1,1575455595.534525,-100.0,7.2,12,914.1778125584033,930.5773393107874,15.0,30,Grassland,0.8,114.0,0.9999811688849429
3.0,Gateway_2,42.47794,-9.01359,30.1,1575455595.534525,-109.0,5.0,12,2469.6091512032704,930.5773393107874,15.0,30,Grassland,0.8,123.0,0.9999546000702375
3.0,Gateway_3,42.47794,-9.01359,30.1,1575455595.534525,-119.0,-7.5,12,4509.306895072268,930.5773393107874,15.0,30,Grassland,0.8,133.0,0.9932620530009145
3.0,Gateway_1,42.4777,-9.01419,32.59,1575455505.120925,-103.0,5.0,11,889.44299216565,922.7026415590195,14.0,30,Grassland,0.8,117.0,0.9998765901959134
3.0,Gateway_2,42.4777,-9.01419,32.59,1575455505.120925,-103.0,8.0,11,2507.473191900964,922.7026415590195,14.0,30,Grassland,0.8,117.0,0.9999628296813159
3.0,Gateway_3,42.4777,-9.01419,32.59,1575455505.120925,-113.0,3.8,11,4498.138395856442,922.7026415590195,14.0,30,Grassland,0.8,127.0,0.9998005605746358
3.0,Gateway_1,42.4777,-9.01419,32.7,1575455513.205548,-95.0,10.0,10,889.4380013315063,922.7065333246495,14.0,30,Grassland,0.8,109.0,0.9999546000702375
3.0,Gateway_2,42.4777,-9.01419,32.7,1575455513.205548,-118.0,-3.2,10,2507.4744046554115,922.7065333246495,14.0,30,Grassland,0.8,132.0,0.9910848214515604
3.0,Gateway_3,42.4777,-9.01419,32.7,1575455513.205548,-118.0,-8.5,10,4498.138436084195,922.7065333246495,14.0,30,Grassland,0.8,132.0,0.9257264217856661
3.0,Gateway_1,42.47759,-9.0142,32.8,1575455520.54345,-95.0,12.8,9,877.3135443868739,911.7060637932549,15.0,30,Grassland,0.8,109.0,0.9999597338744681
3.0,Gateway_2,42.47759,-9.0142,32.8,1575455520.54345,-107.0,9.8,9,2519.5105811191834,911.7060637932549,15.0,30,Grassland,0.8,121.0,0.9998663117552086
3.0,Gateway_3,42.47759,-9.0142,32.8,1575455520.54345,-119.0,-7.2,9,4507.048396791239,911.7060637932549,15.0,30,Grassland,0.8,133.0,0.8799683714885432
3.0,Gateway_1,42.47753,-9.01421,32.9,1575455528.421114,-99.0,11.2,8,870.7263064589002,905.8637336169824,15.0,30,Grassland,0.8,113.0,0.9997924212972823
3.0,Gateway_2,42.47753,-9.01421,32.9,1575455528.421114,-112.0,4.0,8,2526.1703817299276,905.8637336169824,15.0,30,Grassland,0.8,126.0,0.996302136283517
3.0,Gateway_1,42.47741,-9.01409,33.2,1575455535.147158,-99.0,12.5,7,856.7689950772449,889.8044312722488,16.0,30,Grassland,0.8,113.0,0.9996645373720975
3.0,Gateway_2,42.47741,-9.01409,33.2,1575455535.147158,-108.0,9.2,7,2536.6509804964485,889.8044312722488,16.0,30,Grassland,0.8,122.0,0.9987442220274376
3.0,Gateway_3,42.47741,-9.01409,33.2,1575455535.147158,-119.0,-3.5,7,4528.242454715341,889.8044312722488,16.0,30,Grassland,0.8,133.0,0.7981034820053446
3.0,Gateway_1,42.4774,-9.01408,33.09,1575455575.833583,-99.0,5.8,12,855.6164109870417,888.4619937773479,16.0,30,Grassland,0.8,113.0,0.9999670328847198
3.0,Gateway_2,42.4774,-9.01408,33.09,1575455575.833583,-115.0,1.0,12,2537.525805105575,888.4619937773479,16.0,30,Grassland,0.8,129.0,0.9997751326758212
3.0,Gateway_3,42.4774,-9.01408,33.09,1575455575.833583,-119.0,-12.0,12,4529.622772468476,888.4619937773479,16.0,30,Grassland,0.8,133.0,0.9592377960216338
3.0,Gateway_1,42.47739,-9.01408,33.09,1575455584.501915,-102.0,7.0,11,854.5088392969408,887.4343613790232,16.0,30,Grassland,0.8,116.0,0.9999445484005678
3.0,Gateway_2,42.47739,-9.01408,33.09,1575455584.501915,-111.0,3.0,11,2538.602931334455,887.4343613790232,16.0,30,Grassland,0.8,125.0,0.9997253464300279
3.0,Gateway_3,42.47739,-9.01408,33.09,1575455584.501915,-118.0,-5.8,11,4530.481896576179,887.4343613790232,16.0,30,Grassland,0.8,132.0,0.9907209861129352
3.0,Gateway_1,42.47734,-9.01404,30.7,1575455592.18502,-104.0,10.0,10,848.8924671777448,880.967111923532,16.0,30,Grassland,0.8,118.0,0.9999546000702375
3.0,Gateway_2,42.47734,-9.01404,30.7,1575455592.18502,-115.0,1.2,10,2543.164396152312,880.967111923532,16.0,30,Grassland,0.8,129.0,0.9984661893206755
3.0,Gateway_3,42.47734,-9.01404,30.7,1575455592.18502,-119.0,-14.5,10,4536.862234448674,880.967111923532,16.0,30,Grassland,0.8,133.0,0.18126924692201818
3.0,Gateway_1,42.47733,-9.01403,30.8,1575455599.570513,-102.0,11.0,9,847.7331961566149,879.6324909023459,17.0,30,Grassland,0.8,116.0,0.9999172759344434
3.0,Gateway_2,42.47733,-9.01403,30.8,1575455599.570513,-118.0,-1.5,9,2544.0439333285103,879.6324909023459,17.0,30,Grassland,0.8,132.0,0.9877226600969315
3.0,Gateway_1,42.4759,-9.01394,29.3,1575455707.17223,-99.0,12.0,8,689.0583847859878,731.688778250828,19.0,30,Grassland,0.8,113.0,0.9998492669249045
3.0,Gateway_2,42.4759,-9.01394,29.3,1575455707.17223,-114.0,3.0,8,2696.7431967652083,731.688778250828,19.0,30,Grassland,0.8,128.0,0.9944834355792392
3.0,Gateway_3,42.4759,-9.01394,29.3,1575455707.17223,-118.0,-7.0,8,4666.783983249132,731.688778250828,19.0,30,Grassland,0.8,132.0,0.698805788087798
3.0,Gateway_1,42.47589,-9.01394,29.4,1575455714.775393,-102.0,11.8,7,687.9453623528792,730.6979873933099,19.0,30,Grassland,0.8,116.0,0.9995561393960971
3.0,Gateway_2,42.47589,-9.01394,29.4,1575455714.775393,-117.0,1.2,7,2697.826263295386,730.6979873933099,19.0,30,Grassland,0.8,131.0,0.9691925889672489
3.0,Gateway_3,42.47589,-9.01394,29.4,1575455714.775393,-117.0,-3.5,7,4667.657480904896,730.6979873933099,19.0,30,Grassland,0.8,131.0,0.7981034820053446
3.0,Gateway_1,42.47589,-9.01394,29.4,1575455755.050223,-108.0,5.0,12,687.9453623528792,730.6979873933099,19.0,30,Grassland,0.8,122.0,0.9999546000702375
3.0,Gateway_2,42.47589,-9.01394,29.4,1575455755.050223,-115.0,0.8,12,2697.826263295386,730.6979873933099,19.0,30,Grassland,0.8,129.0,0.9997564041357744
3.0,Gateway_3,42.47589,-9.01394,29.4,1575455755.050223,-119.0,-7.0,12,4667.657480904896,730.6979873933099,19.0,30,Grassland,0.8,133.0,0.9944834355792392
3.0,Gateway_1,42.47534,-9.01432,32.2,1575455753.712258,-107.0,5.5,11,629.6928560975476,692.1744411427214,19.0,10,Tree,0.9,121.0,0.9998989605981629
3.0,Gateway_2,42.47534,-9.01432,32.2,1575455753.712258,-117.0,-1.0,11,2764.467716361354,692.1744411427214,19.0,10,Tree,0.9,131.0,0.9986396319624521
3.0,Gateway_1,42.47534,-9.01432,32.2,1575455771.782788,-105.0,7.8,10,629.6928560975476,692.1744411427214,19.0,10,Tree,0.9,119.0,0.9998905453226643
3.0,Gateway_2,42.47534,-9.01432,32.2,1575455771.782788,-115.0,-0.5,10,2764.467716361354,692.1744411427214,19.0,10,Tree,0.9,129.0,0.9969724452546241
3.0,Gateway_3,42.47534,-9.01432,32.2,1575455771.782788,-114.0,3.0,10,4696.816467762294,692.1744411427214,19.0,10,Tree,0.9,128.0,0.9992534141916233
3.0,Gateway_1,42.47534,-9.01432,32.3,1575455779.181221,-115.0,0.2,9,629.6863846553193,692.1791003571537,19.0,10,Tree,0.9,129.0,0.9937800909840574
3.0,Gateway_2,42.47534,-9.01432,32.3,1575455779.181221,-118.0,-4.0,9,2764.4687020843917,692.1791003571537,19.0,10,Tree,0.9,132.0,0.9666267300396739
3.0,Gateway_3,42.47534,-9.01432,32.3,1575455779.181221,-115.0,1.2,9,4696.816494376066,692.1791003571537,19.0,10,Tree,0.9,129.0,0.9958306703020959
3.0,Gateway_1,42.47534,-9.01433,32.2,1575455785.572157,-110.0,7.8,8,629.7868197950203,692.5968658624855,19.0,10,Tree,0.9,124.0,0.9991912332488759
3.0,Gateway_2,42.47534,-9.01433,32.2,1575455785.572157,-115.0,2.5,8,2764.6580602971558,692.5968658624855,19.0,10,Tree,0.9,129.0,0.9932620530009145
3.0,Gateway_3,42.47534,-9.01433,32.2,1575455785.572157,-115.0,0.8,8,4696.317205933311,692.5968658624855,19.0,10,Tree,0.9,129.0,0.9867001164575563
3.0,Gateway_1,42.47524,-9.01445,32.0,1575455794.301485,-113.0,5.0,7,620.0221342727652,688.2934156196383,19.0,10,Tree,0.9,127.0,0.9932620530009145
3.0,Gateway_2,42.47524,-9.01445,32.0,1575455794.301485,-115.0,3.0,7,2777.7561513085707,688.2934156196383,19.0,10,Tree,0.9,129.0,0.9850044231795223
3.0,Gateway_3,42.47524,-9.01445,32.0,1575455794.301485,-117.0,0.5,7,4699.176181737592,688.2934156196383,19.0,10,Tree,0.9,131.0,0.9592377960216338
3.0,Gateway_1,42.47524,-9.01445,32.0,1575455833.995751,-104.0,5.2,12,620.0221342727652,688.2934156196383,19.0,10,Tree,0.9,118.0,0.9999580905827115
3.0,Gateway_2,42.47524,-9.01445,32.0,1575455833.995751,-120.0,-9.2,12,2777.7561513085707,688.2934156196383,19.0,10,Tree,0.9,134.0,0.9867001164575563
3.0,Gateway_3,42.47524,-9.01445,32.0,1575455833.995751,-118.0,-5.0,12,4699.176181737592,688.2934156196383,19.0,10,Tree,0.9,132.0,0.9975212478233336
3.0,Gateway_1,42.47524,-9.01445,31.8,1575455842.559555,-115.0,0.2,11,620.0353917222427,688.2841462545451,19.0,10,Tree,0.9,129.0,0.9991582268516215
3.0,Gateway_2,42.47524,-9.01445,31.8,1575455842.559555,-115.0,0.8,11,2777.7542144928166,688.2841462545451,19.0,10,Tree,0.9,129.0,0.9993378377887877
3.0,Gateway_3,42.47524,-9.01445,31.8,1575455842.559555,-115.0,-2.0,11,4699.176143433006,688.2841462545451,19.0,10,Tree,0.9,129.0,0.9979705693637043
3.0,Gateway_1,42.47525,-9.01445,31.8,1575455850.510588,-113.0,2.2,10,621.1339475561447,689.223794859541,19.0,10,Tree,0.9,127.0,0.9989718559548253
3.0,Gateway_2,42.47525,-9.01445,31.8,1575455850.510588,-113.0,3.5,10,2776.674314627795,689.223794859541,19.0,10,Tree,0.9,127.0,0.9993887472388704
3.0,Gateway_3,42.47525,-9.01445,31.8,1575455850.510588,-115.0,0.5,10,4698.291403500439,689.223794859541,19.0,10,Tree,0.9,129.0,0.9979705693637043
3.0,Gateway_1,42.47525,-9.01445,28.9,1575455858.51254,-117.0,-0.5,9,621.3330433887123,689.0960813998196,19.0,10,Tree,0.9,131.0,0.99177025295098
3.0,Gateway_2,42.47525,-9.01445,28.9,1575455858.51254,-119.0,-5.8,9,2776.6478385840965,689.0960813998196,19.0,10,Tree,0.9,133.0,0.9314368458457221
3.0,Gateway_3,42.47525,-9.01445,28.9,1575455858.51254,-110.0,7.2,9,4698.291804710103,689.0960813998196,19.0,10,Tree,0.9,124.0,0.9996217669432174
3.0,Gateway_1,42.47525,-9.01445,28.8,1575455855.002047,-105.0,8.5,8,621.3401490380929,689.0918947430646,19.0,10,Tree,0.9,119.0,0.9993887472388704
3.0,Gateway_2,42.47525,-9.01445,28.8,1575455855.002047,-115.0,-3.0,8,2776.6469796345623,689.0918947430646,19.0,10,Tree,0.9,129.0,0.9391899373747821
3.0,Gateway_3,42.47525,-9.01445,28.8,1575455855.002047,-117.0,0.0,8,4698.291850471415,689.0918947430646,19.0,10,Tree,0.9,131.0,0.9816843611112658
3.0,Gateway_1,42.47525,-9.01445,28.8,1575455873.509302,-108.0,7.5,7,621.3401490380929,689.0918947430646,19.0,10,Tree,0.9,122.0,0.9975212478233336
3.0,Gateway_2,42.47525,-9.01445,28.8,1575455873.509302,-119.0,-7.5,7,2776.6469796345623,689.0918947430646,19.0,10,Tree,0.9,133.0,0.0
3.0,Gateway_3,42.47525,-9.01445,28.8,1575455873.509302,-115.0,0.5,7,4698.291850471415,689.0918947430646,19.0,10,Tree,0.9,129.0,0.9592377960216338
3.0,Gateway_1,42.47525,-9.01445,29.0,1575455912.995777,-105.0,4.5,12,621.3259537526816,689.1002825428145,19.0,10,Tree,0.9,119.0,0.9999445484005678
3.0,Gateway_2,42.47525,-9.01445,29.0,1575455912.995777,-119.0,-3.5,12,2776.6487011348295,689.1002825428145,19.0,10,Tree,0.9,133.0,0.9986396319624521
3.0,Gateway_3,42.47525,-9.01445,29.0,1575455912.995777,-115.0,-0.8,12,4698.291761077224,689.1002825428145,19.0,10,Tree,0.9,129.0,0.9995380251012184
3.0,Gateway_1,42.47524,-9.01447,25.5,1575455921.552329,-107.0,5.2,11,620.7059739955536,688.8980468894852,19.0,10,Tree,0.9,121.0,0.9998860783925432
3.0,Gateway_2,42.47524,-9.01447,25.5,1575455921.552329,-120.0,-5.2,11,2778.0860068242773,688.8980468894852,19.0,10,Tree,0.9,134.0,0.9927008691532114
3.0,Gateway_3,42.47524,-9.01447,25.5,1575455921.552329,-115.0,-0.5,11,4698.185101838598,688.8980468894852,19.0,10,Tree,0.9,129.0,0.9988862248521552
3.0,Gateway_1,42.47524,-9.01447,25.5,1575455929.751289,-107.0,9.2,10,620.7059739955536,688.8980468894852,19.0,10,Tree,0.9,121.0,0.9999374784962252
3.0,Gateway_2,42.47524,-9.01447,25.5,1575455929.751289,-119.0,-8.0,10,2778.0860068242773,688.8980468894852,19.0,10,Tree,0.9,133.0,0.9391899373747821
3.0,Gateway_3,42.47524,-9.01447,25.5,1575455929.751289,-115.0,0.5,10,4698.185101838598,688.8980468894852,19.0,10,Tree,0.9,129.0,0.9979705693637043
3.0,Gateway_1,42.47524,-9.01447,25.5,1575455937.157537,-119.0,-5.0,9,620.7059739955536,688.8980468894852,19.0,10,Tree,0.9,133.0,0.950212931632136
3.0,Gateway_2,42.47524,-9.01447,25.5,1575455937.157537,-119.0,-5.2,9,2778.0860068242773,688.8980468894852,19.0,10,Tree,0.9,133.0,0.946066312699644
3.0,Gateway_3,42.47524,-9.01447,25.5,1575455937.157537,-117.0,-3.2,9,4698.185101838598,688.8980468894852,19.0,10,Tree,0.9,131.0,0.9757660321543089
3.0,Gateway_1,42.47524,-9.01447,25.5,1575455944.580003,-111.0,7.0,8,620.7059739955536,688.8980468894852,19.0,10,Tree,0.9,125.0,0.9988862248521552
3.0,Gateway_2,42.47524,-9.01447,25.5,1575455944.580003,-121.0,-10.0,8,2778.0860068242773,688.8980468894852,19.0,10,Tree,0.9,135.0,0.0
3.0,Gateway_3,42.47524,-9.01447,25.5,1575455944.580003,-117.0,-1.0,8,4698.185101838598,688.8980468894852,19.0,10,Tree,0.9,131.0,0.9726762775527075
3.0,Gateway_1,42.47525,-9.01447,27.0,1575455951.935959,-115.0,2.8,7,621.6905580183388,689.8939354940417,19.0,10,Tree,0.9,129.0,0.9837554855580501
3.0,Gateway_2,42.47525,-9.01447,27.0,1575455951.935959,-121.0,-8.0,7,2777.017714087146,689.8939354940417,19.0,10,Tree,0.9,135.0,0.0
3.0,Gateway_1,42.47525,-9.01447,28.5,1575455991.752027,-105.0,4.5,12,621.5813703202128,689.9542682174356,19.0,10,Tree,0.9,119.0,0.9999445484005678
3.0,Gateway_2,42.47525,-9.01447,28.5,1575455991.752027,-115.0,-1.8,12,2777.0300024223357,689.9542682174356,19.0,10,Tree,0.9,129.0,0.9993108144363072
3.0,Gateway_1,42.47524,-9.01447,28.7,1575457000.429574,-107.0,5.5,11,620.4692950934549,689.0239175878783,19.0,10,Tree,0.9,121.0,0.9998989605981629
3.0,Gateway_2,42.47524,-9.01447,28.7,1575457000.429574,-118.0,-5.8,11,2778.1114630829447,689.0239175878783,19.0,10,Tree,0.9,132.0,0.9907209861129352
3.0,Gateway_3,42.47524,-9.01447,28.7,1575457000.429574,-119.0,-14.2,11,4698.182445492955,689.0239175878783,19.0,10,Tree,0.9,133.0,0.7328646980341498
3.0,Gateway_1,42.47524,-9.01447,28.8,1575457008.498594,-105.0,10.0,10,620.4621633538735,689.0280901444783,19.0,10,Tree,0.9,119.0,0.9999546000702375
3.0,Gateway_2,42.47524,-9.01447,28.8,1575457008.498594,-115.0,2.2,10,2778.112317980117,689.0280901444783,19.0,10,Tree,0.9,129.0,0.9989718559548253
3.0,Gateway_3,42.47524,-9.01447,28.8,1575457008.498594,-117.0,-1.2,10,4698.182397602094,689.0280901444783,19.0,10,Tree,0.9,131.0,0.9959941520579095
3.0,Gateway_1,42.47521,-9.01449,28.8,1575457015.910843,-118.0,-3.2,9,617.3947209156551,687.0977006273004,19.0,10,Tree,0.9,132.0,0.9757660321543089
3.0,Gateway_2,42.47521,-9.01449,28.8,1575457015.910843,-115.0,0.0,9,2781.73764453791,687.0977006273004,19.0,10,Tree,0.9,129.0,0.9932620530009145
3.0,Gateway_3,42.47521,-9.01449,28.8,1575457015.910843,-119.0,-7.0,9,4699.8444872765485,687.0977006273004,19.0,10,Tree,0.9,133.0,0.8891968416376661
3.0,Gateway_1,42.47522,-9.01448,28.0,1575457023.575959,-113.0,5.5,8,618.436500874765,687.5595804313648,19.0,10,Tree,0.9,127.0,0.9979705693637043
3.0,Gateway_2,42.47522,-9.01448,28.0,1575457023.575959,-113.0,4.8,8,2780.4580889740364,687.5595804313648,19.0,10,Tree,0.9,127.0,0.9973147998230462
3.0,Gateway_1,42.47522,-9.01449,28.1,1575457031.285431,-113.0,4.5,7,618.5424007649226,688.004643614554,19.0,10,Tree,0.9,127.0,0.99177025295098
3.0,Gateway_2,42.47522,-9.01449,28.1,1575457031.285431,-115.0,2.0,7,2780.652057013772,688.004643614554,19.0,10,Tree,0.9,129.0,0.9776292281438345
3.0,Gateway_3,42.47522,-9.01449,28.1,1575457031.285431,-119.0,-7.8,7,4698.959465582342,688.004643614554,19.0,10,Tree,0.9,133.0,0.0
3.0,Gateway_1,42.47522,-9.01449,28.1,1575457071.009715,-114.0,2.0,12,618.5424007649226,688.004643614554,19.0,10,Tree,0.9,128.0,0.9998492669249045
3.0,Gateway_2,42.47522,-9.01449,28.1,1575457071.009715,-111.0,4.8,12,2780.652057013772,688.004643614554,19.0,10,Tree,0.9,125.0,0.9999508188432149
3.0,Gateway_3,42.47522,-9.01449,28.1,1575457071.009715,-117.0,-2.5,12,4698.959465582342,688.004643614554,19.0,10,Tree,0.9,131.0,0.9990881180344455
3.0,Gateway_1,42.47523,-9.01444,29.0,1575457079.707292,-100.0,7.8,11,619.0208762322175,686.783610465829,19.0,10,Tree,0.9,114.0,0.9999597338744681
3.0,Gateway_2,42.47523,-9.01444,29.0,1575457079.707292,-120.0,-5.8,11,2778.6162510609856,686.783610465829,19.0,10,Tree,0.9,134.0,0.9907209861129352
3.0,Gateway_3,42.47523,-9.01444,29.0,1575457079.707292,-118.0,-3.5,11,4700.558476486293,686.783610465829,19.0,10,Tree,0.9,132.0,0.996302136283517
3.0,Gateway_1,42.47501,-9.01382,29.5,1575457088.25359,-95.0,11.8,10,590.0191915875408,639.7427672786038,21.0,30,Grassland,0.8,109.0,0.9999779014817677
3.0,Gateway_2,42.47501,-9.01382,29.5,1575457088.25359,-115.0,2.5,10,2791.013300201242,639.7427672786038,21.0,30,Grassland,0.8,129.0,0.9990881180344455
3.0,Gateway_3,42.47501,-9.01382,29.5,1575457088.25359,-115.0,2.0,10,4750.919364114455,639.7427672786038,21.0,30,Grassland,0.8,129.0,0.9988862248521552
3.0,Gateway_1,42.47501,-9.01381,29.5,1575457095.534554,-110.0,4.0,9,589.977354867774,639.3393637782054,21.0,30,Grassland,0.8,124.0,0.9986396319624521
3.0,Gateway_3,42.47501,-9.01381,29.5,1575457095.534554,-117.0,-3.0,9,4751.420145366424,639.3393637782054,21.0,30,Grassland,0.8,131.0,0.9776292281438345
3.0,Gateway_1,42.47502,-9.01389,29.5,1575457103.550933,-107.0,10.2,8,591.449762175113,643.5512409968546,21.0,30,Grassland,0.8,121.0,0.9996903289645813
3.0,Gateway_2,42.47502,-9.01389,29.5,1575457103.550933,-120.0,-8.8,8,2791.1686767140554,643.5512409968546,21.0,30,Grassland,0.8,134.0,0.38121660819385905
3.0,Gateway_3,42.47502,-9.01389,29.5,1575457103.550933,-118.0,-2.0,8,4746.534670650474,643.5512409968546,21.0,30,Grassland,0.8,132.0,0.9592377960216338
3.0,Gateway_1,42.47588,-9.01397,31.0,1575457111.530132,-107.0,9.2,7,686.888148227924,730.8683940580429,19.0,30,Grassland,0.8,121.0,0.9987442220274376
3.0,Gateway_1,42.47587,-9.01395,31.0,1575457151.333408,-109.0,3.8,12,685.6809769591395,729.1416701640702,19.0,30,Grassland,0.8,123.0,0.9999266303356495
3.0,Gateway_2,42.47587,-9.01395,31.0,1575457151.333408,-118.0,-3.8,12,2700.190967611819,729.1416701640702,19.0,30,Grassland,0.8,132.0,0.9984661893206755
3.0,Gateway_3,42.47587,-9.01395,31.0,1575457151.333408,-117.0,-4.0,12,4668.896885920851,729.1416701640702,19.0,30,Grassland,0.8,131.0,0.998338442726826
3.0,Gateway_1,42.4758,-9.01391,30.5,1575457150.355383,-107.0,5.0,11,677.7737665581485,720.7016138301166,19.0,30,Grassland,0.8,121.0,0.9998765901959134
3.0,Gateway_2,42.4758,-9.01391,30.5,1575457150.355383,-118.0,-2.2,11,2707.023771504032,720.7016138301166,19.0,30,Grassland,0.8,132.0,0.9978015440369574
3.0,Gateway_3,42.4758,-9.01391,30.5,1575457150.355383,-118.0,-5.8,11,4677.045176480447,720.7016138301166,19.0,30,Grassland,0.8,132.0,0.9907209861129352
3.0,Gateway_1,42.47554,-9.01355,28.9,1575457158.498217,-100.0,10.2,10,648.0545107600893,681.7429631564275,20.0,30,Grassland,0.8,114.0,0.9999580905827115
3.0,Gateway_2,42.47554,-9.01355,28.9,1575457158.498217,-119.0,-10.0,10,2728.7604311967116,681.7429631564275,20.0,30,Grassland,0.8,133.0,0.8646647167633873
3.0,Gateway_3,42.47554,-9.01355,28.9,1575457158.498217,-117.0,-5.0,10,4718.042341469266,681.7429631564275,20.0,30,Grassland,0.8,131.0,0.9816843611112658
3.0,Gateway_1,42.47553,-9.01355,29.0,1575457175.891047,-111.0,7.2,9,646.9395457560756,680.7446720188951,20.0,30,Grassland,0.8,125.0,0.9996217669432174
3.0,Gateway_2,42.47553,-9.01355,29.0,1575457175.891047,-119.0,-4.0,9,2729.8470516208595,680.7446720188951,20.0,30,Grassland,0.8,133.0,0.9666267300396739
3.0,Gateway_3,42.47553,-9.01355,29.0,1575457175.891047,-120.0,-9.8,9,4718.915759036521,680.7446720188951,20.0,30,Grassland,0.8,134.0,0.6604044743550608
3.0,Gateway_1,42.47552,-9.01355,29.2,1575457183.38554,-107.0,9.5,8,645.8177921667444,679.751033116147,20.0,30,Grassland,0.8,121.0,0.9995902650210202
3.0,Gateway_2,42.47552,-9.01355,29.2,1575457183.38554,-119.0,-3.0,8,2730.934579492184,679.751033116147,20.0,30,Grassland,0.8,133.0,0.9391899373747821
3.0,Gateway_3,42.47552,-9.01355,29.2,1575457183.38554,-117.0,-0.5,8,4719.789239332052,679.751033116147,20.0,30,Grassland,0.8,131.0,0.9776292281438345
3.0,Gateway_1,42.47545,-9.01357,29.9,1575457190.507451,-103.0,10.8,7,638.0364253282593,673.4913171419221,20.0,30,Grassland,0.8,117.0,0.9993378377887877
3.0,Gateway_2,42.47545,-9.01357,29.9,1575457190.507451,-117.0,-1.2,7,2738.8882714999545,673.4913171419221,20.0,30,Grassland,0.8,131.0,0.9195403932504675
3.0,Gateway_3,42.47545,-9.01357,29.9,1575457190.507451,-115.0,0.0,7,4724.892428178013,673.4913171419221,20.0,30,Grassland,0.8,129.0,0.950212931632136
3.0,Gateway_1,42.47544,-9.01358,30.0,1575457230.321271,-115.0,-2.0,12,636.9347880780493,672.8568408882918,20.0,30,Grassland,0.8,129.0,0.9992534141916233
3.0,Gateway_2,42.47544,-9.01358,30.0,1575457230.321271,-117.0,-2.2,12,2740.1485091982763,672.8568408882918,20.0,30,Grassland,0.8,131.0,0.9991912332488759
3.0,Gateway_3,42.47544,-9.01358,30.0,1575457230.321271,-119.0,-5.5,12,4725.260021517247,672.8568408882918,20.0,30,Grassland,0.8,133.0,0.9969724452546241
3.0,Gateway_1,42.47524,-9.01359,30.5,1575457239.1258,-109.0,5.5,11,614.7541304183346,653.3719777105243,20.0,30,Grassland,0.8,123.0,0.9998989605981629
3.0,Gateway_3,42.47524,-9.01359,30.5,1575457239.1258,-118.0,-2.8,11,4742.268504842005,653.3719777105243,20.0,30,Grassland,0.8,132.0,0.9972052147249632
3.0,Gateway_2,42.47522,-9.01358,30.9,1575457247.222515,-117.0,-1.5,10,2764.0475486604078,651.0401420074794,20.0,30,Grassland,0.8,131.0,0.9954834190573874
3.0,Gateway_3,42.47522,-9.01358,30.9,1575457247.222515,-115.0,-0.8,10,4744.526969138938,651.0401420074794,20.0,30,Grassland,0.8,129.0,0.9965864415566046
3.0,Gateway_1,42.47517,-9.01325,33.4,1575457254.585558,-118.0,-2.2,9,606.9160932900861,634.3198154319541,22.0,30,Grassland,0.8,132.0,0.9837554855580501
3.0,Gateway_2,42.47517,-9.01325,33.4,1575457254.585558,-119.0,-8.0,9,2763.960308734545,634.3198154319541,22.0,30,Grassland,0.8,133.0,0.8347011117784134
3.0,Gateway_3,42.47517,-9.01325,33.4,1575457254.585558,-118.0,-3.5,9,4765.605198504675,634.3198154319541,22.0,30,Grassland,0.8,132.0,0.9726762775527075
3.0,Gateway_1,42.47515,-9.01327,33.3,1575457252.191489,-107.0,8.2,8,604.6640740769269,633.0007788729379,22.0,30,Grassland,0.8,121.0,0.9993108144363072
3.0,Gateway_2,42.47515,-9.01327,33.3,1575457252.191489,-118.0,-3.8,8,2766.464569494086,633.0007788729379,22.0,30,Grassland,0.8,132.0,0.9162567744078041
3.0,Gateway_3,42.47515,-9.01327,33.3,1575457252.191489,-115.0,1.0,8,4766.339895641998,633.0007788729379,22.0,30,Grassland,0.8,129.0,0.9877226600969315
3.0,Gateway_1,42.47511,-9.01349,32.09,1575457259.994759,-105.0,11.0,7,600.139512477452,636.8706089518663,21.0,30,Grassland,0.8,119.0,0.9993887472388704
3.0,Gateway_2,42.47511,-9.01349,32.09,1575457259.994759,-119.0,-4.5,7,2774.4744821536997,636.8706089518663,21.0,30,Grassland,0.8,133.0,0.698805788087798
3.0,Gateway_1,42.4751,-9.0135,31.9,1575457309.590877,-104.0,-0.2,12,599.0493785512394,636.2427900389935,21.0,30,Grassland,0.8,118.0,0.999636597673505
3.0,Gateway_2,42.4751,-9.0135,31.9,1575457309.590877,-112.0,-19.8,12,2775.7289832922725,636.2427900389935,21.0,30,Grassland,0.8,126.0,0.07688365361336391
3.0,Gateway_3,42.4751,-9.0135,31.9,1575457309.590877,-117.0,-2.8,12,4759.088915817505,636.2427900389935,21.0,30,Grassland,0.8,131.0,0.9989718559548253
3.0,Gateway_1,42.47497,-9.0137,32.2,1575457318.491909,-112.0,2.2,11,584.9697770763995,631.1965086696908,21.0,30,Grassland,0.8,126.0,0.9996217669432174
3.0,Gateway_2,42.47497,-9.0137,32.2,1575457318.491909,-115.0,-9.0,11,2793.2824230015203,631.1965086696908,21.0,30,Grassland,0.8,129.0,0.9666267300396739
3.0,Gateway_1,42.47495,-9.01371,32.0,1575457325.584122,-114.0,3.2,10,582.7985658139581,629.6421284970016,21.0,30,Grassland,0.8,128.0,0.9993108144363072
3.0,Gateway_2,42.47495,-9.01371,32.0,1575457325.584122,-117.0,-2.8,10,2795.625435661642,629.6421284970016,21.0,30,Grassland,0.8,131.0,0.9924029859724224
3.0,Gateway_3,42.47495,-9.01371,32.0,1575457325.584122,-117.0,-2.0,10,4761.715135956539,629.6421284970016,21.0,30,Grassland,0.8,131.0,0.9944834355792392
3.0,Gateway_1,42.47457,-9.01354,29.9,1575457333.548981,-115.0,2.2,9,540.5218546163838,585.9574236356286,22.0,30,Grassland,0.8,129.0,0.9972052147249632
3.0,Gateway_2,42.47457,-9.01354,29.9,1575457333.548981,-117.0,-0.2,9,2834.0095493481417,585.9574236356286,22.0,30,Grassland,0.8,131.0,0.9927008691532114
3.0,Gateway_3,42.47457,-9.01354,29.9,1575457333.548981,-109.0,7.5,9,4803.723433287852,585.9574236356286,22.0,30,Grassland,0.8,123.0,0.9996645373720975
3.0,Gateway_1,42.47455,-9.01353,30.1,1575457341.155575,-110.0,7.0,8,538.280862374668,583.6345761313369,22.0,30,Grassland,0.8,124.0,0.9988862248521552
3.0,Gateway_2,42.47455,-9.01353,30.1,1575457341.155575,-114.0,2.5,8,2836.019921760943,583.6345761313369,22.0,30,Grassland,0.8,128.0,0.9932620530009145
3.0,Gateway_3,42.47455,-9.01353,30.1,1575457341.155575,-111.0,5.2,8,4805.988114997452,583.6345761313369,22.0,30,Grassland,0.8,125.0,0.9977118233470779
3.0,Gateway_1,42.47455,-9.01351,30.9,1575457348.718933,-111.0,5.0,7,538.2001034023328,582.8601356399837,22.0,30,Grassland,0.8,125.0,0.9932620530009145
3.0,Gateway_2,42.47455,-9.01351,30.9,1575457348.718933,-117.0,0.2,7,2835.694368901919,582.8601356399837,22.0,30,Grassland,0.8,131.0,0.9540407433509558
3.0,Gateway_3,42.47455,-9.01351,30.9,1575457348.718933,-108.0,8.5,7,4806.986370682814,582.8601356399837,22.0,30,Grassland,0.8,122.0,0.998338442726826
3.0,Gateway_1,42.47444,-9.01342,32.3,1575457388.359402,-113.0,1.5,12,525.8923070695687,568.6777130836252,22.0,30,Grassland,0.8,127.0,0.9998158942063324
3.0,Gateway_2,42.47444,-9.01342,32.3,1575457388.359402,-118.0,-5.0,12,2846.1952940973356,568.6777130836252,22.0,30,Grassland,0.8,132.0,0.9975212478233336
3.0,Gateway_3,42.47444,-9.01342,32.3,1575457388.359402,-113.0,1.0,12,4821.189415528003,568.6777130836252,22.0,30,Grassland,0.8,127.0,0.9997751326758212
3.0,Gateway_1,42.47444,-9.01341,32.3,1575457395.955907,-120.0,-5.8,11,525.8968078600291,568.2714595509284,22.0,30,Grassland,0.8,134.0,0.9907209861129352
3.0,Gateway_2,42.47444,-9.01341,32.3,1575457395.955907,-108.0,5.5,11,2846.0320138720717,568.2714595509284,22.0,30,Grassland,0.8,122.0,0.9998989605981629
3.0,Gateway_3,42.47444,-9.01341,32.3,1575457395.955907,-118.0,-4.0,11,4821.6885097237355,568.2714595509284,22.0,30,Grassland,0.8,132.0,0.9954834190573874
3.0,Gateway_2,42.47427,-9.013,39.09,1575457404.783789,-110.0,7.2,10,2858.1595169894877,536.0723666854284,28.0,30,Grassland,0.8,124.0,0.9998608558344383
3.0,Gateway_3,42.47427,-9.013,39.09,1575457404.783789,-108.0,8.0,10,4857.191329641839,536.0723666854284,28.0,30,Grassland,0.8,122.0,0.9998989605981629
3.0,Gateway_1,42.47427,-9.013,39.3,1575457411.043449,-117.0,-5.2,9,507.8973815045274,536.0877206425422,28.0,30,Grassland,0.8,131.0,0.946066312699644
3.0,Gateway_2,42.47427,-9.013,39.3,1575457411.043449,-115.0,0.0,9,2858.16202942688,536.0877206425422,28.0,30,Grassland,0.8,129.0,0.9932620530009145
3.0,Gateway_3,42.47427,-9.013,39.3,1575457411.043449,-111.0,5.5,9,4857.191683951525,536.0877206425422,28.0,30,Grassland,0.8,125.0,0.9992534141916233
3.0,Gateway_1,42.47427,-9.01301,39.5,1575457418.522759,-118.0,-2.2,8,507.82489309014767,536.481352086603,28.0,30,Grassland,0.8,132.0,0.9558428315803071
3.0,Gateway_2,42.47427,-9.01301,39.5,1575457418.522759,-115.0,2.8,8,2858.3173283000074,536.481352086603,28.0,30,Grassland,0.8,129.0,0.994023977104994
3.0,Gateway_3,42.47427,-9.01301,39.5,1575457418.522759,-109.0,8.5,8,4856.6908772993365,536.481352086603,28.0,30,Grassland,0.8,123.0,0.9993887472388704
3.0,Gateway_1,42.4742,-9.01295,42.9,1575457425.959103,-118.0,-4.5,7,500.2515550438507,527.5965807429569,28.0,30,Grassland,0.8,132.0,0.698805788087798
3.0,Gateway_2,42.4742,-9.01295,42.9,1575457425.959103,-113.0,5.0,7,2865.0885794829287,527.5965807429569,28.0,30,Grassland,0.8,127.0,0.9932620530009145
3.0,Gateway_3,42.4742,-9.01295,42.9,1575457425.959103,-111.0,5.5,7,4865.86996403753,527.5965807429569,28.0,30,Grassland,0.8,125.0,0.9944834355792392
3.0,Gateway_1,42.4742,-9.01295,43.0,1575457455.575818,-119.0,-5.5,12,500.2455480299558,527.6047213697575,28.0,30,Grassland,0.8,133.0,0.9969724452546241
3.0,Gateway_2,42.4742,-9.01295,43.0,1575457455.575818,-115.0,2.0,12,2865.0899040489994,527.6047213697575,28.0,30,Grassland,0.8,129.0,0.9998492669249045
3.0,Gateway_3,42.4742,-9.01295,43.0,1575457455.575818,-118.0,-9.8,12,4865.870209625673,527.6047213697575,28.0,30,Grassland,0.8,132.0,0.9830925343472947
3.0,Gateway_1,42.47422,-9.01292,41.3,1575457474.311537,-120.0,-8.2,11,502.76794542231835,528.3090438935093,28.0,30,Grassland,0.8,134.0,0.9757660321543089
3.0,Gateway_2,42.47422,-9.01292,41.3,1575457474.311537,-117.0,-0.8,11,2862.4313048355807,528.3090438935093,28.0,30,Grassland,0.8,131.0,0.9987442220274376
3.0,Gateway_3,42.47422,-9.01292,41.3,1575457474.311537,-113.0,2.8,11,4865.608707306454,528.3090438935093,28.0,30,Grassland,0.8,127.0,0.9997024713395585
3.0,Gateway_1,42.47422,-9.01292,41.2,1575457482.408934,-120.0,-8.0,10,502.77426042328307,528.301235905874,28.0,30,Grassland,0.8,134.0,0.9391899373747821
3.0,Gateway_2,42.47422,-9.01292,41.2,1575457482.408934,-114.0,4.5,10,2862.4300384293633,528.301235905874,28.0,30,Grassland,0.8,128.0,0.9995902650210202
3.0,Gateway_3,42.47422,-9.01292,41.2,1575457482.408934,-111.0,5.2,10,4865.608496644215,528.301235905874,28.0,30,Grassland,0.8,125.0,0.9996903289645813
3.0,Gateway_1,42.47432,-9.01294,42.2,1575457489.939713,-120.0,-9.0,9,513.6219118527766,538.9952377762304,28.0,30,Grassland,0.8,134.0,0.7534030360583935
3.0,Gateway_2,42.47432,-9.01294,42.2,1575457489.939713,-115.0,3.0,9,2851.827249677699,538.9952377762304,28.0,30,Grassland,0.8,129.0,0.9979705693637043
3.0,Gateway_3,42.47432,-9.01294,42.2,1575457489.939713,-111.0,5.8,9,4855.806877903946,538.9952377762304,28.0,30,Grassland,0.8,125.0,0.9993378377887877
3.0,Gateway_1,42.47432,-9.01294,42.1,1575457497.435258,-119.0,-5.8,8,513.6279181813441,538.9874176133012,28.0,30,Grassland,0.8,133.0,0.81362602396059
3.0,Gateway_2,42.47432,-9.01294,42.1,1575457497.435258,-114.0,3.2,8,2851.825947003826,538.9874176133012,28.0,30,Grassland,0.8,128.0,0.9949075692073008
3.0,Gateway_3,42.47432,-9.01294,42.1,1575457497.435258,-111.0,7.2,8,4855.806648281959,538.9874176133012,28.0,30,Grassland,0.8,125.0,0.9989718559548253
3.0,Gateway_1,42.47433,-9.01292,39.8,1575457505.114032,-118.0,-8.2,7,515.0127992256764,539.067549551561,28.0,30,Grassland,0.8,132.0,0.0
3.0,Gateway_2,42.47433,-9.01292,39.8,1575457505.114032,-115.0,2.5,7,2850.4022331234337,539.067549551561,28.0,30,Grassland,0.8,129.0,0.9816843611112658
3.0,Gateway_3,42.47433,-9.01292,39.8,1575457505.114032,-110.0,7.0,7,4855.927048856469,539.067549551561,28.0,30,Grassland,0.8,124.0,0.9969724452546241
3.0,Gateway_1,42.47433,-9.01292,39.7,1575457544.818015,-119.0,-5.0,12,515.0192553354359,539.0601756571568,28.0,30,Grassland,0.8,133.0,0.9975212478233336
3.0,Gateway_2,42.47433,-9.01292,39.7,1575457544.818015,-115.0,1.8,12,2850.401013996988,539.0601756571568,28.0,30,Grassland,0.8,129.0,0.9998367128090782
3.0,Gateway_3,42.47433,-9.01292,39.7,1575457544.818015,-111.0,2.8,12,4855.926868664303,539.0601756571568,28.0,30,Grassland,0.8,125.0,0.9998905453226643
3.0,Gateway_1,42.47433,-9.01291,38.9,1575457553.555427,-119.0,-8.0,11,515.1418389805426,538.6359895714564,28.0,30,Grassland,0.8,133.0,0.9776292281438345
3.0,Gateway_2,42.47433,-9.01291,38.9,1575457553.555427,-115.0,1.8,11,2850.2402049132215,538.6359895714564,28.0,30,Grassland,0.8,129.0,0.9995561393960971
3.0,Gateway_3,42.47433,-9.01291,38.9,1575457553.555427,-111.0,4.0,11,4856.42798478771,538.6359895714564,28.0,30,Grassland,0.8,125.0,0.9998158942063324
3.0,Gateway_1,42.47433,-9.01291,38.7,1575457551.719915,-119.0,-10.0,10,515.1551167058863,538.6215826177244,28.0,30,Grassland,0.8,133.0,0.8646647167633873
3.0,Gateway_2,42.47433,-9.01291,38.7,1575457551.719915,-115.0,1.2,10,2850.237833182305,538.6215826177244,28.0,30,Grassland,0.8,129.0,0.9984661893206755
3.0,Gateway_3,42.47433,-9.01291,38.7,1575457551.719915,-111.0,4.5,10,4856.427663563951,538.6215826177244,28.0,30,Grassland,0.8,125.0,0.9995902650210202
3.0,Gateway_1,42.47434,-9.01291,37.0,1575457559.353257,-119.0,-8.8,9,516.3750797118156,539.4945124715732,28.0,30,Grassland,0.8,133.0,0.7723623116161872
3.0,Gateway_2,42.47434,-9.01291,37.0,1575457559.353257,-115.0,1.0,9,2849.1263990971397,539.4945124715732,28.0,30,Grassland,0.8,129.0,0.9954834190573874
3.0,Gateway_3,42.47434,-9.01291,37.0,1575457559.353257,-111.0,4.2,9,4855.546040882991,539.4945124715732,28.0,30,Grassland,0.8,125.0,0.9987442220274376
3.0,Gateway_1,42.47434,-9.01291,37.0,1575457575.829875,-120.0,-5.8,8,516.3750797118156,539.4945124715732,28.0,30,Grassland,0.8,134.0,0.81362602396059
3.0,Gateway_2,42.47434,-9.01291,37.0,1575457575.829875,-115.0,2.5,8,2849.1263990971397,539.4945124715732,28.0,30,Grassland,0.8,129.0,0.9932620530009145
3.0,Gateway_3,42.47434,-9.01291,37.0,1575457575.829875,-111.0,5.2,8,4855.546040882991,539.4945124715732,28.0,30,Grassland,0.8,125.0,0.9977118233470779
3.0,Gateway_1,42.47434,-9.0129,37.5,1575457583.829029,-120.0,-7.0,7,516.4118379520245,539.1647873026552,28.0,30,Grassland,0.8,134.0,0.18126924692201818
3.0,Gateway_2,42.47434,-9.0129,37.5,1575457583.829029,-115.0,3.8,7,2848.9810468270643,539.1647873026552,28.0,30,Grassland,0.8,129.0,0.9891109763314455
3.0,Gateway_3,42.47434,-9.0129,37.5,1575457583.829029,-112.0,5.8,7,4856.049346296534,539.1647873026552,28.0,30,Grassland,0.8,126.0,0.9951072462747605
3.0,Gateway_1,42.47434,-9.0129,37.5,1575457523.558191,-117.0,-7.5,12,516.4118379520245,539.1647873026552,28.0,30,Grassland,0.8,131.0,0.9932620530009145
3.0,Gateway_2,42.47434,-9.0129,37.5,1575457523.558191,-114.0,1.0,12,2848.9810468270643,539.1647873026552,28.0,30,Grassland,0.8,128.0,0.9997751326758212
3.0,Gateway_3,42.47434,-9.0129,37.5,1575457523.558191,-107.0,5.0,12,4856.049346296534,539.1647873026552,28.0,30,Grassland,0.8,121.0,0.9999546000702375
3.0,Gateway_1,42.47434,-9.0129,37.59,1575457532.255135,-118.0,-11.8,11,516.405658835172,539.1710544596375,28.0,30,Grassland,0.8,132.0,0.8977157932844625
3.0,Gateway_2,42.47434,-9.0129,37.59,1575457532.255135,-114.0,0.8,11,2848.982074931296,539.1710544596375,28.0,30,Grassland,0.8,128.0,0.9993378377887877
3.0,Gateway_3,42.47434,-9.0129,37.59,1575457532.255135,-105.0,5.0,11,4856.049467598842,539.1710544596375,28.0,30,Grassland,0.8,119.0,0.9998765901959134
3.0,Gateway_1,42.47434,-9.0129,37.59,1575457540.05072,-119.0,-5.0,10,516.405658835172,539.1710544596375,28.0,30,Grassland,0.8,133.0,0.9816843611112658
3.0,Gateway_2,42.47434,-9.0129,37.59,1575457540.05072,-118.0,-0.8,10,2848.982074931296,539.1710544596375,28.0,30,Grassland,0.8,132.0,0.9965864415566046
3.0,Gateway_3,42.47434,-9.0129,37.59,1575457540.05072,-107.0,9.0,10,4856.049467598842,539.1710544596375,28.0,30,Grassland,0.8,121.0,0.9999322712635091
3.0,Gateway_1,42.47434,-9.0129,37.59,1575457547.432971,-119.0,-4.8,9,516.405658835172,539.1710544596375,28.0,30,Grassland,0.8,133.0,0.9540407433509558
3.0,Gateway_2,42.47434,-9.0129,37.59,1575457547.432971,-117.0,-0.2,9,2848.982074931296,539.1710544596375,28.0,30,Grassland,0.8,131.0,0.9927008691532114
3.0,Gateway_3,42.47434,-9.0129,37.59,1575457547.432971,-107.0,9.2,9,4856.049467598842,539.1710544596375,28.0,30,Grassland,0.8,121.0,0.999830048932401
3.0,Gateway_1,42.47434,-9.0129,39.0,1575457555.015211,-119.0,-3.8,8,516.3108912050839,539.2711913936414,28.0,30,Grassland,0.8,133.0,0.9162567744078041
3.0,Gateway_2,42.47434,-9.0129,39.0,1575457555.015211,-117.0,0.0,8,2848.9985530322465,539.2711913936414,28.0,30,Grassland,0.8,131.0,0.9816843611112658
3.0,Gateway_3,42.47434,-9.0129,39.0,1575457555.015211,-107.0,9.5,8,4856.05158577079,539.2711913936414,28.0,30,Grassland,0.8,121.0,0.9995902650210202
3.0,Gateway_1,42.47434,-9.0129,39.0,1575457552.585383,-118.0,-3.5,7,516.3108912050839,539.2711913936414,28.0,30,Grassland,0.8,132.0,0.7981034820053446
3.0,Gateway_2,42.47434,-9.0129,39.0,1575457552.585383,-117.0,1.2,7,2848.9985530322465,539.2711913936414,28.0,30,Grassland,0.8,131.0,0.9691925889672489
3.0,Gateway_3,42.47434,-9.0129,39.0,1575457552.585383,-107.0,9.2,7,4856.05158577079,539.2711913936414,28.0,30,Grassland,0.8,121.0,0.9987442220274376
3.0,Gateway_1,42.47434,-9.0129,39.0,1575457702.299478,-118.0,-11.5,12,516.3108912050839,539.2711913936414,28.0,30,Grassland,0.8,132.0,0.9666267300396739
3.0,Gateway_2,42.47434,-9.0129,39.0,1575457702.299478,-117.0,-4.8,12,2848.9985530322465,539.2711913936414,28.0,30,Grassland,0.8,131.0,0.9977118233470779
3.0,Gateway_3,42.47434,-9.0129,39.0,1575457702.299478,-119.0,-12.5,12,4856.05158577079,539.2711913936414,28.0,30,Grassland,0.8,133.0,0.950212931632136
3.0,Gateway_1,42.47434,-9.0129,40.3,1575457710.702589,-120.0,-8.8,11,516.2269136503713,539.3667656308808,28.0,30,Grassland,0.8,134.0,0.9691925889672489
3.0,Gateway_2,42.47434,-9.0129,40.3,1575457710.702589,-119.0,-4.5,11,2849.014363807216,539.3667656308808,28.0,30,Grassland,0.8,133.0,0.9944834355792392
3.0,Gateway_3,42.47434,-9.0129,40.3,1575457710.702589,-120.0,-13.0,11,4856.0539014375645,539.3667656308808,28.0,30,Grassland,0.8,134.0,0.8347011117784134
3.0,Gateway_1,42.47434,-9.0129,40.4,1575457718.723319,-119.0,-5.8,10,516.2205888735822,539.3742465738584,28.0,30,Grassland,0.8,133.0,0.9747770251647728
3.0,Gateway_2,42.47434,-9.0129,40.4,1575457718.723319,-119.0,-4.0,10,2849.0156045869307,539.3742465738584,28.0,30,Grassland,0.8,133.0,0.9877226600969315
3.0,Gateway_3,42.47434,-9.0129,40.4,1575457718.723319,-120.0,-5.8,10,4856.054093980729,539.3742465738584,28.0,30,Grassland,0.8,134.0,0.9747770251647728
3.0,Gateway_2,42.47433,-9.01291,41.4,1575457725.017991,-118.0,-4.8,9,2850.271035481321,538.8223076874435,28.0,30,Grassland,0.8,132.0,0.9540407433509558
3.0,Gateway_3,42.47433,-9.01291,41.4,1575457725.017991,-118.0,-5.5,9,4856.4326950375025,538.8223076874435,28.0,30,Grassland,0.8,132.0,0.9391899373747821
3.0,Gateway_1,42.47433,-9.01291,41.4,1575457733.525582,-119.0,-5.2,8,514.9823921924469,538.8223076874435,28.0,30,Grassland,0.8,133.0,0.8533930378696498
3.0,Gateway_2,42.47433,-9.01291,41.4,1575457733.525582,-119.0,-5.5,8,2850.271035481321,538.8223076874435,28.0,30,Grassland,0.8,133.0,0.8347011117784134
3.0,Gateway_3,42.47433,-9.01291,41.4,1575457733.525582,-119.0,-5.5,8,4856.4326950375025,538.8223076874435,28.0,30,Grassland,0.8,133.0,0.8347011117784134
3.0,Gateway_1,42.47433,-9.01291,41.5,1575457741.147933,-119.0,-5.2,7,514.9762657329513,538.8300003355623,28.0,30,Grassland,0.8,133.0,0.6014809589154858
3.0,Gateway_2,42.47433,-9.01291,41.5,1575457741.147933,-120.0,-5.5,7,2850.272314306786,538.8300003355623,28.0,30,Grassland,0.8,134.0,0.5506710358827784
3.0,Gateway_1,42.47433,-9.01292,41.2,1575457780.839944,-119.0,-7.0,12,514.924444327774,539.1727209155938,28.0,30,Grassland,0.8,133.0,0.9944834355792392
3.0,Gateway_2,42.47433,-9.01292,41.2,1575457780.839944,-119.0,-5.5,12,2850.419669205757,539.1727209155938,28.0,30,Grassland,0.8,133.0,0.9969724452546241
3.0,Gateway_3,42.47433,-9.01292,41.2,1575457780.839944,-118.0,-7.5,12,4855.929787776579,539.1727209155938,28.0,30,Grassland,0.8,132.0,0.9932620530009145
3.0,Gateway_1,42.47432,-9.01291,33.59,1575457789.802517,-120.0,-9.5,11,514.4171474146846,537.286204458619,28.0,30,Grassland,0.8,134.0,0.9592377960216338
3.0,Gateway_2,42.47432,-9.01291,33.59,1575457789.802517,-119.0,-4.0,11,2851.2738643182347,537.286204458619,28.0,30,Grassland,0.8,133.0,0.9954834190573874
3.0,Gateway_3,42.47432,-9.01291,33.59,1575457789.802517,-118.0,-5.5,11,4857.301570180726,537.286204458619,28.0,30,Grassland,0.8,132.0,0.99177025295098
3.0,Gateway_2,42.47432,-9.01291,33.5,1575457797.885753,-119.0,-8.8,10,2851.272963299768,537.280585356989,28.0,30,Grassland,0.8,133.0,0.9162567744078041
3.0,Gateway_3,42.47432,-9.01291,33.5,1575457797.885753,-119.0,-13.2,10,4857.301523024914,537.280585356989,28.0,30,Grassland,0.8,133.0,0.5132477440400285
3.0,Gateway_2,42.47432,-9.01291,33.59,1575457805.288308,-119.0,-4.5,9,2851.2738643182347,537.286204458619,28.0,30,Grassland,0.8,133.0,0.9592377960216338
3.0,Gateway_3,42.47432,-9.01291,33.59,1575457805.288308,-118.0,-3.5,9,4857.301570180726,537.286204458619,28.0,30,Grassland,0.8,132.0,0.9726762775527075
3.0,Gateway_1,42.47431,-9.01325,34.09,1575457829.413725,-118.0,-15.0,11,511.61544392916574,549.3716174846136,26.0,30,Grassland,0.8,132.0,0.6321205588285577
3.0,Gateway_2,42.47431,-9.01325,34.09,1575457829.413725,-118.0,-9.2,11,2857.635388413887,549.3716174846136,26.0,30,Grassland,0.8,132.0,0.9638471682459536
3.0,Gateway_3,42.47431,-9.01325,34.09,1575457829.413725,-119.0,-10.8,11,4841.152079352654,549.3716174846136,26.0,30,Grassland,0.8,133.0,0.9314368458457221
3.0,Gateway_1,42.47439,-9.01303,27.1,1575457837.500778,-115.0,-2.5,10,521.9258394841789,548.2939292710304,25.0,30,Grassland,0.8,129.0,0.9932620530009145
3.0,Gateway_2,42.47439,-9.01303,27.1,1575457837.500778,-118.0,-5.0,10,2845.40682703983,548.2939292710304,25.0,30,Grassland,0.8,132.0,0.9816843611112658
3.0,Gateway_2,42.47435,-9.01294,33.09,1575457844.805459,-121.0,-12.0,9,2848.4479169938727,541.3311399293677,28.0,30,Grassland,0.8,135.0,0.18126924692201818
3.0,Gateway_3,42.47435,-9.01294,33.09,1575457844.805459,-119.0,-5.8,9,4853.155916687814,541.3311399293677,28.0,30,Grassland,0.8,133.0,0.9314368458457221
3.0,Gateway_2,42.47435,-9.01294,33.2,1575457852.335928,-120.0,-10.8,8,2848.4490038838208,541.3378750440696,28.0,30,Grassland,0.8,134.0,0.0
3.0,Gateway_2,42.47435,-9.01294,33.2,1575457859.941411,-119.0,-4.5,7,2848.4490038838208,541.3378750440696,28.0,30,Grassland,0.8,133.0,0.698805788087798
3.0,Gateway_3,42.47435,-9.01294,33.2,1575457859.941411,-119.0,-9.2,7,4853.155965305663,541.3378750440696,28.0,30,Grassland,0.8,133.0,0.0
3.0,Gateway_1,42.47435,-9.01294,33.3,1575457899.552154,-119.0,-9.8,12,517.5438865234378,541.3440171990717,28.0,30,Grassland,0.8,133.0,0.9830925343472947
3.0,Gateway_3,42.47435,-9.01294,33.3,1575457899.552154,-119.0,-8.8,12,4853.156011667246,541.3440171990717,28.0,30,Grassland,0.8,133.0,0.9886665868453326
3.0,Gateway_1,42.47435,-9.01294,33.2,1575457908.310054,-120.0,-5.5,11,517.5515669745238,541.3378750440696,28.0,30,Grassland,0.8,134.0,0.99177025295098
3.0,Gateway_3,42.47435,-9.01294,33.2,1575457908.310054,-119.0,-9.5,11,4853.155965305663,541.3378750440696,28.0,30,Grassland,0.8,133.0,0.9592377960216338
3.0,Gateway_1,42.47434,-9.01293,31.2,1575458147.89801,-119.0,-8.8,12,516.6731013966589,539.8598418385093,28.0,30,Grassland,0.8,133.0,0.9886665868453326
3.0,Gateway_2,42.47434,-9.01293,31.2,1575458147.89801,-119.0,-5.8,12,2849.3698776091796,539.8598418385093,28.0,30,Grassland,0.8,133.0,0.9965864415566046
3.0,Gateway_3,42.47434,-9.01293,31.2,1575458147.89801,-118.0,-10.0,12,4854.5372748756745,539.8598418385093,28.0,30,Grassland,0.8,132.0,0.9816843611112658
3.0,Gateway_1,42.47434,-9.01294,31.1,1575458155.545775,-118.0,-7.0,11,516.6137898826147,540.2216096693961,28.0,30,Grassland,0.8,132.0,0.9850044231795223
3.0,Gateway_2,42.47434,-9.01294,31.1,1575458155.545775,-118.0,-4.8,11,2849.520662843132,540.2216096693961,28.0,30,Grassland,0.8,132.0,0.9937800909840574
3.0,Gateway_3,42.47434,-9.01294,31.1,1575458155.545775,-118.0,-8.0,11,4854.034871084931,540.2216096693961,28.0,30,Grassland,0.8,132.0,0.9776292281438345
3.0,Gateway_1,42.47434,-9.01294,31.2,1575458154.553144,-120.0,-10.5,10,516.6056889900443,540.2273757907806,28.0,30,Grassland,0.8,134.0,0.8347011117784134
3.0,Gateway_2,42.47434,-9.01294,31.2,1575458154.553144,-119.0,-3.0,10,2849.52158054119,540.2273757907806,28.0,30,Grassland,0.8,133.0,0.99177025295098
3.0,Gateway_3,42.47434,-9.01294,31.2,1575458154.553144,-119.0,-5.5,10,4854.034874175143,540.2273757907806,28.0,30,Grassland,0.8,133.0,0.9776292281438345
3.0,Gateway_1,42.47434,-9.01294,30.8,1575458171.997503,-120.0,-9.8,9,516.6382079336355,540.2044220050344,28.0,30,Grassland,0.8,134.0,0.6604044743550608
3.0,Gateway_2,42.47434,-9.01294,30.8,1575458171.997503,-120.0,-5.2,9,2849.5179308033776,540.2044220050344,28.0,30,Grassland,0.8,134.0,0.946066312699644
3.0,Gateway_3,42.47434,-9.01294,30.8,1575458171.997503,-118.0,-2.2,9,4854.034874175143,540.2044220050344,28.0,30,Grassland,0.8,132.0,0.9837554855580501
3.0,Gateway_1,42.47434,-9.01294,30.8,1575458179.973107,-118.0,-5.8,8,516.6382079336355,540.2044220050344,28.0,30,Grassland,0.8,132.0,0.81362602396059
3.0,Gateway_2,42.47434,-9.01294,30.8,1575458179.973107,-119.0,-8.2,8,2849.5179308033776,540.2044220050344,28.0,30,Grassland,0.8,133.0,0.5132477440400285
3.0,Gateway_3,42.47434,-9.01294,30.8,1575458179.973107,-117.0,-0.5,8,4854.034874175143,540.2044220050344,28.0,30,Grassland,0.8,131.0,0.9776292281438345
3.0,Gateway_2,42.47434,-9.01292,25.5,1575458187.582241,-119.0,-2.5,7,2849.1716906465313,539.1936967746635,28.0,30,Grassland,0.8,133.0,0.8646647167633873
3.0,Gateway_3,42.47434,-9.01292,25.5,1575458187.582241,-118.0,-3.2,7,4855.04287399216,539.1936967746635,28.0,30,Grassland,0.8,132.0,0.8209338520885068
3.0,Gateway_1,42.47434,-9.01292,25.5,1575458227.279972,-119.0,-17.0,12,517.2340979257507,539.1936967746635,28.0,30,Grassland,0.8,133.0,0.698805788087798
3.0,Gateway_2,42.47434,-9.01292,25.5,1575458227.279972,-120.0,-5.5,12,2849.1716906465313,539.1936967746635,28.0,30,Grassland,0.8,134.0,0.9969724452546241
3.0,Gateway_3,42.47434,-9.01292,25.5,1575458227.279972,-119.0,-5.5,12,4855.04287399216,539.1936967746635,28.0,30,Grassland,0.8,133.0,0.9969724452546241
3.0,Gateway_1,42.47434,-9.01292,25.5,1575458235.900455,-120.0,-13.8,11,517.2340979257507,539.1936967746635,28.0,30,Grassland,0.8,134.0,0.7723623116161872
3.0,Gateway_2,42.47434,-9.01292,25.5,1575458235.900455,-119.0,-3.2,11,2849.1716906465313,539.1936967746635,28.0,30,Grassland,0.8,133.0,0.9967202890976564
3.0,Gateway_3,42.47434,-9.01292,25.5,1575458235.900455,-118.0,-4.5,11,4855.04287399216,539.1936967746635,28.0,30,Grassland,0.8,132.0,0.9944834355792392
3.0,Gateway_1,42.47434,-9.01292,25.4,1575458243.98859,-119.0,-7.8,10,517.2432909734692,539.1889767433379,28.0,30,Grassland,0.8,133.0,0.9438652371658663
3.0,Gateway_3,42.47434,-9.01292,25.4,1575458243.98859,-117.0,-5.2,10,4855.042988306288,539.1889767433379,28.0,30,Grassland,0.8,131.0,0.9801589052556298
3.0,Gateway_1,42.47437,-9.01293,20.9,1575458251.419935,-118.0,-9.0,9,520.9124945847532,542.3432997927323,25.0,30,Grassland,0.8,132.0,0.7534030360583935
3.0,Gateway_2,42.47437,-9.01293,20.9,1575458251.419935,-117.0,-2.2,9,2846.0185422242535,542.3432997927323,25.0,30,Grassland,0.8,131.0,0.9837554855580501
3.0,Gateway_3,42.47437,-9.01293,20.9,1575458251.419935,-119.0,-10.0,9,4851.910130660683,542.3432997927323,25.0,30,Grassland,0.8,133.0,0.6321205588285577
3.0,Gateway_1,42.47437,-9.01293,20.8,1575458258.959438,-120.0,-10.0,8,520.9225057669428,542.3394553506774,25.0,30,Grassland,0.8,134.0,0.0
3.0,Gateway_2,42.47437,-9.01293,20.8,1575458258.959438,-120.0,-5.0,8,2846.0179853058316,542.3394553506774,25.0,30,Grassland,0.8,134.0,0.8646647167633873
3.0,Gateway_3,42.47437,-9.01293,20.8,1575458258.959438,-119.0,-4.0,8,4851.9103398566385,542.3394553506774,25.0,30,Grassland,0.8,133.0,0.9092820467105875
3.0,Gateway_2,42.47437,-9.01293,20.7,1575458255.479573,-119.0,-3.2,7,2846.017431900983,542.3356293201374,25.0,30,Grassland,0.8,133.0,0.8209338520885068
3.0,Gateway_3,42.47437,-9.01293,20.7,1575458255.479573,-118.0,-3.5,7,4851.9105511136295,542.3356293201374,25.0,30,Grassland,0.8,132.0,0.7981034820053446
3.0,Gateway_1,42.47437,-9.01293,20.8,1575458305.184713,-118.0,-17.2,12,520.9225057669428,542.3394553506774,25.0,30,Grassland,0.8,132.0,0.6737202053769606
3.0,Gateway_2,42.47437,-9.01293,20.8,1575458305.184713,-117.0,-4.5,12,2846.0179853058316,542.3394553506774,25.0,30,Grassland,0.8,131.0,0.9979705693637043
3.0,Gateway_3,42.47437,-9.01293,20.8,1575458305.184713,-119.0,-9.5,12,4851.9103398566385,542.3394553506774,25.0,30,Grassland,0.8,133.0,0.9850044231795223
3.0,Gateway_2,42.47435,-9.0129,21.3,1575458315.21093,-119.0,-5.0,11,2847.750363969102,539.2757972710118,28.0,30,Grassland,0.8,133.0,0.9932620530009145
3.0,Gateway_3,42.47435,-9.0129,21.3,1575458315.21093,-120.0,-19.2,11,4855.175646095475,539.2757972710118,28.0,30,Grassland,0.8,134.0,0.0
3.0,Gateway_1,42.47435,-9.0129,21.5,1575458330.558059,-117.0,-2.0,9,518.858914265974,539.283733782399,28.0,30,Grassland,0.8,131.0,0.9850044231795223
3.0,Gateway_2,42.47435,-9.0129,21.5,1575458330.558059,-118.0,-2.5,9,2847.7515157552198,539.283733782399,28.0,30,Grassland,0.8,132.0,0.9816843611112658
3.0,Gateway_3,42.47435,-9.0129,21.5,1575458330.558059,-115.0,-2.2,9,4855.175250641177,539.283733782399,28.0,30,Grassland,0.8,129.0,0.9837554855580501
3.0,Gateway_1,42.47435,-9.01292,22.5,1575458337.958577,-119.0,-5.0,8,518.6198016040639,540.0538122925057,28.0,30,Grassland,0.8,133.0,0.8646647167633873
3.0,Gateway_2,42.47435,-9.01292,22.5,1575458337.958577,-120.0,-7.2,8,2848.059868193597,540.0538122925057,28.0,30,Grassland,0.8,134.0,0.6737202053769604
3.0,Gateway_3,42.47435,-9.01292,22.5,1575458337.958577,-117.0,-0.2,8,4854.167979233447,540.0538122925057,28.0,30,Grassland,0.8,131.0,0.9801589052556298
3.0,Gateway_1,42.47434,-9.01293,28.9,1575458345.555054,-118.0,-5.8,7,516.8642604270896,539.7318026852785,28.0,30,Grassland,0.8,132.0,0.49338300763441045
3.0,Gateway_2,42.47434,-9.01293,28.9,1575458345.555054,-115.0,-0.5,7,2849.3496572773497,539.7318026852785,28.0,30,Grassland,0.8,129.0,0.9391899373747821
3.0,Gateway_3,42.47434,-9.01293,28.9,1575458345.555054,-114.0,1.5,7,4854.537724970045,539.7318026852785,28.0,30,Grassland,0.8,128.0,0.9726762775527075
3.0,Gateway_1,42.47434,-9.01293,29.2,1575458385.197305,-118.0,-3.5,12,516.8387501985917,539.7479493521956,28.0,30,Grassland,0.8,132.0,0.9986396319624521
3.0,Gateway_2,42.47434,-9.01293,29.2,1575458385.197305,-118.0,-2.0,12,2849.352189432986,539.7479493521956,28.0,30,Grassland,0.8,132.0,0.9992534141916233
3.0,Gateway_3,42.47434,-9.01293,29.2,1575458385.197305,-117.0,-1.2,12,4854.5376044642335,539.7479493521956,28.0,30,Grassland,0.8,131.0,0.9994578674341544
3.0,Gateway_1,42.47434,-9.01293,29.3,1575458393.873553,-118.0,-5.5,11,516.8302852067033,539.753368521124,28.0,30,Grassland,0.8,132.0,0.99177025295098
3.0,Gateway_2,42.47434,-9.01293,29.3,1575458393.873553,-121.0,-13.0,11,2849.353040503502,539.753368521124,28.0,30,Grassland,0.8,135.0,0.8347011117784134
3.0,Gateway_1,42.47433,-9.01293,29.5,1575458401.927593,-114.0,-7.2,10,515.7103693015124,538.7723538113337,28.0,30,Grassland,0.8,128.0,0.9558428315803071
3.0,Gateway_2,42.47433,-9.01293,29.5,1575458401.927593,-115.0,-3.0,10,2850.4465066683747,538.7723538113337,28.0,30,Grassland,0.8,129.0,0.99177025295098
3.0,Gateway_3,42.47433,-9.01293,29.5,1575458401.927593,-111.0,1.5,10,4855.416909791758,538.7723538113337,28.0,30,Grassland,0.8,125.0,0.9986396319624521
3.0,Gateway_1,42.47433,-9.01292,30.2,1575458409.051593,-118.0,-1.5,9,515.7206446965905,538.443890279688,28.0,30,Grassland,0.8,132.0,0.9877226600969315
3.0,Gateway_2,42.47433,-9.01292,30.2,1575458409.051593,-115.0,1.0,9,2850.3011929610275,538.443890279688,28.0,30,Grassland,0.8,129.0,0.9954834190573874
3.0,Gateway_3,42.47433,-9.01292,30.2,1575458409.051593,-118.0,-4.8,9,4855.919140988232,538.443890279688,28.0,30,Grassland,0.8,132.0,0.9540407433509558
3.0,Gateway_1,42.47433,-9.0129,32.4,1575458415.503118,-118.0,-1.0,8,515.6843779973428,537.8404671263462,28.0,30,Grassland,0.8,132.0,0.9726762775527075
3.0,Gateway_2,42.47433,-9.0129,32.4,1575458415.503118,-120.0,-5.0,8,2850.0193495339304,537.8404671263462,28.0,30,Grassland,0.8,134.0,0.8646647167633873
3.0,Gateway_3,42.47433,-9.0129,32.4,1575458415.503118,-118.0,-2.8,8,4856.924332408376,537.8404671263462,28.0,30,Grassland,0.8,132.0,0.9438652371658663
3.0,Gateway_1,42.47433,-9.0129,32.4,1575458424.157057,-118.0,-2.5,7,515.6843779973428,537.8404671263462,28.0,30,Grassland,0.8,132.0,0.8646647167633873
3.0,Gateway_2,42.47433,-9.0129,32.4,1575458424.157057,-119.0,-4.0,7,2850.0193495339304,537.8404671263462,28.0,30,Grassland,0.8,133.0,0.7534030360583935
3.0,Gateway_3,42.47433,-9.0129,32.4,1575458424.157057,-119.0,-7.2,7,4856.924332408376,537.8404671263462,28.0,30,Grassland,0.8,133.0,0.11307956328284241
3.0,Gateway_1,42.47433,-9.0129,32.4,1575458453.88511,-120.0,-12.2,12,515.6843779973428,537.8404671263462,28.0,30,Grassland,0.8,134.0,0.9558428315803071
3.0,Gateway_2,42.47433,-9.0129,32.4,1575458453.88511,-118.0,-2.2,12,2850.0193495339304,537.8404671263462,28.0,30,Grassland,0.8,132.0,0.9991912332488759
3.0,Gateway_3,42.47433,-9.0129,32.4,1575458453.88511,-115.0,-0.5,12,4856.924332408376,537.8404671263462,28.0,30,Grassland,0.8,129.0,0.9995902650210202
3.0,Gateway_1,42.47433,-9.0129,32.4,1575458472.747595,-117.0,-1.2,11,515.6843779973428,537.8404671263462,28.0,30,Grassland,0.8,131.0,0.998526330897646
3.0,Gateway_2,42.47433,-9.0129,32.4,1575458472.747595,-118.0,-1.2,11,2850.0193495339304,537.8404671263462,28.0,30,Grassland,0.8,132.0,0.998526330897646
3.0,Gateway_3,42.47433,-9.0129,32.4,1575458472.747595,-114.0,2.2,11,4856.924332408376,537.8404671263462,28.0,30,Grassland,0.8,128.0,0.9996217669432174
3.0,Gateway_1,42.47431,-9.01291,34.59,1575458480.997335,-118.0,-2.0,10,513.2379551510247,536.3578763375369,28.0,30,Grassland,0.8,132.0,0.9944834355792392
3.0,Gateway_2,42.47431,-9.01291,34.59,1575458480.997335,-118.0,-4.8,10,2852.375946946752,536.3578763375369,28.0,30,Grassland,0.8,132.0,0.9830925343472947
3.0,Gateway_3,42.47431,-9.01291,34.59,1575458480.997335,-113.0,4.8,10,4858.181621314329,536.3578763375369,28.0,30,Grassland,0.8,127.0,0.999636597673505
3.0,Gateway_1,42.47431,-9.01291,34.9,1575458488.35985,-117.0,-1.5,9,513.2148482922189,536.3779576094759,28.0,30,Grassland,0.8,131.0,0.9877226600969315
3.0,Gateway_2,42.47431,-9.01291,34.9,1575458488.35985,-115.0,-5.0,9,2852.3791796709597,536.3779576094759,28.0,30,Grassland,0.8,129.0,0.950212931632136
3.0,Gateway_3,42.47431,-9.01291,34.9,1575458488.35985,-113.0,3.5,9,4858.181860282335,536.3779576094759,28.0,30,Grassland,0.8,127.0,0.998338442726826
3.0,Gateway_3,42.47431,-9.01291,35.0,1575458495.87298,-117.0,-0.2,8,4858.181941588471,536.3844734976141,28.0,30,Grassland,0.8,131.0,0.9801589052556298
3.0,Gateway_1,42.47431,-9.01291,34.7,1575458503.582087,-115.0,1.5,7,513.2297346292451,536.3649815277957,28.0,30,Grassland,0.8,129.0,0.9726762775527075
3.0,Gateway_2,42.47431,-9.01291,34.7,1575458503.582087,-120.0,-4.8,7,2852.3770901864254,536.3649815277957,28.0,30,Grassland,0.8,134.0,0.6604044743550609
3.0,Gateway_3,42.47431,-9.01291,34.7,1575458503.582087,-115.0,1.8,7,4858.181703845208,536.3649815277957,28.0,30,Grassland,0.8,129.0,0.9757660321543089
3.0,Gateway_1,42.4743,-9.01293,34.7,1575458543.492823,-119.0,-10.0,12,511.9862069380039,536.1108725142442,28.0,30,Grassland,0.8,133.0,0.9816843611112658
3.0,Gateway_2,42.4743,-9.01293,34.7,1575458543.492823,-115.0,0.0,12,2853.7712361651156,536.1108725142442,28.0,30,Grassland,0.8,129.0,0.9996645373720975
3.0,Gateway_3,42.4743,-9.01293,34.7,1575458543.492823,-115.0,-0.8,12,4858.056877932579,536.1108725142442,28.0,30,Grassland,0.8,129.0,0.9995380251012184
3.0,Gateway_1,42.4743,-9.01293,34.7,1575458552.131285,-105.0,5.5,11,511.9862069380039,536.1108725142442,28.0,30,Grassland,0.8,119.0,0.9998989605981629
3.0,Gateway_2,42.4743,-9.01293,34.7,1575458552.131285,-100.0,8.2,11,2853.7712361651156,536.1108725142442,28.0,30,Grassland,0.8,114.0,0.9999656874712223
3.0,Gateway_3,42.4743,-9.01293,34.7,1575458552.131285,-115.0,-0.2,11,4858.056877932579,536.1108725142442,28.0,30,Grassland,0.8,129.0,0.9990121700594687
3.0,Gateway_1,42.4743,-9.01293,34.59,1575458550.244357,-107.0,7.2,10,511.99444742571626,536.1037639561806,28.0,30,Grassland,0.8,121.0,0.9998608558344383
3.0,Gateway_2,42.4743,-9.01293,34.59,1575458550.244357,-105.0,8.0,10,2853.7700934839463,536.1037639561806,28.0,30,Grassland,0.8,119.0,0.9998989605981629
3.0,Gateway_1,42.47431,-9.01294,33.09,1575458557.094554,-110.0,5.0,9,513.1448659556243,537.3686822303642,28.0,30,Grassland,0.8,124.0,0.9990881180344455
3.0,Gateway_2,42.47431,-9.01294,33.09,1575458557.094554,-98.0,10.8,9,2852.8146774543716,537.3686822303642,28.0,30,Grassland,0.8,112.0,0.999910386089597
3.0,Gateway_3,42.47431,-9.01294,33.09,1575458557.094554,-103.0,9.2,9,4856.674098933538,537.3686822303642,28.0,30,Grassland,0.8,117.0,0.999830048932401
3.0,Gateway_1,42.47431,-9.01294,33.09,1575458574.535025,-115.0,2.2,8,513.1448659556243,537.3686822303642,28.0,30,Grassland,0.8,129.0,0.9924029859724224
3.0,Gateway_2,42.47431,-9.01294,33.09,1575458574.535025,-107.0,10.2,8,2852.8146774543716,537.3686822303642,28.0,30,Grassland,0.8,121.0,0.9996903289645813
3.0,Gateway_3,42.47431,-9.01294,33.09,1575458574.535025,-109.0,8.5,8,4856.674098933538,537.3686822303642,28.0,30,Grassland,0.8,123.0,0.9993887472388704
3.0,Gateway_1,42.47432,-9.01293,31.5,1575458581.951559,-110.0,5.0,7,514.44215823296,537.8943274441979,28.0,30,Grassland,0.8,124.0,0.9932620530009145
3.0,Gateway_2,42.47432,-9.01293,31.5,1575458581.951559,-111.0,7.0,7,2851.5561599212024,537.8943274441979,28.0,30,Grassland,0.8,125.0,0.9969724452546241
3.0,Gateway_3,42.47432,-9.01293,31.5,1575458581.951559,-119.0,-5.5,7,4856.296206008794,537.8943274441979,28.0,30,Grassland,0.8,133.0,0.5506710358827784
3.0,Gateway_1,42.47432,-9.01293,31.5,1575458521.538327,-114.0,-2.0,12,514.44215823296,537.8943274441979,28.0,30,Grassland,0.8,128.0,0.9992534141916233
3.0,Gateway_2,42.47432,-9.01293,31.5,1575458521.538327,-115.0,0.0,12,2851.5561599212024,537.8943274441979,28.0,30,Grassland,0.8,129.0,0.9996645373720975
3.0,Gateway_3,42.47432,-9.01293,31.5,1575458521.538327,-113.0,1.2,12,4856.296206008794,537.8943274441979,28.0,30,Grassland,0.8,127.0,0.9997924212972823
3.0,Gateway_1,42.47432,-9.01293,31.5,1575458530.279925,-119.0,-3.5,11,514.44215823296,537.8943274441979,28.0,30,Grassland,0.8,133.0,0.996302136283517
3.0,Gateway_2,42.47432,-9.01293,31.5,1575458530.279925,-118.0,-3.5,11,2851.5561599212024,537.8943274441979,28.0,30,Grassland,0.8,132.0,0.996302136283517
3.0,Gateway_3,42.47432,-9.01293,31.5,1575458530.279925,-117.0,-1.2,11,4856.296206008794,537.8943274441979,28.0,30,Grassland,0.8,131.0,0.998526330897646
3.0,Gateway_1,42.47435,-9.01275,33.8,1575458538.234475,-118.0,-3.0,10,519.0057504189779,534.5799974752949,30.0,30,Grassland,0.8,132.0,0.99177025295098
3.0,Gateway_2,42.47435,-9.01275,33.8,1575458538.234475,-115.0,3.2,10,2845.6108083266904,534.5799974752949,30.0,30,Grassland,0.8,129.0,0.9993108144363072
3.0,Gateway_3,42.47435,-9.01275,33.8,1575458538.234475,-117.0,-0.5,10,4862.718501437357,534.5799974752949,30.0,30,Grassland,0.8,131.0,0.9969724452546241
3.0,Gateway_2,42.47434,-9.01274,34.3,1575458545.522458,-115.0,-0.2,9,2846.561325114957,533.2600440263427,30.0,30,Grassland,0.8,129.0,0.9927008691532114
3.0,Gateway_3,42.47434,-9.01274,34.3,1575458545.522458,-119.0,-9.5,9,4864.100543862497,533.2600440263427,30.0,30,Grassland,0.8,133.0,0.698805788087798
3.0,Gateway_1,42.47405,-9.01232,37.2,1575458552.859198,-113.0,3.0,8,491.18783991001516,490.08057887707463,33.0,30,Grassland,0.8,127.0,0.9944834355792392
3.0,Gateway_2,42.47405,-9.01232,37.2,1575458552.859198,-112.0,4.0,8,2872.375491489084,490.08057887707463,33.0,30,Grassland,0.8,126.0,0.996302136283517
3.0,Gateway_2,42.47404,-9.01232,37.2,1575458550.449594,-120.0,-4.0,7,2873.4709502297333,489.06106864253934,33.0,30,Grassland,0.8,134.0,0.7534030360583935
3.0,Gateway_3,42.47404,-9.01232,37.2,1575458550.449594,-115.0,-1.0,7,4911.609196582333,489.06106864253934,33.0,30,Grassland,0.8,129.0,0.9257264217856661
3.0,Gateway_2,42.47403,-9.01231,37.4,1575458700.132755,-117.0,-1.8,12,2874.43286626162,487.7363618144679,33.0,30,Grassland,0.8,131.0,0.9993108144363072
3.0,Gateway_3,42.47403,-9.01231,37.4,1575458700.132755,-119.0,-9.0,12,4912.991138912046,487.7363618144679,33.0,30,Grassland,0.8,133.0,0.9877226600969315
3.0,Gateway_2,42.47393,-9.01228,41.2,1575458708.548841,-112.0,3.2,11,2885.0294110182485,476.89849486601975,34.0,30,Grassland,0.8,126.0,0.9997464627999653
3.0,Gateway_2,42.47392,-9.01227,41.2,1575458715.515941,-107.0,7.5,10,2885.990875835931,475.5584508044626,34.0,30,Grassland,0.8,121.0,0.9998765901959134
3.0,Gateway_3,42.47392,-9.01227,41.2,1575458715.515941,-118.0,-5.5,10,4924.663552958265,475.5584508044626,34.0,30,Grassland,0.8,132.0,0.9776292281438345
3.0,Gateway_2,42.47352,-9.01182,47.4,1575458723.955719,-107.0,9.5,9,2924.1959623524576,421.35106751913656,42.0,30,Grassland,0.8,121.0,0.9998492669249045
3.0,Gateway_3,42.47352,-9.01182,47.4,1575458723.955719,-119.0,-5.5,9,4982.471011430617,421.35106751913656,42.0,30,Grassland,0.8,133.0,0.9391899373747821
3.0,Gateway_2,42.47351,-9.01181,47.3,1575458731.485592,-110.0,8.5,8,2925.17102897923,420.0170397228739,42.0,30,Grassland,0.8,124.0,0.9993887472388704
3.0,Gateway_3,42.47351,-9.01181,47.3,1575458731.485592,-118.0,-3.0,8,4983.8523870056015,420.0170397228739,42.0,30,Grassland,0.8,132.0,0.9391899373747821
3.0,Gateway_2,42.4734,-9.01159,48.5,1575458739.399454,-105.0,10.0,7,2934.6585528097326,402.6060686034002,42.0,30,Grassland,0.8,119.0,0.9990881180344455
3.0,Gateway_3,42.4734,-9.01159,48.5,1575458739.399454,-118.0,-4.2,7,5004.610409489756,402.6060686034002,42.0,30,Grassland,0.8,132.0,0.7328646980341497
3.0,Gateway_1,42.47339,-9.01158,48.1,1575458779.100001,-119.0,-12.5,12,436.42386571234397,401.2490372051217,42.0,30,Grassland,0.8,133.0,0.950212931632136
3.0,Gateway_2,42.47339,-9.01158,48.1,1575458779.100001,-107.0,4.8,12,2935.6360262342487,401.2490372051217,42.0,30,Grassland,0.8,121.0,0.9999508188432149
3.0,Gateway_3,42.47339,-9.01158,48.1,1575458779.100001,-114.0,0.2,12,5005.990685987105,401.2490372051217,42.0,30,Grassland,0.8,128.0,0.9996903289645813
3.0,Gateway_1,42.47329,-9.01159,49.1,1575458787.797302,-120.0,-13.2,11,425.7124755453931,391.2412745309677,42.0,30,Grassland,0.8,134.0,0.8209338520885069
3.0,Gateway_2,42.47329,-9.01159,49.1,1575458787.797302,-109.0,5.5,11,2946.762842410783,391.2412745309677,42.0,30,Grassland,0.8,123.0,0.9998989605981629
3.0,Gateway_3,42.47329,-9.01159,49.1,1575458787.797302,-115.0,0.2,11,5014.256117954786,391.2412745309677,42.0,30,Grassland,0.8,129.0,0.9991582268516215
3.0,Gateway_2,42.47329,-9.01159,49.2,1575458795.852435,-108.0,8.2,10,2946.764340664668,391.25383690976895,42.0,30,Grassland,0.8,122.0,0.9999067288765351
3.0,Gateway_3,42.47329,-9.01159,49.2,1575458795.852435,-119.0,-5.0,10,5014.256479922721,391.25383690976895,42.0,30,Grassland,0.8,133.0,0.9816843611112658
3.0,Gateway_1,42.47305,-9.01157,52.9,1575458803.459291,-120.0,-11.2,9,401.41743640068904,366.4075472221606,48.0,30,Grassland,0.8,134.0,0.40547945202980584
3.0,Gateway_2,42.47305,-9.01157,52.9,1575458803.459291,-109.0,7.8,9,2972.9857887251624,366.4075472221606,48.0,30,Grassland,0.8,123.0,0.9997024713395585
3.0,Gateway_3,42.47305,-9.01157,52.9,1575458803.459291,-117.0,-0.8,9,5036.3555160259,366.4075472221606,48.0,30,Grassland,0.8,131.0,0.9907209861129352
3.0,Gateway_1,42.47294,-9.01151,55.5,1575458818.035832,-117.0,-0.5,7,392.0431232091785,353.7742458745797,53.0,30,Grassland,0.8,131.0,0.9391899373747821
3.0,Gateway_2,42.47294,-9.01151,55.5,1575458818.035832,-107.0,9.8,7,2984.4484490608993,353.7742458745797,53.0,30,Grassland,0.8,121.0,0.9990121700594687
3.0,Gateway_3,42.47294,-9.01151,55.5,1575458818.035832,-115.0,1.5,7,5049.055651909061,353.7742458745797,53.0,30,Grassland,0.8,129.0,0.9726762775527075
3.0,Gateway_1,42.47293,-9.0115,55.5,1575458857.718493,-108.0,4.2,12,391.3661605540358,352.4604103766703,53.0,30,Grassland,0.8,122.0,0.9999374784962252
3.0,Gateway_2,42.47293,-9.0115,55.5,1575458857.718493,-109.0,4.0,12,2985.436244978294,352.4604103766703,53.0,30,Grassland,0.8,123.0,0.9999322712635091
3.0,Gateway_3,42.47293,-9.0115,55.5,1575458857.718493,-117.0,-3.8,12,5050.437465392432,352.4604103766703,53.0,30,Grassland,0.8,131.0,0.9984661893206755
3.0,Gateway_1,42.47292,-9.0115,55.3,1575458855.397331,-102.0,7.2,11,390.36337657528617,351.40337717386024,53.0,30,Grassland,0.8,116.0,0.9999488117221309
3.0,Gateway_2,42.47292,-9.0115,55.3,1575458855.397331,-110.0,4.0,11,2986.5331306606504,351.40337717386024,53.0,30,Grassland,0.8,124.0,0.9998158942063324
3.0,Gateway_3,42.47292,-9.0115,55.3,1575458855.397331,-115.0,-1.8,11,5051.3162558360655,351.40337717386024,53.0,30,Grassland,0.8,129.0,0.9981265994057775
3.0,Gateway_1,42.47288,-9.01148,55.5,1575458874.003241,-95.0,11.0,10,386.99822867112994,346.75743404179957,53.0,30,Grassland,0.8,109.0,0.9999695675169916
3.0,Gateway_2,42.47288,-9.01148,55.5,1575458874.003241,-107.0,8.2,10,2990.7138746629794,346.75743404179957,53.0,30,Grassland,0.8,121.0,0.9999067288765351
3.0,Gateway_3,42.47288,-9.01148,55.5,1575458874.003241,-115.0,0.2,10,5055.84065772774,346.75743404179957,53.0,30,Grassland,0.8,129.0,0.9977118233470779
3.0,Gateway_1,42.47287,-9.01148,55.5,1575458881.393071,-101.0,12.8,9,385.9909617402604,345.73285919384045,53.0,30,Grassland,0.8,115.0,0.9999597338744681
3.0,Gateway_2,42.47287,-9.01148,55.5,1575458881.393071,-109.0,8.0,9,2991.8142567441887,345.73285919384045,53.0,30,Grassland,0.8,123.0,0.9997253464300279
3.0,Gateway_3,42.47287,-9.01148,55.5,1575458881.393071,-120.0,-9.0,9,5056.720694467068,345.73285919384045,53.0,30,Grassland,0.8,134.0,0.7534030360583935
3.0,Gateway_1,42.47245,-9.01154,52.5,1575458889.153377,-105.0,11.5,8,342.1339346835128,304.7323125164816,60.0,30,Grassland,0.8,119.0,0.9998158942063324
3.0,Gateway_2,42.47245,-9.01154,52.5,1575458889.153377,-110.0,8.0,8,3038.6522177700267,304.7323125164816,60.0,30,Grassland,0.8,124.0,0.9992534141916233
3.0,Gateway_3,42.47245,-9.01154,52.5,1575458889.153377,-115.0,0.2,8,5090.763041372952,304.7323125164816,60.0,30,Grassland,0.8,129.0,0.9830925343472947
3.0,Gateway_1,42.47244,-9.01155,52.2,1575458895.745803,-91.0,13.5,7,340.7900586306201,304.0328194945238,60.0,30,Grassland,0.8,105.0,0.9997751326758212
3.0,Gateway_2,42.47244,-9.01155,52.2,1575458895.745803,-112.0,5.0,7,3039.859325826139,304.0328194945238,60.0,30,Grassland,0.8,126.0,0.9932620530009145
3.0,Gateway_3,42.47244,-9.01155,52.2,1575458895.745803,-115.0,0.0,7,5091.148734728703,304.0328194945238,60.0,30,Grassland,0.8,129.0,0.950212931632136
3.0,Gateway_1,42.47241,-9.0115,52.5,1575458935.382135,-102.0,4.8,12,339.74207168218095,299.400508386838,60.0,30,Grassland,0.8,116.0,0.9999508188432149
3.0,Gateway_2,42.47241,-9.0115,52.5,1575458935.382135,-118.0,-5.2,12,3042.611671709841,299.400508386838,60.0,30,Grassland,0.8,132.0,0.9973147998230462
3.0,Gateway_1,42.47241,-9.0115,52.9,1575458945.051004,-103.0,5.0,11,339.7181703572833,299.4709074723237,60.0,30,Grassland,0.8,117.0,0.9998765901959134
3.0,Gateway_2,42.47241,-9.0115,52.9,1575458945.051004,-119.0,-4.5,11,3042.617942631798,299.4709074723237,60.0,30,Grassland,0.8,133.0,0.9944834355792392
3.0,Gateway_1,42.47218,-9.01179,57.8,1575458953.425484,-103.0,9.0,10,305.8423314400464,289.22514525971053,59.0,30,Grassland,0.8,117.0,0.9999322712635091
3.0,Gateway_2,42.47218,-9.01179,57.8,1575458953.425484,-120.0,-7.5,10,3071.2757749443836,289.22514525971053,59.0,30,Grassland,0.8,134.0,0.950212931632136
3.0,Gateway_1,42.47218,-9.01179,58.4,1575458950.847595,-102.0,9.5,9,305.8130992954409,289.34564909550767,59.0,30,Grassland,0.8,116.0,0.9998492669249045
3.0,Gateway_2,42.47218,-9.01179,58.4,1575458950.847595,-119.0,-5.0,9,3071.2861484661803,289.34564909550767,59.0,30,Grassland,0.8,133.0,0.950212931632136
3.0,Gateway_1,42.47218,-9.0118,72.0,1575458958.208322,-102.0,11.5,8,305.0993913993641,292.8090381941943,59.0,30,Grassland,0.8,116.0,0.9998158942063324
3.0,Gateway_2,42.47218,-9.0118,72.0,1575458958.208322,-119.0,-5.0,8,3071.6683565132066,292.8090381941943,59.0,30,Grassland,0.8,133.0,0.8646647167633873
3.0,Gateway_1,42.47218,-9.0118,72.19,1575458975.821785,-102.0,11.8,7,305.0988278120097,292.8558159712884,59.0,30,Grassland,0.8,116.0,0.9995561393960971
3.0,Gateway_2,42.47218,-9.0118,72.19,1575458975.821785,-120.0,-4.8,7,3071.672506714305,292.8558159712884,59.0,30,Grassland,0.8,134.0,0.6604044743550609
3.0,Gateway_1,42.47218,-9.0118,73.3,1575459015.840545,-95.0,9.0,12,305.09790007842133,293.1314088394642,59.0,30,Grassland,0.8,109.0,0.9999908339122637
3.0,Gateway_2,42.47218,-9.0118,73.3,1575459015.840545,-109.0,4.2,12,3071.6969874003757,293.1314088394642,59.0,30,Grassland,0.8,123.0,0.9999374784962252
3.0,Gateway_1,42.47218,-9.01181,73.4,1575459024.533933,-90.0,8.0,11,304.73315892810365,293.57253554471043,59.0,30,Grassland,0.8,104.0,0.9999628296813159
3.0,Gateway_2,42.47218,-9.01181,73.4,1575459024.533933,-115.0,0.5,11,3071.8150743484935,293.57253554471043,59.0,30,Grassland,0.8,129.0,0.9992534141916233
3.0,Gateway_3,42.47218,-9.01181,73.4,1575459024.533933,-119.0,-7.2,11,5101.462674292971,293.57253554471043,59.0,30,Grassland,0.8,133.0,0.9837554855580501
3.0,Gateway_1,42.47217,-9.01177,74.1,1575459032.411702,-89.0,12.5,10,305.214037186189,291.1749978182924,59.0,30,Grassland,0.8,103.0,0.9999832982992097
3.0,Gateway_1,42.47217,-9.01175,73.9,1575459039.833304,-90.0,11.5,9,305.9614073877553,290.3053064403385,61.0,30,Grassland,0.8,104.0,0.9999322712635091
3.0,Gateway_2,42.47217,-9.01175,73.9,1575459039.833304,-120.0,-7.8,9,3072.2340093020866,290.3053064403385,61.0,30,Grassland,0.8,134.0,0.8474098942431161
3.0,Gateway_3,42.47217,-9.01175,73.9,1575459039.833304,-120.0,-9.8,9,5105.314833066374,290.3053064403385,61.0,30,Grassland,0.8,134.0,0.6604044743550608
3.0,Gateway_1,42.47205,-9.01157,74.5,1575459047.854092,-89.0,15.0,8,301.4864418328375,272.16925768795517,61.0,30,Grassland,0.8,103.0,0.9999546000702375
3.0,Gateway_3,42.47205,-9.01157,74.5,1575459047.854092,-119.0,-5.5,8,5124.866032516467,272.16925768795517,61.0,30,Grassland,0.8,133.0,0.8347011117784134
3.0,Gateway_1,42.47205,-9.01157,74.5,1575459055.392199,-90.0,13.5,7,301.4864418328375,272.16925768795517,61.0,30,Grassland,0.8,104.0,0.9997751326758212
3.0,Gateway_3,42.47205,-9.01157,74.5,1575459055.392199,-118.0,-3.5,7,5124.866032516467,272.16925768795517,61.0,30,Grassland,0.8,132.0,0.7981034820053446
3.0,Gateway_1,42.47195,-9.0117,73.8,1575459094.848878,-104.0,5.8,12,286.4861913197266,268.16322953313306,61.0,30,Grassland,0.8,118.0,0.9999670328847198
3.0,Gateway_1,42.47194,-9.01171,73.5,1575459103.487405,-108.0,4.8,11,285.11195096984795,267.61529754949163,61.0,30,Grassland,0.8,122.0,0.9998663117552086
3.0,Gateway_2,42.47194,-9.01171,73.5,1575459103.487405,-119.0,-7.5,11,3097.067188745458,267.61529754949163,61.0,30,Grassland,0.8,133.0,0.9816843611112658
3.0,Gateway_1,42.4719,-9.01175,72.8,1575459111.743158,-102.0,12.2,10,279.6181780077887,265.6242119055076,61.0,30,Grassland,0.8,116.0,0.9999811688849429
3.0,Gateway_2,42.4719,-9.01175,72.8,1575459111.743158,-119.0,-8.2,10,3101.904480522516,265.6242119055076,61.0,30,Grassland,0.8,133.0,0.9341252455735971
3.0,Gateway_1,42.47189,-9.01175,73.1,1575459119.097511,-114.0,-5.0,9,278.65666800257253,264.82510343204615,61.0,30,Grassland,0.8,128.0,0.950212931632136
3.0,Gateway_1,42.47135,-9.01191,58.0,1575459125.855042,-105.0,9.2,8,221.46892507943704,224.77645903850066,61.0,30,Grassland,0.8,119.0,0.9995380251012184
3.0,Gateway_1,42.47135,-9.01191,58.0,1575459134.442301,-99.0,12.8,7,221.46892507943704,224.77645903850066,61.0,30,Grassland,0.8,113.0,0.9997024713395585
3.0,Gateway_1,42.4713,-9.01191,57.3,1575459174.343958,-95.0,8.2,12,217.00121812626224,220.92715513206014,61.0,30,Grassland,0.8,109.0,0.9999873771260881
3.0,Gateway_3,42.4713,-9.01191,57.3,1575459174.343958,-120.0,-15.8,12,5175.07293376301,220.92715513206014,61.0,30,Grassland,0.8,134.0,0.8136260239605899
3.0,Gateway_1,42.4713,-9.01191,57.3,1575459182.939424,-95.0,7.5,11,217.00121812626224,220.92715513206014,61.0,30,Grassland,0.8,109.0,0.9999546000702375
3.0,Gateway_2,42.4713,-9.01191,57.3,1575459182.939424,-119.0,-14.0,11,3169.425202302367,220.92715513206014,61.0,30,Grassland,0.8,133.0,0.7534030360583935
3.0,Gateway_3,42.4713,-9.01191,57.3,1575459182.939424,-119.0,-15.2,11,5175.07293376301,220.92715513206014,61.0,30,Grassland,0.8,133.0,0.6014809589154859
3.0,Gateway_1,42.47115,-9.01187,55.9,1575459190.58151,-92.0,12.5,10,205.93279861197865,207.58883309824265,61.0,30,Grassland,0.8,106.0,0.9999832982992097
3.0,Gateway_2,42.47115,-9.01187,55.9,1575459190.58151,-120.0,-14.5,10,3185.4469746381747,207.58883309824265,61.0,30,Grassland,0.8,134.0,0.18126924692201818
3.0,Gateway_1,42.47114,-9.01187,55.9,1575459197.928849,-100.0,9.8,9,205.077180548034,206.90712228819322,61.0,30,Grassland,0.8,114.0,0.9998663117552086
3.0,Gateway_2,42.47114,-9.01187,55.9,1575459197.928849,-119.0,-8.2,9,3186.5471026551654,206.90712228819322,61.0,30,Grassland,0.8,133.0,0.8209338520885069
3.0,Gateway_1,42.47113,-9.01188,57.0,1575459205.437551,-95.0,14.5,8,203.6123875008712,207.1430950403109,61.0,30,Grassland,0.8,109.0,0.9999445484005678
3.0,Gateway_2,42.47113,-9.01188,57.0,1575459205.437551,-120.0,-5.2,8,3187.7781257104684,207.1430950403109,61.0,30,Grassland,0.8,134.0,0.8533930378696498
3.0,Gateway_1,42.47109,-9.01192,55.8,1575459212.709014,-91.0,13.2,7,198.20975212487673,206.65228178615533,61.0,10,Tree,0.9,105.0,0.9997464627999653
3.0,Gateway_1,42.47107,-9.01192,55.9,1575459252.429895,-80.0,8.0,12,196.50043914959113,205.38569920333248,61.0,10,Tree,0.9,94.0,0.9999863258039343
3.0,Gateway_2,42.47107,-9.01192,55.9,1575459252.429895,-115.0,-0.2,12,3194.814782757286,205.38569920333248,61.0,10,Tree,0.9,129.0,0.999636597673505
3.0,Gateway_1,42.47099,-9.01193,55.5,1575459251.053177,-92.0,8.2,11,189.29788883969178,200.91196100255618,61.0,30,Grassland,0.8,106.0,0.9999656874712223
3.0,Gateway_2,42.47099,-9.01193,55.5,1575459251.053177,-119.0,-3.8,11,3203.722224582572,200.91196100255618,61.0,30,Grassland,0.8,133.0,0.9958306703020959
3.0,Gateway_1,42.47099,-9.01193,55.59,1575459259.152252,-91.0,12.0,10,189.28958983305,200.93684125588481,61.0,30,Grassland,0.8,105.0,0.9999796004965888
3.0,Gateway_2,42.47099,-9.01193,55.59,1575459259.152252,-120.0,-9.0,10,3203.7236445087306,200.93684125588481,61.0,30,Grassland,0.8,134.0,0.9092820467105875
3.0,Gateway_1,42.47098,-9.01194,55.9,1575459275.551539,-93.0,14.2,9,187.8902551486899,201.06920466238776,61.0,30,Grassland,0.8,107.0,0.9999769996241301
3.0,Gateway_2,42.47098,-9.01194,55.9,1575459275.551539,-120.0,-8.2,9,3204.942360726036,201.06920466238776,61.0,30,Grassland,0.8,134.0,0.8209338520885069
3.0,Gateway_1,42.47057,-9.01234,59.3,1575459283.937854,-89.0,13.8,8,132.0441597067252,211.08630415512079,62.0,30,Grassland,0.8,103.0,0.9999266303356495
3.0,Gateway_2,42.47057,-9.01234,59.3,1575459283.937854,-118.0,-1.8,8,3254.758313400034,211.08630415512079,62.0,30,Grassland,0.8,132.0,0.9623717431928238
3.0,Gateway_1,42.47044,-9.0123,58.59,1575459291.810781,-84.0,13.8,7,124.6939026229852,203.95691283232944,62.0,30,Grassland,0.8,98.0,0.9998005605746358
3.0,Gateway_1,42.47043,-9.01231,58.9,1575459331.525743,-105.0,5.2,12,123.32236272078184,204.546514075786,62.0,30,Grassland,0.8,119.0,0.9999580905827115
3.0,Gateway_1,42.47042,-9.01231,58.5,1575459340.193941,-87.0,8.5,11,122.66157650135968,204.17501823837762,62.0,30,Grassland,0.8,101.0,0.9999695675169916
3.0,Gateway_1,42.47037,-9.0123,70.1,1575459348.180237,-84.0,10.5,10,119.0210145415164,205.86414322653704,62.0,30,Grassland,0.8,98.0,0.9999628296813159
3.0,Gateway_1,42.47018,-9.01235,58.5,1575459355.759422,-84.0,12.2,9,104.90307694388252,202.90727246841632,61.0,30,Grassland,0.8,98.0,0.9999488117221309
3.0,Gateway_1,42.47018,-9.01235,58.8,1575459353.280725,-97.0,14.2,8,104.86203103265802,202.99396843397133,61.0,30,Grassland,0.8,111.0,0.9999374784962252
3.0,Gateway_1,42.47018,-9.01235,59.1,1575459370.882825,-88.0,13.2,7,104.82182765194536,203.08107056191164,61.0,30,Grassland,0.8,102.0,0.9997464627999653
3.0,Gateway_1,42.47053,-9.01224,72.4,1575459587.522848,-90.0,10.8,9,134.1568005299442,206.5001241429788,61.0,30,Grassland,0.8,104.0,0.999910386089597
3.0,Gateway_1,42.47058,-9.01229,55.1,1575459595.509559,-91.0,13.8,8,136.18734634026086,206.5264925626151,61.0,30,Grassland,0.8,105.0,0.9999266303356495
3.0,Gateway_1,42.47058,-9.01229,55.1,1575459503.135451,-92.0,13.5,7,136.18734634026086,206.5264925626151,61.0,30,Grassland,0.8,106.0,0.9997751326758212
3.0,Gateway_1,42.47058,-9.01229,55.1,1575459542.888327,-91.0,7.8,12,136.18734634026086,206.5264925626151,61.0,30,Grassland,0.8,105.0,0.9999851869202412
3.0,Gateway_2,42.47058,-9.01229,55.1,1575459542.888327,-115.0,0.0,12,3252.9922653249373,206.5264925626151,61.0,30,Grassland,0.8,129.0,0.9996645373720975
3.0,Gateway_1,42.47058,-9.01229,55.19,1575459551.557201,-81.0,10.8,11,136.17554627466035,206.5505222220847,61.0,30,Grassland,0.8,95.0,0.9999878720760537
3.0,Gateway_2,42.47058,-9.01229,55.19,1575459551.557201,-119.0,-5.2,11,3252.9936526780784,206.5505222220847,61.0,30,Grassland,0.8,133.0,0.9927008691532114
3.0,Gateway_1,42.47058,-9.01229,55.19,1575459559.505935,-80.0,9.0,10,136.17554627466035,206.5505222220847,61.0,30,Grassland,0.8,94.0,0.9999322712635091
3.0,Gateway_2,42.47058,-9.01229,55.19,1575459559.505935,-118.0,-5.5,10,3252.9936526780784,206.5505222220847,61.0,30,Grassland,0.8,132.0,0.9776292281438345
3.0,Gateway_3,42.47058,-9.01229,55.19,1575459559.505935,-119.0,-15.0,10,5221.75858148801,206.5505222220847,61.0,30,Grassland,0.8,133.0,0.0
3.0,Gateway_3,42.47057,-9.0123,58.0,1575459555.875557,-120.0,-14.0,9,5222.203471008678,207.7250850049795,62.0,30,Grassland,0.8,134.0,0.0
3.0,Gateway_1,42.47057,-9.01231,58.1,1575459574.255008,-95.0,14.0,8,133.88984189076808,208.5020353206639,62.0,30,Grassland,0.8,109.0,0.9999322712635091
3.0,Gateway_1,42.47057,-9.01232,58.1,1575459581.8345,-90.0,11.5,7,133.31529266157366,209.25159292312316,62.0,30,Grassland,0.8,104.0,0.9994995485665594
3.0,Gateway_2,42.47057,-9.01232,58.1,1575459581.8345,-118.0,-3.5,7,3254.497996189603,209.25159292312316,62.0,30,Grassland,0.8,132.0,0.7981034820053446
3.0,Gateway_1,42.47058,-9.0124,59.19,1575459721.701391,-74.0,8.5,12,129.51134552257784,215.89281706713516,62.0,30,Grassland,0.8,88.0,0.9999888045151574
3.0,Gateway_3,42.47058,-9.0124,59.19,1575459721.701391,-119.0,-9.0,12,5216.5542420444035,215.89281706713516,62.0,30,Grassland,0.8,133.0,0.9877226600969315
3.0,Gateway_1,42.47041,-9.01284,59.5,1575459730.45555,-55.0,10.2,11,92.59347012014187,245.28124652511528,63.0,30,Grassland,0.8,69.0,0.9999845823869881
3.0,Gateway_3,42.47041,-9.01284,59.5,1575459730.45555,-119.0,-9.5,11,5211.259781938846,245.28124652511528,63.0,30,Grassland,0.8,133.0,0.9592377960216338
3.0,Gateway_1,42.47041,-9.01285,59.5,1575459738.535194,-70.0,9.8,10,92.15051230978693,246.06444255063752,63.0,30,Grassland,0.8,84.0,0.9999508188432149
3.0,Gateway_2,42.47041,-9.01285,59.5,1575459738.535194,-120.0,-17.5,10,3278.7146672837957,246.06444255063752,63.0,30,Grassland,0.8,134.0,0.0
3.0,Gateway_1,42.4704,-9.01285,59.5,1575459745.844032,-59.0,12.0,9,91.22866234436373,245.86128256015297,63.0,30,Grassland,0.8,73.0,0.9999445484005678
3.0,Gateway_2,42.4704,-9.01285,59.5,1575459745.844032,-120.0,-9.8,9,3279.8113530769874,245.86128256015297,63.0,30,Grassland,0.8,134.0,0.6604044743550608
3.0,Gateway_1,42.47034,-9.01297,58.5,1575459753.577142,-71.0,15.5,8,80.695127923886,253.97894991302175,63.0,30,Grassland,0.8,85.0,0.9999628296813159
3.0,Gateway_1,42.47009,-9.01315,58.3,1575459751.40452,-77.0,14.0,7,50.14005178321851,265.71783975337183,65.0,30,Grassland,0.8,91.0,0.9998158942063324
3.0,Gateway_3,42.47009,-9.01315,58.3,1575459751.40452,-118.0,-4.0,7,5226.060220231418,265.71783975337183,65.0,30,Grassland,0.8,132.0,0.7534030360583935
3.0,Gateway_1,42.47008,-9.01315,58.4,1575459801.111233,-55.0,10.2,12,49.20384104380619,265.70034668510993,65.0,30,Grassland,0.8,69.0,0.999994328177141
3.0,Gateway_1,42.47001,-9.01319,59.3,1575459809.74052,-85.0,7.8,11,41.0196955236631,268.96109884306935,64.0,30,Grassland,0.8,99.0,0.9999597338744681
3.0,Gateway_2,42.47001,-9.01319,59.3,1575459809.74052,-115.0,0.0,11,3327.0656419770153,268.96109884306935,64.0,30,Grassland,0.8,129.0,0.9990881180344455
3.0,Gateway_1,42.47,-9.01319,59.4,1575459817.722733,-77.0,13.5,10,40.11921565228618,268.9808909859347,64.0,30,Grassland,0.8,91.0,0.9999888045151574
3.0,Gateway_2,42.47,-9.01319,59.4,1575459817.722733,-120.0,-12.5,10,3328.162859146906,268.9808909859347,64.0,30,Grassland,0.8,134.0,0.6321205588285577
3.0,Gateway_1,42.4595,-9.0132,72.0,1575459825.055599,-89.0,12.0,9,1135.4478662025012,1197.8546748918143,0.0,80,Permanent water bodies,0.95,103.0,0.9999445484005678
3.0,Gateway_1,42.45959,-9.0132,71.9,1575459832.540953,-91.0,12.5,8,1125.4522176792407,1188.1161817060356,0.0,80,Permanent water bodies,0.95,105.0,0.9998765901959134
3.0,Gateway_1,42.45958,-9.01319,71.59,1575459840.141825,-80.0,9.5,7,1126.5785104738954,1188.9968982847865,0.0,80,Permanent water bodies,0.95,94.0,0.9988862248521552
3.0,Gateway_1,42.45951,-9.01312,71.5,1575459879.57347,-94.0,3.8,12,1134.4761158502886,1195.3133628408807,0.0,80,Permanent water bodies,0.95,108.0,0.9999266303356495
3.0,Gateway_2,42.45951,-9.01312,71.5,1575459879.57347,-121.0,-14.8,12,4481.027806855261,1195.3133628408807,0.0,80,Permanent water bodies,0.95,135.0,0.8750697878014175
3.0,Gateway_3,42.45951,-9.01312,71.5,1575459879.57347,-120.0,-22.8,12,6233.054744038752,1195.3133628408807,0.0,80,Permanent water bodies,0.95,134.0,0.0
3.0,Gateway_1,42.45951,-9.01312,71.4,1575459888.205447,-75.0,10.5,11,1134.4762524772202,1195.3073853139094,0.0,80,Permanent water bodies,0.95,89.0,0.9999863258039343
3.0,Gateway_2,42.45951,-9.01312,71.4,1575459888.205447,-121.0,-11.8,11,4481.0263239363,1195.3073853139094,0.0,80,Permanent water bodies,0.95,135.0,0.8977157932844625
3.0,Gateway_3,42.45951,-9.01312,71.4,1575459888.205447,-120.0,-15.2,11,6233.054095079233,1195.3073853139094,0.0,80,Permanent water bodies,0.95,134.0,0.6014809589154859
3.0,Gateway_1,42.45952,-9.01317,59.19,1575459895.174854,-70.0,14.2,10,1133.3577403162187,1194.447590976544,0.0,80,Permanent water bodies,0.95,84.0,0.9999915386345782
3.0,Gateway_2,42.45952,-9.01317,59.19,1575459895.174854,-120.0,-13.5,10,4480.257814229655,1194.447590976544,0.0,80,Permanent water bodies,0.95,134.0,0.4511883639059736
3.0,Gateway_3,42.45952,-9.01317,59.19,1575459895.174854,-120.0,-15.2,10,6230.0624217798495,1194.447590976544,0.0,80,Permanent water bodies,0.95,134.0,0.0
3.0,Gateway_1,42.45952,-9.01317,59.5,1575459903.551178,-58.0,12.5,9,1133.3540053463812,1194.4629929343434,0.0,80,Permanent water bodies,0.95,72.0,0.9999546000702375
3.0,Gateway_1,42.45952,-9.01318,581.0,1575459911.017025,-71.0,13.8,8,1241.9081478952992,1327.0991380956714,0.0,80,Permanent water bodies,0.95,85.0,0.9999266303356495
3.0,Gateway_1,42.4595,-9.01321,59.4,1575459918.314532,-87.0,5.8,7,1135.5142763549022,1197.344466601801,0.0,80,Permanent water bodies,0.95,101.0,0.9951072462747605
3.0,Gateway_1,42.4595,-9.01321,59.4,1575459958.070537,-85.0,10.0,12,1135.5142763549022,1197.344466601801,0.0,80,Permanent water bodies,0.95,99.0,0.9999938557876467
3.0,Gateway_2,42.4595,-9.01321,59.4,1575459958.070537,-118.0,-2.5,12,4482.866549789049,1197.344466601801,0.0,80,Permanent water bodies,0.95,132.0,0.9990881180344455
3.0,Gateway_1,42.45951,-9.01322,70.9,1575459955.232371,-55.0,10.5,11,1134.3101061127236,1197.0702319616178,0.0,80,Permanent water bodies,0.95,69.0,0.9999863258039343
3.0,Gateway_2,42.45951,-9.01322,70.9,1575459955.232371,-117.0,-2.0,11,4482.019183748925,1197.0702319616178,0.0,80,Permanent water bodies,0.95,131.0,0.9979705693637043
3.0,Gateway_3,42.45951,-9.01322,70.9,1575459955.232371,-120.0,-14.0,11,6229.161538590589,1197.0702319616178,0.0,80,Permanent water bodies,0.95,134.0,0.7534030360583935
3.0,Gateway_1,42.45951,-9.01322,71.0,1575459974.234719,-70.0,9.8,10,1134.309925386117,1197.0761589174858,0.0,80,Permanent water bodies,0.95,84.0,0.9999508188432149
3.0,Gateway_2,42.45951,-9.01322,71.0,1575459974.234719,-119.0,-12.2,10,4482.020655183706,1197.0761589174858,0.0,80,Permanent water bodies,0.95,133.0,0.6737202053769606
3.0,Gateway_3,42.45951,-9.01322,71.0,1575459974.234719,-119.0,-15.8,10,6229.162179928877,1197.0761589174858,0.0,80,Permanent water bodies,0.95,133.0,0.0
3.0,Gateway_1,42.45951,-9.01322,71.19,1575459981.558917,-81.0,14.2,9,1134.3096062933869,1197.0874430669805,0.0,80,Permanent water bodies,0.95,95.0,0.9999769996241301
3.0,Gateway_2,42.45951,-9.01322,71.19,1575459981.558917,-121.0,-13.0,9,4482.0234570552375,1197.0874430669805,0.0,80,Permanent water bodies,0.95,135.0,0.0
3.0,Gateway_1,42.45952,-9.01315,71.5,1575459989.22157,-80.0,13.2,8,1133.3092107899129,1194.7630888005565,0.0,80,Permanent water bodies,0.95,94.0,0.9999067288765351
3.0,Gateway_1,42.45953,-9.01315,71.5,1575459995.811545,-82.0,13.2,7,1132.1986531243995,1193.680757438225,0.0,80,Permanent water bodies,0.95,96.0,0.9997464627999653
3.0,Gateway_1,42.45953,-9.01314,70.59,1575470035.197233,-72.0,9.0,12,1132.2184464279394,1193.448355213205,0.0,80,Permanent water bodies,0.95,86.0,0.9999908339122637
3.0,Gateway_1,42.45953,-9.01314,70.3,1575470044.847317,-90.0,8.2,11,1132.2191008509337,1193.4312374247227,0.0,80,Permanent water bodies,0.95,104.0,0.9999656874712223
3.0,Gateway_1,42.45952,-9.01314,59.9,1575470052.93505,-92.0,11.8,10,1133.402130518214,1193.9468690327494,0.0,80,Permanent water bodies,0.95,106.0,0.9999779014817677
3.0,Gateway_1,42.45927,-9.01319,55.5,1575470050.32125,-85.0,10.0,9,1161.1389773989658,1221.7084370258833,0.0,80,Permanent water bodies,0.95,99.0,0.9998765901959134
3.0,Gateway_2,42.45927,-9.01319,55.5,1575470050.32125,-120.0,-13.5,9,4507.977709432722,1221.7084370258833,0.0,80,Permanent water bodies,0.95,134.0,0.0
3.0,Gateway_1,42.45927,-9.01318,55.5,1575470057.75978,-83.0,10.2,8,1161.154415116104,1221.5320788615363,0.0,80,Permanent water bodies,0.95,97.0,0.9996903289645813
3.0,Gateway_1,42.45912,-9.01305,53.9,1575470075.099379,-101.0,12.2,7,1178.0868178856376,1235.5100440071656,0.0,80,Permanent water bodies,0.95,115.0,0.9996217669432174
3.0,Gateway_1,42.45911,-9.01305,53.9,1575470114.787074,-98.0,7.5,12,1179.1970613089593,1236.596675384931,0.0,80,Permanent water bodies,0.95,112.0,0.9999832982992097
3.0,Gateway_2,42.45911,-9.01305,53.9,1575470114.787074,-119.0,-17.8,12,4524.225080972456,1236.596675384931,0.0,80,Permanent water bodies,0.95,133.0,0.5852170883184186
3.0,Gateway_1,42.45892,-9.01293,53.9,1575470123.351821,-85.0,5.8,11,1200.6029340242296,1255.3187847077963,0.0,80,Permanent water bodies,0.95,99.0,0.999910386089597
3.0,Gateway_2,42.45892,-9.01293,53.9,1575470123.351821,-119.0,-18.0,11,4544.030494182966,1255.3187847077963,0.0,80,Permanent water bodies,0.95,133.0,0.0
3.0,Gateway_1,42.45892,-9.01293,53.9,1575470131.340137,-94.0,11.2,10,1200.6029340242296,1255.3187847077963,0.0,80,Permanent water bodies,0.95,108.0,0.9999719072774738
3.0,Gateway_2,42.45892,-9.01293,53.9,1575470131.340137,-120.0,-15.5,10,4544.030494182966,1255.3187847077963,0.0,80,Permanent water bodies,0.95,134.0,0.0
3.0,Gateway_1,42.4585,-9.01301,54.1,1575470139.272038,-105.0,9.2,9,1247.0119428123905,1302.3372616998804,0.0,80,Permanent water bodies,0.95,119.0,0.999830048932401
3.0,Gateway_1,42.45849,-9.01301,54.1,1575470145.701557,-99.0,11.2,8,1248.1221698817328,1303.4268748746856,0.0,80,Permanent water bodies,0.95,113.0,0.9997924212972823
3.0,Gateway_3,42.45849,-9.01301,54.1,1575470145.701557,-119.0,-11.0,8,6337.217650290677,1303.4268748746856,0.0,80,Permanent water bodies,0.95,133.0,0.0
3.0,Gateway_1,42.45845,-9.01302,54.59,1575470154.075818,-98.0,13.0,7,1252.5322985349892,1307.96198209003,0.0,80,Permanent water bodies,0.95,112.0,0.9997253464300279
3.0,Gateway_1,42.45845,-9.01302,54.5,1575470193.529512,-88.0,9.0,12,1252.533624607876,1307.9582288792253,0.0,80,Permanent water bodies,0.95,102.0,0.9999908339122637
3.0,Gateway_3,42.45845,-9.01302,54.5,1575470193.529512,-119.0,-4.5,12,6340.76454986235,1307.9582288792253,0.0,80,Permanent water bodies,0.95,133.0,0.9979705693637043
3.0,Gateway_1,42.45845,-9.01303,55.0,1575470202.318595,-97.0,8.5,11,1252.503386536516,1308.1355906446815,0.0,80,Permanent water bodies,0.95,111.0,0.9999695675169916
3.0,Gateway_3,42.45845,-9.01303,55.0,1575470202.318595,-119.0,-5.0,11,6340.382651515742,1308.1355906446815,0.0,80,Permanent water bodies,0.95,133.0,0.9932620530009145
3.0,Gateway_1,42.45843,-9.01309,54.1,1575470210.411503,-84.0,14.2,10,1254.6110337093448,1311.2246608564594,0.0,80,Permanent water bodies,0.95,98.0,0.9999915386345782
3.0,Gateway_3,42.45843,-9.01309,54.1,1575470210.411503,-107.0,8.5,10,6340.044279065123,1311.2246608564594,0.0,80,Permanent water bodies,0.95,121.0,0.9999172759344434
3.0,Gateway_1,42.45827,-9.01345,58.9,1575470218.092153,-103.0,9.8,9,1271.970503531728,1334.8331587774878,0.0,80,Permanent water bodies,0.95,117.0,0.9998663117552086
3.0,Gateway_3,42.45827,-9.01345,58.9,1575470218.092153,-113.0,3.2,9,6342.092703264773,1334.8331587774878,0.0,80,Permanent water bodies,0.95,127.0,0.9981265994057775
3.0,Gateway_1,42.45827,-9.01345,58.7,1575470225.501335,-82.0,14.2,8,1271.9727362859462,1334.8243486586114,0.0,80,Permanent water bodies,0.95,96.0,0.9999374784962252
3.0,Gateway_3,42.45827,-9.01345,58.7,1575470225.501335,-114.0,2.8,8,6342.091826582479,1334.8243486586114,0.0,80,Permanent water bodies,0.95,128.0,0.994023977104994
3.0,Gateway_1,42.45824,-9.01352,57.5,1575470233.321735,-83.0,13.2,7,1275.3320070273885,1339.2581800728976,0.0,80,Permanent water bodies,0.95,97.0,0.9997464627999653
3.0,Gateway_3,42.45824,-9.01352,57.5,1575470233.321735,-118.0,-3.0,7,6342.393402751321,1339.2581800728976,0.0,80,Permanent water bodies,0.95,132.0,0.8347011117784134
3.0,Gateway_1,42.45824,-9.01352,57.1,1575470273.071245,-90.0,9.0,12,1275.336931225826,1339.2410660117057,0.0,80,Permanent water bodies,0.95,104.0,0.9999908339122637
3.0,Gateway_3,42.45824,-9.01352,57.1,1575470273.071245,-118.0,-4.0,12,6342.391744071277,1339.2410660117057,0.0,80,Permanent water bodies,0.95,132.0,0.998338442726826
3.0,Gateway_1,42.45823,-9.01353,53.7,1575470281.759153,-113.0,2.5,11,1276.4985092119023,1340.3619831563303,0.0,80,Permanent water bodies,0.95,127.0,0.9996645373720975
3.0,Gateway_3,42.45823,-9.01353,53.7,1575470281.759153,-117.0,-4.8,11,6342.986695643588,1340.3619831563303,0.0,80,Permanent water bodies,0.95,131.0,0.9937800909840574
3.0,Gateway_1,42.45823,-9.01353,53.5,1575470289.87597,-115.0,-0.5,10,1276.5015487731337,1340.353985292979,0.0,80,Permanent water bodies,0.95,129.0,0.9969724452546241
3.0,Gateway_3,42.45823,-9.01353,53.5,1575470289.87597,-118.0,-5.8,10,6342.98598304549,1340.353985292979,0.0,80,Permanent water bodies,0.95,132.0,0.9747770251647728
3.0,Gateway_1,42.45838,-9.01353,53.5,1575470297.507334,-115.0,1.0,9,1259.8414144175727,1324.1058458095483,0.0,80,Permanent water bodies,0.95,129.0,0.9954834190573874
3.0,Gateway_1,42.45847,-9.01375,50.8,1575470304.993457,-115.0,-1.8,8,1250.1166036199418,1318.3700267807667,0.0,80,Permanent water bodies,0.95,129.0,0.9623717431928238
3.0,Gateway_3,42.45847,-9.01375,50.8,1575470304.993457,-119.0,-7.0,8,6310.983174631069,1318.3700267807667,0.0,80,Permanent water bodies,0.95,133.0,0.698805788087798
3.0,Gateway_1,42.45847,-9.01375,50.9,1575470312.515375,-115.0,-1.8,7,1250.114831783968,1318.3738838106283,0.0,80,Permanent water bodies,0.95,129.0,0.8977157932844626
3.0,Gateway_1,42.45848,-9.01377,50.1,1575470350.735243,-117.0,-0.2,11,1249.0523889259082,1317.6501978273222,0.0,80,Permanent water bodies,0.95,131.0,0.9990121700594687
3.0,Gateway_3,42.45848,-9.01377,50.1,1575470350.735243,-118.0,-4.8,11,6309.23877355123,1317.6501978273222,0.0,80,Permanent water bodies,0.95,132.0,0.9937800909840574
3.0,Gateway_3,42.45848,-9.01378,49.9,1575470358.775909,-119.0,-8.8,10,6308.860518954398,1317.8363913296307,0.0,80,Permanent water bodies,0.95,133.0,0.9162567744078041
3.0,Gateway_3,42.45857,-9.01394,45.5,1575470375.998271,-117.0,-2.5,9,6293.929509491368,1311.1603440597255,0.0,80,Permanent water bodies,0.95,131.0,0.9816843611112658
3.0,Gateway_1,42.45857,-9.01394,45.5,1575470383.510579,-118.0,-8.0,8,1239.5282617438456,1311.1603440597255,0.0,80,Permanent water bodies,0.95,132.0,0.5506710358827784
3.0,Gateway_3,42.45857,-9.01394,45.5,1575470383.510579,-114.0,2.0,8,6293.929509491368,1311.1603440597255,0.0,80,Permanent water bodies,0.95,128.0,0.99177025295098
3.0,Gateway_3,42.45857,-9.01395,45.5,1575470391.047487,-119.0,-5.0,7,6293.552765155183,1311.3638535624314,0.0,80,Permanent water bodies,0.95,133.0,0.6321205588285577
3.0,Gateway_1,42.45871,-9.01399,44.1,1575470430.718449,-115.0,-4.0,12,1224.1635075965482,1297.092556365262,0.0,80,Permanent water bodies,0.95,129.0,0.998338442726826
3.0,Gateway_3,42.45871,-9.01399,44.1,1575470430.718449,-114.0,1.8,12,6278.219610421474,1297.092556365262,0.0,80,Permanent water bodies,0.95,128.0,0.9998367128090782
3.0,Gateway_1,42.45872,-9.014,25.0,1575470439.38075,-118.0,-14.2,11,1223.6841676528284,1295.7178596232282,0.0,80,Permanent water bodies,0.95,132.0,0.7328646980341498
3.0,Gateway_3,42.45872,-9.014,25.0,1575470439.38075,-114.0,1.0,11,6276.844484852221,1295.7178596232282,0.0,80,Permanent water bodies,0.95,128.0,0.9993887472388704
3.0,Gateway_1,42.459,-9.0142,39.2,1575470447.072535,-120.0,-12.8,10,1192.877871741097,1270.3984138250214,0.0,80,Permanent water bodies,0.95,134.0,0.5852170883184186
3.0,Gateway_3,42.459,-9.0142,39.2,1575470447.072535,-117.0,-2.8,10,6241.663330657039,1270.3984138250214,0.0,80,Permanent water bodies,0.95,131.0,0.9924029859724224
3.0,Gateway_1,42.45903,-9.01425,37.8,1575470459.57275,-113.0,4.5,7,1189.8121450031108,1268.2781184309072,0.0,80,Permanent water bodies,0.95,127.0,0.99177025295098
3.0,Gateway_1,42.45909,-9.01454,33.3,1575470509.502547,-108.0,7.2,12,1184.8684021834813,1268.563453027658,0.0,80,Permanent water bodies,0.95,122.0,0.9999811688849429
3.0,Gateway_2,42.45909,-9.01454,33.3,1575470509.502547,-121.0,-14.8,12,4542.374080174379,1268.563453027658,0.0,80,Permanent water bodies,0.95,135.0,0.8750697878014175
3.0,Gateway_1,42.45909,-9.01455,33.3,1575470518.259728,-108.0,5.5,11,1184.9309134191385,1268.805781148728,0.0,80,Permanent water bodies,0.95,122.0,0.9998989605981629
3.0,Gateway_2,42.45909,-9.01455,33.3,1575470518.259728,-121.0,-13.5,11,4542.493229610343,1268.805781148728,0.0,80,Permanent water bodies,0.95,135.0,0.7981034820053446
3.0,Gateway_1,42.45909,-9.01457,33.5,1575470525.317399,-108.0,8.5,10,1185.0509551690855,1269.2971601257807,0.0,80,Permanent water bodies,0.95,122.0,0.9999172759344434
3.0,Gateway_2,42.45909,-9.01457,33.5,1575470525.317399,-120.0,-15.5,10,4542.73321595793,1269.2971601257807,0.0,80,Permanent water bodies,0.95,134.0,0.0
3.0,Gateway_3,42.45909,-9.01457,33.5,1575470525.317399,-117.0,-0.8,10,6218.8607367470095,1269.2971601257807,0.0,80,Permanent water bodies,0.95,131.0,0.9965864415566046
3.0,Gateway_1,42.45939,-9.01499,35.0,1575470533.2919,-111.0,4.5,9,1155.0745613594215,1248.4850705181861,0.0,80,Permanent water bodies,0.95,125.0,0.9988862248521552
3.0,Gateway_3,42.45939,-9.01499,35.0,1575470533.2919,-115.0,-1.2,9,6173.482419465334,1248.4850705181861,0.0,80,Permanent water bodies,0.95,129.0,0.9891109763314455
3.0,Gateway_1,42.4594,-9.01499,34.8,1575470540.741352,-114.0,3.5,8,1153.9776517355772,1247.4308900676863,0.0,80,Permanent water bodies,0.95,128.0,0.9954834190573874
3.0,Gateway_2,42.4594,-9.01499,34.8,1575470540.741352,-120.0,-11.2,8,4513.86179383327,1247.4308900676863,0.0,80,Permanent water bodies,0.95,134.0,0.0
3.0,Gateway_3,42.4594,-9.01499,34.8,1575470540.741352,-115.0,2.8,8,6172.492026861579,1247.4308900676863,0.0,80,Permanent water bodies,0.95,129.0,0.994023977104994
3.0,Gateway_1,42.45977,-9.01505,34.4,1575470548.379407,-109.0,7.2,7,1113.7442016069767,1210.3842134528377,0.0,80,Permanent water bodies,0.95,123.0,0.9972052147249632
3.0,Gateway_3,42.45977,-9.01505,34.4,1575470548.379407,-115.0,0.5,7,6133.633032243722,1210.3842134528377,0.0,80,Permanent water bodies,0.95,129.0,0.9592377960216338
3.0,Gateway_1,42.45978,-9.01505,34.2,1575470588.120901,-102.0,5.5,12,1112.6487959004944,1209.3356919866544,0.0,80,Permanent water bodies,0.95,116.0,0.9999628296813159
3.0,Gateway_2,42.45978,-9.01505,34.2,1575470588.120901,-120.0,-13.5,12,4472.924140140065,1209.3356919866544,0.0,80,Permanent water bodies,0.95,134.0,0.9257264217856661
3.0,Gateway_3,42.45978,-9.01505,34.2,1575470588.120901,-119.0,-7.2,12,6132.643869849475,1209.3356919866544,0.0,80,Permanent water bodies,0.95,133.0,0.994023977104994
3.0,Gateway_1,42.4598,-9.01505,34.09,1575470595.738502,-105.0,5.2,11,1110.4479850360124,1207.2472369081095,0.0,80,Permanent water bodies,0.95,119.0,0.9998860783925432
3.0,Gateway_2,42.4598,-9.01505,34.09,1575470595.738502,-120.0,-17.8,11,4470.729176437152,1207.2472369081095,0.0,80,Permanent water bodies,0.95,134.0,0.0
3.0,Gateway_1,42.47039,-9.01534,33.59,1575470511.850535,-100.0,13.0,9,176.77901865374233,442.55938820016206,29.0,30,Grassland,0.8,114.0,0.9999628296813159
3.0,Gateway_2,42.47039,-9.01534,33.59,1575470511.850535,-120.0,-10.2,9,3319.1172115442605,442.55938820016206,29.0,30,Grassland,0.8,134.0,0.6014809589154859
3.0,Gateway_3,42.47039,-9.01534,33.59,1575470511.850535,-119.0,-7.0,9,5098.529277676772,442.55938820016206,29.0,30,Grassland,0.8,133.0,0.8891968416376661
3.0,Gateway_1,42.47037,-9.01534,33.9,1575470519.408953,-112.0,5.2,8,175.78604434671888,442.37115406301297,29.0,30,Grassland,0.8,126.0,0.9977118233470779
3.0,Gateway_3,42.47037,-9.01534,33.9,1575470519.408953,-119.0,-9.8,8,5100.3952995444515,442.37115406301297,29.0,30,Grassland,0.8,133.0,0.07688365361336391
3.0,Gateway_1,42.47035,-9.01534,33.9,1575470525.934513,-102.0,11.0,7,174.88526205305732,442.1703442735519,29.0,30,Grassland,0.8,116.0,0.9993887472388704
3.0,Gateway_1,42.47035,-9.01534,33.9,1575470555.573049,-110.0,3.8,12,174.88526205305732,442.1703442735519,29.0,30,Grassland,0.8,124.0,0.9999266303356495
3.0,Gateway_3,42.47035,-9.01534,33.9,1575470555.573049,-120.0,-19.0,12,5102.261439537483,442.1703442735519,29.0,30,Grassland,0.8,134.0,0.3296799539643607
3.0,Gateway_1,42.47033,-9.01534,34.09,1575470575.053185,-115.0,-0.5,11,173.96558833370585,441.9952243040797,29.0,30,Grassland,0.8,129.0,0.9988862248521552
3.0,Gateway_1,42.45957,-9.01502,34.7,1575470582.872353,-108.0,7.2,10,1135.5015246668245,1230.4444743816496,0.0,80,Permanent water bodies,0.95,122.0,0.9998608558344383
3.0,Gateway_1,42.45955,-9.01502,34.2,1575470590.282752,-107.0,8.5,9,1137.7244600283743,1232.522652064131,0.0,80,Permanent water bodies,0.95,121.0,0.9997751326758212
3.0,Gateway_1,42.45954,-9.01502,34.2,1575470597.730524,-110.0,5.5,8,1138.8274631972445,1233.5689102280917,0.0,80,Permanent water bodies,0.95,124.0,0.9979705693637043
3.0,Gateway_1,42.45953,-9.01502,33.9,1575470705.323519,-115.0,2.5,7,1139.9407321263282,1234.6070073319584,0.0,80,Permanent water bodies,0.95,129.0,0.9816843611112658
3.0,Gateway_1,42.45945,-9.01501,33.09,1575470744.985543,-117.0,-9.2,12,1148.7010426289903,1242.6872803737956,0.0,80,Permanent water bodies,0.95,131.0,0.9867001164575563
3.0,Gateway_1,42.45875,-9.01459,22.8,1575470753.277322,-118.0,-10.0,11,1223.2051880331167,1305.649969282482,0.0,80,Permanent water bodies,0.95,132.0,0.950212931632136
3.0,Gateway_1,42.45874,-9.01459,22.5,1575470751.373125,-117.0,-0.8,10,1224.324145193707,1306.70801788401,0.0,80,Permanent water bodies,0.95,131.0,0.9965864415566046
3.0,Gateway_1,42.45872,-9.01459,22.5,1575470775.153459,-115.0,1.5,8,1226.5373850743897,1308.8347607566554,0.0,80,Permanent water bodies,0.95,129.0,0.9899481642553665
3.0,Gateway_1,42.45817,-9.0145,20.29,1575470823.873533,-115.0,-1.8,12,1286.9835281362525,1365.378845117664,0.0,80,Permanent water bodies,0.95,129.0,0.9993108144363072
3.0,Gateway_1,42.45815,-9.0145,20.29,1575470832.458827,-112.0,3.8,11,1289.1983090976953,1367.5172065877796,0.0,80,Permanent water bodies,0.95,126.0,0.9998005605746358
3.0,Gateway_1,42.45813,-9.01449,20.1,1575470847.855311,-114.0,0.8,9,1291.3661444570246,1369.4310155369726,0.0,80,Permanent water bodies,0.95,128.0,0.9951072462747605
3.0,Gateway_1,42.45729,-9.01425,19.9,1575470855.273583,-110.0,7.2,8,1383.3392386994567,1454.6192456836613,0.0,80,Permanent water bodies,0.95,124.0,0.9989718559548253
3.0,Gateway_1,42.45728,-9.01425,19.79,1575470852.891834,-115.0,1.2,7,1384.452208856756,1455.6959428026835,0.0,80,Permanent water bodies,0.95,129.0,0.9691925889672489
3.0,Gateway_1,42.45725,-9.01425,19.5,1575470902.518719,-115.0,0.0,12,1387.7896083707058,1458.9269249964188,0.0,80,Permanent water bodies,0.95,129.0,0.9996645373720975
3.0,Gateway_1,42.45555,-9.01354,25.5,1575470927.072714,-117.0,-0.5,9,1574.7697787573377,1631.531059558011,0.0,80,Permanent water bodies,0.95,131.0,0.99177025295098
3.0,Gateway_1,42.45555,-9.01353,25.0,1575470934.505147,-115.0,0.0,8,1574.78128832487,1631.3767451260383,0.0,80,Permanent water bodies,0.95,129.0,0.9816843611112658
3.0,Gateway_1,42.45559,-9.01357,25.4,1575470941.994977,-115.0,-1.5,7,1570.3451675832007,1627.6015864567191,0.0,80,Permanent water bodies,0.95,129.0,0.9092820467105875
3.0,Gateway_1,42.45553,-9.01351,27.0,1575470981.557797,-119.0,-5.5,12,1576.9362672938448,1633.3029934616575,0.0,80,Permanent water bodies,0.95,133.0,0.9969724452546241
3.0,Gateway_1,42.45553,-9.01351,27.0,1575470990.241727,-115.0,-14.5,11,1576.9362672938448,1633.3029934616575,0.0,80,Permanent water bodies,0.95,129.0,0.698805788087798
3.0,Gateway_1,42.45553,-9.01351,27.3,1575471005.570524,-120.0,-15.0,9,1576.9275446597555,1633.307980281371,0.0,80,Permanent water bodies,0.95,134.0,0.0
3.0,Gateway_3,42.45541,-9.01343,28.2,1575471050.103159,-120.0,-20.0,12,6626.306267314972,1645.3020261593965,0.0,80,Permanent water bodies,0.95,134.0,0.0
3.0,Gateway_3,42.45541,-9.01343,28.2,1575471058.775928,-120.0,-20.0,11,6626.306267314972,1645.3020261593965,0.0,80,Permanent water bodies,0.95,134.0,0.0
3.0,Gateway_3,42.45541,-9.01342,28.3,1575471075.824511,-120.0,-14.8,10,6626.669375242176,1645.1629174060488,0.0,80,Permanent water bodies,0.95,134.0,0.07688365361336391
3.0,Gateway_1,42.45539,-9.01342,28.3,1575471083.953203,-120.0,-5.8,9,1592.438381390705,1647.3515640790952,0.0,80,Permanent water bodies,0.95,134.0,0.9314368458457221
3.0,Gateway_3,42.45539,-9.01342,28.3,1575471083.953203,-120.0,-13.8,9,6628.66280947107,1647.3515640790952,0.0,80,Permanent water bodies,0.95,134.0,0.0
3.0,Gateway_1,42.45508,-9.01327,29.8,1575471138.853873,-120.0,-21.8,12,1626.8854878312352,1679.292572866472,0.0,80,Permanent water bodies,0.95,134.0,0.0
3.0,Gateway_1,42.45588,-9.01309,27.5,1575471155.902729,-117.0,-7.0,10,1538.3368651991045,1589.1762164112497,0.0,80,Permanent water bodies,0.95,131.0,0.9592377960216338
3.0,Gateway_1,42.45589,-9.01308,27.5,1575471153.233131,-115.0,-11.2,9,1537.2427981037642,1587.9484515414713,0.0,80,Permanent water bodies,0.95,129.0,0.40547945202980584
3.0,Gateway_1,42.45533,-9.01315,33.3,1575471282.857955,-120.0,-15.5,12,1599.1571977643498,1650.3796309575062,0.0,80,Permanent water bodies,0.95,134.0,0.8347011117784134
3.0,Gateway_1,42.45533,-9.01315,33.3,1575471291.441353,-120.0,-18.8,11,1599.1571977643498,1650.3796309575062,0.0,80,Permanent water bodies,0.95,134.0,0.0
3.0,Gateway_1,42.45533,-9.01315,33.4,1575471305.85954,-119.0,-4.5,9,1599.154718331384,1650.381651703458,0.0,80,Permanent water bodies,0.95,133.0,0.9592377960216338
3.0,Gateway_1,42.45533,-9.01315,33.4,1575471314.357335,-120.0,-8.8,8,1599.154718331384,1650.381651703458,0.0,80,Permanent water bodies,0.95,134.0,0.38121660819385905
3.0,Gateway_1,42.45532,-9.01314,30.3,1575471321.82457,-120.0,-9.2,7,1600.3576725088394,1651.2898618647266,0.0,80,Permanent water bodies,0.95,134.0,0.0
3.0,Gateway_1,42.45532,-9.01314,30.3,1575471370.115585,-120.0,-9.0,11,1600.3576725088394,1651.2898618647266,0.0,80,Permanent water bodies,0.95,134.0,0.9666267300396739
3.0,Gateway_1,42.45531,-9.01314,33.09,1575471385.442835,-119.0,-5.0,9,1601.3959965409197,1652.4403517548621,0.0,80,Permanent water bodies,0.95,133.0,0.950212931632136
3.0,Gateway_1,42.45531,-9.01314,33.09,1575471392.888833,-117.0,-9.8,8,1601.3959965409197,1652.4403517548621,0.0,80,Permanent water bodies,0.95,131.0,0.07688365361336391
3.0,Gateway_1,42.45531,-9.01314,33.0,1575471400.5092,-120.0,-7.0,7,1601.398242048893,1652.4385519612317,0.0,80,Permanent water bodies,0.95,134.0,0.18126924692201818
3.0,Gateway_1,42.45531,-9.01314,33.0,1575471448.800834,-119.0,-13.5,11,1601.398242048893,1652.4385519612317,0.0,80,Permanent water bodies,0.95,133.0,0.7981034820053446
3.0,Gateway_1,42.45532,-9.01313,31.5,1575471455.730054,-120.0,-12.2,10,1600.3394195816315,1651.1838844048941,0.0,80,Permanent water bodies,0.95,134.0,0.6737202053769606
3.0,Gateway_1,42.45532,-9.01313,31.5,1575471454.171183,-118.0,-11.5,9,1600.3394195816315,1651.1838844048941,0.0,80,Permanent water bodies,0.95,132.0,0.3296799539643607
3.0,Gateway_1,42.45537,-9.01325,33.0,1575471519.455238,-119.0,-14.0,12,1594.617260395585,1647.3010656844515,0.0,80,Permanent water bodies,0.95,133.0,0.9092820467105875
3.0,Gateway_1,42.45535,-9.0132,31.1,1575471598.394952,-120.0,-13.8,12,1596.9344672093014,1648.7944935213927,0.0,80,Permanent water bodies,0.95,134.0,0.9162567744078041
3.0,Gateway_1,42.45539,-9.0134,30.7,1575471530.441487,-119.0,-7.8,8,1592.3762187721536,1647.1144675633875,0.0,80,Permanent water bodies,0.95,133.0,0.5852170883184187
3.0,Gateway_1,42.45537,-9.01331,31.0,1575471577.275503,-120.0,-14.8,12,1594.625412568824,1648.0702022778648,0.0,80,Permanent water bodies,0.95,134.0,0.8750697878014175
3.0,Gateway_1,42.45535,-9.013,31.5,1575471594.230871,-118.0,-2.5,10,1597.2205222688258,1646.256382330349,0.0,80,Permanent water bodies,0.95,132.0,0.9932620530009145
3.0,Gateway_1,42.45548,-9.01255,31.4,1575471701.535458,-119.0,-5.8,9,1584.0889755672617,1626.7965846535762,0.0,80,Permanent water bodies,0.95,133.0,0.9314368458457221
3.0,Gateway_1,42.45549,-9.01254,31.5,1575471709.102198,-118.0,-12.2,8,1583.0158012417508,1625.5912774977176,0.0,80,Permanent water bodies,0.95,132.0,0.0
3.0,Gateway_1,42.45553,-9.01251,32.0,1575471715.84552,-120.0,-7.8,7,1578.6848795787623,1620.8794545299904,0.0,80,Permanent water bodies,0.95,134.0,0.0
3.0,Gateway_1,42.45555,-9.0125,31.7,1575471755.523,-118.0,-7.5,12,1576.5150377021316,1618.5657680015108,0.0,80,Permanent water bodies,0.95,132.0,0.9932620530009145
3.0,Gateway_1,42.45577,-9.01238,30.4,1575471755.271937,-118.0,-8.2,11,1552.6792641148252,1593.0653157708189,0.0,80,Permanent water bodies,0.95,132.0,0.9757660321543089
3.0,Gateway_1,42.45578,-9.01237,30.5,1575471773.285589,-113.0,3.2,10,1551.614774404747,1591.8641096934389,0.0,80,Permanent water bodies,0.95,127.0,0.9993108144363072
3.0,Gateway_1,42.45722,-9.01202,29.3,1575471780.523855,-105.0,8.5,9,1394.18588672331,1429.620445028886,0.0,80,Permanent water bodies,0.95,119.0,0.9997751326758212
3.0,Gateway_1,42.45723,-9.01201,29.4,1575471788.018512,-107.0,10.0,8,1393.146121314844,1428.4240235760697,0.0,80,Permanent water bodies,0.95,121.0,0.9996645373720975
3.0,Gateway_1,42.45724,-9.012,29.5,1575471795.554099,-104.0,10.8,7,1392.106958758672,1427.2279447409487,0.0,80,Permanent water bodies,0.95,118.0,0.9993378377887877
3.0,Gateway_1,42.4574,-9.01191,29.0,1575471835.245171,-115.0,-8.2,12,1375.0867751506555,1408.7235606972426,0.0,80,Permanent water bodies,0.95,129.0,0.9910848214515604
3.0,Gateway_1,42.45741,-9.0119,29.1,1575471843.855805,-107.0,5.5,11,1374.0541146641883,1407.530422077728,0.0,80,Permanent water bodies,0.95,121.0,0.9998989605981629
3.0,Gateway_1,42.45749,-9.01188,28.9,1575471851.745924,-113.0,4.2,10,1365.3717276177244,1398.5140767993444,0.0,80,Permanent water bodies,0.95,127.0,0.9995380251012184
3.0,Gateway_1,42.4575,-9.01188,29.1,1575471859.13923,-107.0,7.0,9,1364.2600200000195,1397.4144587418418,0.0,80,Permanent water bodies,0.95,121.0,0.9995902650210202
3.0,Gateway_1,42.4581,-9.01159,29.3,1575471855.433034,-102.0,12.8,8,1300.5443055099236,1328.6552454101559,0.0,80,Permanent water bodies,0.95,116.0,0.9998905453226643
3.0,Gateway_1,42.45811,-9.01159,29.3,1575471873.898415,-101.0,12.0,7,1299.4418323502628,1327.5500921901025,0.0,80,Permanent water bodies,0.95,115.0,0.9995902650210202
3.0,Gateway_1,42.45812,-9.01158,29.4,1575471913.515723,-102.0,5.0,12,1298.433175955563,1326.3663292067358,0.0,80,Permanent water bodies,0.95,116.0,0.9999546000702375
3.0,Gateway_1,42.45828,-9.01155,29.4,1575471922.313595,-104.0,7.0,11,1281.0957194160328,1308.441574211311,0.0,80,Permanent water bodies,0.95,118.0,0.9999445484005678
3.0,Gateway_1,42.45829,-9.01155,29.2,1575471930.277899,-97.0,10.0,10,1280.0006751692304,1307.3318402748905,0.0,80,Permanent water bodies,0.95,111.0,0.9999546000702375
3.0,Gateway_1,42.45851,-9.0108,27.8,1575471937.405537,-100.0,11.2,9,1264.970496613712,1278.332844268268,0.0,80,Permanent water bodies,0.95,114.0,0.9999236360628451
3.0,Gateway_1,42.45852,-9.01079,27.8,1575471944.857301,-92.0,13.5,8,1264.0191098280757,1277.1816538860946,0.0,80,Permanent water bodies,0.95,106.0,0.9999172759344434
3.0,Gateway_1,42.45852,-9.01077,27.9,1575471952.470728,-91.0,11.5,7,1264.3012766968777,1277.1012092175044,0.0,80,Permanent water bodies,0.95,105.0,0.9994995485665594
3.0,Gateway_1,42.45858,-9.01055,28.9,1575471991.549313,-100.0,5.0,12,1261.004715572467,1269.695148664478,0.0,80,Permanent water bodies,0.95,114.0,0.9999546000702375
3.0,Gateway_1,42.45858,-9.01054,29.0,1575472000.348958,-101.0,5.2,11,1261.157045786325,1269.6683933007228,0.0,80,Permanent water bodies,0.95,115.0,0.9998860783925432
3.0,Gateway_1,42.45852,-9.00972,25.2,1575472008.57001,-99.0,13.0,10,1282.2778025880175,1275.681723129055,0.0,80,Permanent water bodies,0.95,113.0,0.9999863258039343
3.0,Gateway_1,42.45851,-9.0097,25.2,1575472015.958475,-92.0,12.5,9,1283.7498052102349,1276.8228753607186,0.0,80,Permanent water bodies,0.95,106.0,0.9999546000702375
3.0,Gateway_1,42.45851,-9.00959,25.3,1575472023.457385,-101.0,10.8,8,1285.9496471774244,1277.0317156013257,0.0,80,Permanent water bodies,0.95,115.0,0.9997564041357744
3.0,Gateway_1,42.45844,-9.00943,25.7,1575472030.545077,-113.0,5.0,7,1296.7586066742572,1285.2238968651118,0.0,80,Permanent water bodies,0.95,127.0,0.9932620530009145
3.0,Gateway_1,42.45844,-9.00942,25.9,1575472070.370342,-114.0,-3.8,12,1296.9612712503217,1285.258174632534,0.0,80,Permanent water bodies,0.95,128.0,0.9984661893206755
3.0,Gateway_1,42.4584,-9.00907,24.8,1575472078.900232,-111.0,3.0,11,1308.9229135961084,1291.0611453118509,0.0,80,Permanent water bodies,0.95,125.0,0.9997253464300279
3.0,Gateway_1,42.45841,-9.00905,24.8,1575472085.882554,-105.0,8.5,10,1308.3098365837411,1290.0510629692776,0.0,80,Permanent water bodies,0.95,119.0,0.9999172759344434
3.0,Gateway_1,42.45841,-9.00903,24.5,1575472094.254005,-107.0,8.0,9,1308.776864591922,1290.146002375433,0.0,80,Permanent water bodies,0.95,121.0,0.9997253464300279
3.0,Gateway_1,42.45853,-9.00825,23.4,1575472101.819254,-92.0,15.8,8,1315.4641338787314,1282.4313155010573,0.0,80,Permanent water bodies,0.95,106.0,0.9999670328847198
3.0,Gateway_1,42.45859,-9.00785,24.8,1575472109.214137,-104.0,10.2,7,1320.2296149367724,1279.965079234476,0.0,80,Permanent water bodies,0.95,118.0,0.9991582268516215
3.0,Gateway_1,42.45859,-9.00784,24.8,1575472148.855879,-110.0,1.2,12,1320.516764336332,1280.0789617081502,0.0,80,Permanent water bodies,0.95,124.0,0.9997924212972823
3.0,Gateway_1,42.45859,-9.00782,24.7,1575472157.547859,-112.0,3.2,11,1321.096064260991,1280.3063481534189,0.0,80,Permanent water bodies,0.95,126.0,0.9997464627999653
3.0,Gateway_1,42.4585,-9.00778,25.2,1575472155.059551,-110.0,7.0,10,1331.5874035082213,1290.675096518235,0.0,80,Permanent water bodies,0.95,124.0,0.9998492669249045
3.0,Gateway_1,42.45882,-9.00713,25.3,1575472173.254212,-114.0,2.0,9,1318.518189044971,1264.3865875150443,0.0,80,Permanent water bodies,0.95,128.0,0.9969724452546241
3.0,Gateway_1,42.45882,-9.00711,25.3,1575472180.710515,-113.0,4.0,8,1319.1675229168436,1264.6947041587093,0.0,80,Permanent water bodies,0.95,127.0,0.996302136283517
3.0,Gateway_1,42.45883,-9.0071,25.3,1575472188.275739,-110.0,5.8,7,1318.4735804961695,1263.7588831483804,0.0,80,Permanent water bodies,0.95,124.0,0.9951072462747605
3.0,Gateway_1,42.45885,-9.00701,25.0,1575472227.900195,-118.0,-4.8,12,1319.4004775100839,1262.9920557494247,0.0,80,Permanent water bodies,0.95,132.0,0.9977118233470779
3.0,Gateway_2,42.45885,-9.00701,25.0,1575472227.900195,-120.0,-17.5,12,4521.27111193604,1262.9920557494247,0.0,80,Permanent water bodies,0.95,134.0,0.6321205588285577
3.0,Gateway_2,42.45927,-9.00525,20.5,1575472244.400095,-120.0,-11.2,10,4475.6911200995455,1254.470698629846,0.0,80,Permanent water bodies,0.95,134.0,0.7812881130477853
3.0,Gateway_2,42.45929,-9.00525,19.9,1575472259.232151,-121.0,-11.8,8,4473.468074459548,1252.3503370253738,0.0,80,Permanent water bodies,0.95,135.0,0.0
3.0,Gateway_1,42.45931,-9.00519,20.2,1575472255.80518,-114.0,3.8,7,1342.1942276380132,1251.7955649733003,0.0,80,Permanent water bodies,0.95,128.0,0.9891109763314455
3.0,Gateway_1,42.45931,-9.00519,20.2,1575472305.41139,-114.0,1.0,12,1342.1942276380132,1251.7955649733003,0.0,80,Permanent water bodies,0.95,128.0,0.9997751326758212
3.0,Gateway_1,42.45937,-9.00597,17.5,1575472314.525211,-115.0,-0.8,11,1305.1286201326702,1226.56623582455,0.0,80,Permanent water bodies,0.95,129.0,0.9987442220274376
3.0,Gateway_1,42.45937,-9.00595,17.2,1575472322.558105,-120.0,-7.8,10,1305.9175673940592,1227.0075096502967,0.0,80,Permanent water bodies,0.95,134.0,0.9438652371658663
3.0,Gateway_1,42.45937,-9.00593,15.79,1575472330.051471,-119.0,-7.0,9,1306.7563032639848,1227.436121409949,0.0,80,Permanent water bodies,0.95,133.0,0.8891968416376661
3.0,Gateway_2,42.45937,-9.00593,15.79,1575472330.051471,-120.0,-9.2,9,4463.593821470769,1227.436121409949,0.0,80,Permanent water bodies,0.95,134.0,0.7328646980341498
3.0,Gateway_2,42.4594,-9.00538,13.4,1575472337.887739,-115.0,0.5,8,4460.994214629209,1237.336090784714,0.0,80,Permanent water bodies,0.95,129.0,0.9850044231795223
3.0,Gateway_1,42.45943,-9.00489,8.5,1575472345.490719,-105.0,10.2,7,1344.0010465173993,1247.119315216329,0.0,80,Permanent water bodies,0.95,119.0,0.9991582268516215
3.0,Gateway_2,42.45943,-9.00489,8.5,1575472345.490719,-112.0,5.0,7,4458.70005113823,1247.119315216329,0.0,80,Permanent water bodies,0.95,126.0,0.9932620530009145
3.0,Gateway_1,42.45943,-9.00488,8.3,1575472385.185745,-115.0,-1.0,12,1344.4416605058075,1247.3953710485578,0.0,80,Permanent water bodies,0.95,129.0,0.9994995485665594
3.0,Gateway_2,42.45943,-9.00488,8.3,1575472385.185745,-115.0,1.2,12,4458.724994681007,1247.3953710485578,0.0,80,Permanent water bodies,0.95,129.0,0.9997924212972823
3.0,Gateway_1,42.45943,-9.00485,8.5,1575472393.805544,-117.0,-1.2,11,1345.727250246796,1248.231807328422,0.0,80,Permanent water bodies,0.95,131.0,0.998526330897646
3.0,Gateway_2,42.45943,-9.00485,8.5,1575472393.805544,-108.0,7.2,11,4458.801344310461,1248.231807328422,0.0,80,Permanent water bodies,0.95,122.0,0.9999488117221309
3.0,Gateway_1,42.45945,-9.00478,9.7,1575472402.248174,-118.0,-3.8,10,1346.822843287288,1248.1195880034793,0.0,80,Permanent water bodies,0.95,132.0,0.9886665868453326
3.0,Gateway_2,42.45945,-9.00478,9.7,1575472402.248174,-112.0,4.2,10,4456.765070118228,1248.1195880034793,0.0,80,Permanent water bodies,0.95,126.0,0.9995380251012184
3.0,Gateway_1,42.47035,-9.00424,7.8,1575472409.335535,-111.0,4.0,9,763.4296888972319,475.3480966207697,7.0,60,Bare / sparse vegetation,0.7,125.0,0.9986396319624521
3.0,Gateway_2,42.47035,-9.00424,7.8,1575472409.335535,-113.0,3.5,9,3249.123995459642,475.3480966207697,7.0,60,Bare / sparse vegetation,0.7,127.0,0.998338442726826
3.0,Gateway_1,42.47039,-9.00413,5.3,1575472415.882535,-111.0,7.2,8,773.0353786833484,484.7062936698239,3.0,60,Bare / sparse vegetation,0.7,125.0,0.9989718559548253
3.0,Gateway_2,42.47039,-9.00413,5.3,1575472415.882535,-104.0,12.2,8,3245.2266990914386,484.7062936698239,3.0,60,Bare / sparse vegetation,0.7,118.0,0.9998608558344383
3.0,Gateway_1,42.47041,-9.00408,4.9,1575472424.392582,-117.0,-5.0,7,777.3632338310063,488.99929358497303,3.0,60,Bare / sparse vegetation,0.7,131.0,0.6321205588285577
3.0,Gateway_2,42.47041,-9.00408,4.9,1575472424.392582,-105.0,10.0,7,3243.2629569005044,488.99929358497303,3.0,60,Bare / sparse vegetation,0.7,119.0,0.9990881180344455
3.0,Gateway_1,42.47044,-9.00403,4.5,1575472454.07955,-107.0,4.8,12,781.8080694660904,493.4082944938585,3.0,60,Bare / sparse vegetation,0.7,121.0,0.9999508188432149
3.0,Gateway_2,42.47044,-9.00403,4.5,1575472454.07955,-107.0,4.8,12,3240.196240030925,493.4082944938585,3.0,60,Bare / sparse vegetation,0.7,121.0,0.9999508188432149
3.0,Gateway_1,42.47043,-9.00358,-10.1,1575472472.881405,-105.0,7.5,11,819.7366238534734,530.22052432339,-2.0,30,Grassland,0.8,119.0,0.9999546000702375
3.0,Gateway_2,42.47043,-9.00358,-10.1,1575472472.881405,-119.0,-2.5,11,3243.9056941811104,530.22052432339,-2.0,30,Grassland,0.8,133.0,0.9975212478233336
3.0,Gateway_1,42.45997,-9.00328,13.2,1575472480.855504,-114.0,2.8,10,1369.7436245094027,1243.7758316535655,0.0,80,Permanent water bodies,0.95,128.0,0.9991912332488759
3.0,Gateway_2,42.45997,-9.00328,13.2,1575472480.855504,-112.0,5.5,10,4404.821079988356,1243.7758316535655,0.0,80,Permanent water bodies,0.95,126.0,0.9997253464300279
3.0,Gateway_2,42.45995,-9.00325,13.3,1575472488.242875,-103.0,10.0,9,4407.189522086489,1246.8640418191917,0.0,80,Permanent water bodies,0.95,117.0,0.9998765901959134
3.0,Gateway_1,42.45995,-9.00325,13.2,1575472495.590477,-111.0,5.5,8,1373.0071753255752,1246.862979152758,0.0,80,Permanent water bodies,0.95,125.0,0.9979705693637043
3.0,Gateway_2,42.45995,-9.00325,13.2,1575472495.590477,-102.0,11.5,8,4407.189334892357,1246.862979152758,0.0,80,Permanent water bodies,0.95,116.0,0.9998158942063324
3.0,Gateway_1,42.45993,-9.00317,13.3,1575472503.17522,-103.0,11.5,7,1378.784482598797,1251.7923187825527,0.0,80,Permanent water bodies,0.95,117.0,0.9994995485665594
3.0,Gateway_2,42.45993,-9.00317,13.3,1575472503.17522,-115.0,3.5,7,4409.815436053831,1251.7923187825527,0.0,80,Permanent water bodies,0.95,129.0,0.9877226600969315
3.0,Gateway_1,42.45985,-9.0028,12.0,1575472542.837012,-113.0,3.2,12,1404.6333255083473,1273.587577914146,0.0,80,Permanent water bodies,0.95,127.0,0.9999067288765351
3.0,Gateway_2,42.45985,-9.0028,12.0,1575472542.837012,-113.0,3.2,12,4420.694397447551,1273.587577914146,0.0,80,Permanent water bodies,0.95,127.0,0.9999067288765351
3.0,Gateway_3,42.45985,-9.0028,12.0,1575472542.837012,-120.0,-14.8,12,6645.7043905322935,1273.587577914146,0.0,80,Permanent water bodies,0.95,134.0,0.8750697878014175
3.0,Gateway_1,42.45985,-9.00278,12.0,1575472551.485813,-109.0,5.8,11,1405.6596528118503,1274.353217312704,0.0,80,Permanent water bodies,0.95,123.0,0.999910386089597
3.0,Gateway_2,42.45985,-9.00278,12.0,1575472551.485813,-112.0,1.8,11,4420.809101598048,1274.353217312704,0.0,80,Permanent water bodies,0.95,126.0,0.9995561393960971
3.0,Gateway_3,42.45985,-9.00278,12.0,1575472551.485813,-120.0,-14.5,11,6646.644830793419,1274.353217312704,0.0,80,Permanent water bodies,0.95,134.0,0.698805788087798
3.0,Gateway_1,42.45985,-9.00275,11.5,1575472559.512547,-107.0,7.0,10,1407.2231083052616,1275.5001860475697,0.0,80,Permanent water bodies,0.95,121.0,0.9998492669249045
3.0,Gateway_2,42.45985,-9.00275,11.5,1575472559.512547,-117.0,-0.2,10,4420.981535820395,1275.5001860475697,0.0,80,Permanent water bodies,0.95,131.0,0.9973147998230462
3.0,Gateway_1,42.45985,-9.00275,11.1,1575472555.844945,-107.0,9.0,9,1407.2406462820502,1275.4966423348142,0.0,80,Permanent water bodies,0.95,121.0,0.9998158942063324
3.0,Gateway_2,42.45985,-9.00275,11.1,1575472555.844945,-113.0,4.8,9,4420.980965811192,1275.4966423348142,0.0,80,Permanent water bodies,0.95,127.0,0.9990121700594687
3.0,Gateway_3,42.45985,-9.00275,11.1,1575472555.844945,-120.0,-11.2,9,6648.058637475541,1275.4966423348142,0.0,80,Permanent water bodies,0.95,134.0,0.40547945202980584
3.0,Gateway_1,42.45998,-9.00227,7.8,1575472574.352535,-115.0,2.8,8,1421.3825585586278,1281.8389889731004,0.0,80,Permanent water bodies,0.95,129.0,0.994023977104994
3.0,Gateway_2,42.45998,-9.00227,7.8,1575472574.352535,-114.0,4.8,8,4409.539938151199,1281.8389889731004,0.0,80,Permanent water bodies,0.95,128.0,0.9973147998230462
3.0,Gateway_1,42.47018,-9.0018,7.1,1575472581.542824,-109.0,7.2,7,961.6990927776052,674.6867722048313,2.0,30,Grassland,0.8,123.0,0.9972052147249632
3.0,Gateway_2,42.47018,-9.0018,7.1,1575472581.542824,-118.0,-2.2,7,3285.6939022572255,674.6867722048313,2.0,30,Grassland,0.8,132.0,0.8799683714885432
3.0,Gateway_1,42.47018,-9.00178,7.0,1575472521.305015,-115.0,-4.8,12,963.3445215583049,676.329681777831,1.0,30,Grassland,0.8,129.0,0.9977118233470779
3.0,Gateway_2,42.47018,-9.00178,7.0,1575472521.305015,-115.0,-1.0,12,3285.889285590795,676.329681777831,1.0,30,Grassland,0.8,129.0,0.9994995485665594
3.0,Gateway_3,42.47018,-9.00178,7.0,1575472521.305015,-120.0,-18.8,12,5797.609481898592,676.329681777831,1.0,30,Grassland,0.8,134.0,0.38121660819385905
3.0,Gateway_1,42.47019,-9.00177,7.0,1575472529.925335,-115.0,-5.8,11,964.2232474407572,677.185317198905,1.0,30,Grassland,0.8,129.0,0.9907209861129352
3.0,Gateway_1,42.47019,-9.00175,5.8,1575472538.005583,-117.0,0.2,10,965.9444903031019,678.8178821170324,1.0,30,Grassland,0.8,131.0,0.9977118233470779
3.0,Gateway_2,42.47019,-9.00175,5.8,1575472538.005583,-114.0,3.8,10,3285.080644670899,678.8178821170324,1.0,30,Grassland,0.8,128.0,0.9994578674341544
3.0,Gateway_1,42.47021,-9.00158,7.0,1575472545.152528,-115.0,0.5,9,979.9105992431136,692.8734626023945,1.0,30,Grassland,0.8,129.0,0.9944834355792392
3.0,Gateway_2,42.47021,-9.00158,7.0,1575472545.152528,-117.0,0.5,9,3284.5816111658764,692.8734626023945,1.0,30,Grassland,0.8,131.0,0.9944834355792392
3.0,Gateway_1,42.47059,-9.00179,7.1,1575472552.757589,-115.0,-1.0,8,966.0042736670933,678.3838232726403,1.0,60,Bare / sparse vegetation,0.7,129.0,0.9726762775527075
3.0,Gateway_2,42.47059,-9.00179,7.1,1575472552.757589,-115.0,0.8,8,3240.5749490266517,678.3838232726403,1.0,60,Bare / sparse vegetation,0.7,129.0,0.9867001164575563
3.0,Gateway_1,42.47059,-9.00179,7.0,1575472550.280852,-115.0,1.0,7,966.0111007349183,678.3827840371576,1.0,60,Bare / sparse vegetation,0.7,129.0,0.9666267300396739
3.0,Gateway_2,42.47059,-9.00179,7.0,1575472550.280852,-115.0,1.5,7,3240.5748857662716,678.3827840371576,1.0,60,Bare / sparse vegetation,0.7,129.0,0.9726762775527075
3.0,Gateway_1,42.47059,-9.00179,7.1,1575472700.00453,-119.0,-5.5,12,966.0042736670933,678.3838232726403,1.0,60,Bare / sparse vegetation,0.7,133.0,0.9969724452546241
3.0,Gateway_2,42.47059,-9.00179,7.1,1575472700.00453,-120.0,-8.5,12,3240.5749490266517,678.3838232726403,1.0,60,Bare / sparse vegetation,0.7,134.0,0.9899481642553665
4.0,Gateway_1,42.45850504150391,-9.012203215552734,52.70000075293945,1587439923.254394,-104.0,7.2,12,1250.1613921583032,1290.756280540576,0.0,80,Permanent water bodies,0.95,118.0,0.9999811688849429
5.0,Gateway_2,42.4705810545875,-9.004071235555738,9.500000381459728,1587529405.250285,-120.0,-15.2,12,3224.3474045023127,491.9146756780793,3.0,60,Bare / sparse vegetation,0.7,134.0,0.8533930378696499
6.0,Gateway_1,42.47055579589844,-9.0014055595157,13.500000381459728,1588552905.337331,-113.0,3.0,12,996.6313734153421,709.608813559695,1.0,30,Grassland,0.8,127.0,0.9998989605981629
6.0,Gateway_2,42.47055579589844,-9.0014055595157,13.500000381459728,1588552905.337331,-120.0,-15.8,12,3248.313608870089,709.608813559695,1.0,30,Grassland,0.8,134.0,0.8136260239605899
6.0,Gateway_1,42.47018432517188,-9.000557435218251,30.10000038145973,1588555180.312558,-120.0,-7.8,12,1062.3836911489725,777.3921215232534,0.0,80,Permanent water bodies,0.95,134.0,0.9924029859724224
6.0,Gateway_2,42.47018432517188,-9.000557435218251,30.10000038145973,1588555180.312558,-121.0,-15.0,12,3298.990932875984,777.3921215232534,0.0,80,Permanent water bodies,0.95,135.0,0.8646647167633873
6.0,Gateway_1,42.4704704284558,-9.00058354858154,31.79999923705055,1588555558.29228,-120.0,-8.8,12,1062.1912446219567,776.8023224947627,0.0,80,Permanent water bodies,0.95,134.0,0.9886665868453326
6.0,Gateway_2,42.4704704284558,-9.00058354858154,31.79999923705055,1588555558.29228,-121.0,-18.5,12,3267.260332994447,776.8023224947627,0.0,80,Permanent water bodies,0.95,135.0,0.4511883639059736
6.0,Gateway_1,42.4703483581543,-9.000505535855234,20.700000752939452,1588557003.299409,-119.0,-5.5,12,1068.097164504656,782.0386839173561,0.0,80,Permanent water bodies,0.95,133.0,0.9969724452546241
6.0,Gateway_2,42.4703483581543,-9.000505535855234,20.700000752939452,1588557003.299409,-120.0,-15.2,12,3281.5589843863095,782.0386839173561,0.0,80,Permanent water bodies,0.95,134.0,0.8533930378696499
6.0,Gateway_2,42.4702033995582,-9.00055594580078,39.79999923705055,1588557514.341482,-120.0,-18.0,12,3297.002242289571,778.0089080273538,0.0,80,Permanent water bodies,0.95,134.0,0.5506710358827784
6.0,Gateway_2,42.459970703125,-9.000595182250978,21.10000038145973,1588558040.911993,-120.0,-20.2,12,4423.6908931707285,1356.4339474169276,0.0,80,Permanent water bodies,0.95,134.0,0.0
6.0,Gateway_2,42.470001220703125,-9.00070858001709,20.5,1588558557.489102,-120.0,-20.0,12,3317.2265489062656,764.3854831315214,0.0,30,Grassland,0.8,134.0,0.0
6.0,Gateway_2,42.45998977551133,-9.00072479248046,19.0,1588559094.081423,-120.0,-21.2,12,4420.4126330137515,1348.605050708062,0.0,80,Permanent water bodies,0.95,134.0,0.0
6.0,Gateway_1,42.47058485938476,-9.004152297973533,31.200000752939452,1588577191.951244,-119.0,-4.2,12,771.7698299549534,486.27331419009664,3.0,60,Bare / sparse vegetation,0.7,133.0,0.9982000564937694
6.0,Gateway_2,42.47058485938476,-9.004152297973533,31.200000752939452,1588577191.951244,-115.0,1.0,12,3223.6161728991033,486.27331419009664,3.0,60,Bare / sparse vegetation,0.7,129.0,0.9997751326758212
4.0,Gateway_1,42.47598211559922,-9.01328182220459,15.100000381459727,1589005415.433549,-90.0,9.0,12,698.1538138073895,717.3797056795684,19.0,30,Grassland,0.8,104.0,0.9999908339122637
4.0,Gateway_2,42.47598211559922,-9.01328182220459,15.100000381459727,1589005415.433549,-94.0,7.5,12,2676.037494710837,717.3797056795684,19.0,30,Grassland,0.8,108.0,0.9999832982992097
4.0,Gateway_3,42.47598211559922,-9.01328182220459,15.100000381459727,1589005415.433549,-104.0,-8.5,12,4693.321879237615,717.3797056795684,19.0,30,Grassland,0.8,118.0,0.9899481642553665
5.0,Gateway_1,42.47584097290039,-9.013202557235328,35.599998474121094,1589005779.383858,-92.0,8.2,12,681.264583054711,701.1463326875794,19.0,30,Grassland,0.8,106.0,0.9999873771260881
5.0,Gateway_2,42.47584097290039,-9.013202557235328,35.599998474121094,1589005779.383858,-94.0,8.0,12,2690.1984829937924,701.1463326875794,19.0,30,Grassland,0.8,108.0,0.9999863258039343
5.0,Gateway_3,42.47584097290039,-9.013202557235328,35.599998474121094,1589005779.383858,-114.0,1.8,12,4709.607289934607,701.1463326875794,19.0,30,Grassland,0.8,128.0,0.9998367128090782
4.0,Gateway_1,42.47590200805554,-9.013228415442873,23.399999518530276,1589008250.255359,-91.0,7.5,12,688.7427593251361,707.7110232287386,19.0,30,Grassland,0.8,105.0,0.9999832982992097
4.0,Gateway_2,42.47590200805554,-9.013228415442873,23.399999518530276,1589008250.255359,-94.0,7.0,12,2683.8847069728477,707.7110232287386,19.0,30,Grassland,0.8,108.0,0.9999796004965888
4.0,Gateway_3,42.47590200805554,-9.013228415442873,23.399999518530276,1589008250.255359,-113.0,2.5,12,4702.9905082111145,707.7110232287386,19.0,30,Grassland,0.8,127.0,0.9998765901959134
5.0,Gateway_1,42.47589437855211,-9.013221740722557,27.700000752939452,1589008520.314254,-92.0,8.0,12,687.6158501651851,706.8754762858573,19.0,30,Grassland,0.8,106.0,0.9999863258039343
5.0,Gateway_2,42.47589437855211,-9.013221740722557,27.700000752939452,1589008520.314254,-93.0,8.0,12,2684.634795005738,706.8754762858573,19.0,30,Grassland,0.8,107.0,0.9999863258039343
5.0,Gateway_3,42.47589437855211,-9.013221740722557,27.700000752939452,1589008520.314254,-113.0,1.0,12,4703.99008818642,706.8754762858573,19.0,30,Grassland,0.8,127.0,0.9997751326758212
4.0,Gateway_1,42.47559301757813,-9.013099570410157,88.19999594824219,1589010091.253305,-89.0,9.0,12,653.2023309669418,677.3077287404102,22.0,30,Grassland,0.8,103.0,0.9999908339122637
4.0,Gateway_2,42.47559301757813,-9.013099570410157,88.19999594824219,1589010091.253305,-95.0,7.0,12,2716.5768948866626,677.3077287404102,22.0,30,Grassland,0.8,109.0,0.9999796004965888
4.0,Gateway_3,42.47559301757813,-9.013099570410157,88.19999594824219,1589010091.253305,-115.0,1.0,12,4736.755694088772,677.3077287404102,22.0,30,Grassland,0.8,129.0,0.9997751326758212
5.0,Gateway_1,42.47590200805554,-9.013251304525456,22.500000381459728,1589010447.259725,-88.0,8.8,12,688.7609338999657,708.3901198049413,19.0,30,Grassland,0.8,102.0,0.9999900704956941
5.0,Gateway_2,42.47590200805554,-9.013251304525456,22.500000381459728,1589010447.259725,-95.0,8.0,12,2684.2648794696393,708.3901198049413,19.0,30,Grassland,0.8,109.0,0.9999863258039343
5.0,Gateway_3,42.47590200805554,-9.013251304525456,22.500000381459728,1589010447.259725,-105.0,-10.8,12,4701.8150157767095,708.3901198049413,19.0,30,Grassland,0.8,119.0,0.9747770251647728
4.0,Gateway_1,42.47702789305541,-9.013158334950939,48.79999923705055,1589011930.259723,-88.0,9.0,12,812.4936369901537,824.1914126085428,20.0,30,Grassland,0.8,102.0,0.9999908339122637
4.0,Gateway_2,42.47702789305541,-9.013158334950939,48.79999923705055,1589011930.259723,-95.0,7.8,12,2560.679824870536,824.1914126085428,20.0,30,Grassland,0.8,109.0,0.9999851869202412
4.0,Gateway_3,42.47702789305541,-9.013158334950939,48.79999923705055,1589011930.259723,-104.0,-11.5,12,4609.783605960469,824.1914126085428,20.0,30,Grassland,0.8,118.0,0.9666267300396739
5.0,Gateway_1,42.47590953745117,-9.013228415442873,22.29999923705055,1589012290.343841,-88.0,8.5,12,689.6566751768269,708.4504194312075,19.0,30,Grassland,0.8,102.0,0.9999888045151574
5.0,Gateway_2,42.47590953745117,-9.013228415442873,22.29999923705055,1589012290.343841,-94.0,7.2,12,2683.0587663802344,708.4504194312075,19.0,30,Grassland,0.8,108.0,0.9999811688849429
5.0,Gateway_3,42.47590953745117,-9.013228415442873,22.29999923705055,1589012290.343841,-114.0,0.8,12,4702.339862784181,708.4504194312075,19.0,30,Grassland,0.8,128.0,0.9997564041357744
4.0,Gateway_1,42.47714514858154,-9.012938499450584,77.9000015258789,1589013750.233805,-88.0,8.2,12,825.890331900773,833.3192955090678,19.0,30,Grassland,0.8,102.0,0.9999873771260881
4.0,Gateway_2,42.47714514858154,-9.012938499450584,77.9000015258789,1589013750.233805,-95.0,7.8,12,2544.8245169790634,833.3192955090678,19.0,30,Grassland,0.8,109.0,0.9999851869202412
4.0,Gateway_3,42.47714514858154,-9.012938499450584,77.9000015258789,1589013750.233805,-115.0,0.2,12,4611.584369836202,833.3192955090678,19.0,30,Grassland,0.8,129.0,0.9996903289645813
5.0,Gateway_1,42.47597057250742,-9.013315200805554,41.5,1589014117.305523,-89.0,9.8,12,695.1316187267431,718.271901331608,19.0,30,Grassland,0.8,103.0,0.9999933440542166
5.0,Gateway_2,42.47597057250742,-9.013315200805554,41.5,1589014117.305523,-94.0,7.2,12,2678.0911161392664,718.271901331608,19.0,30,Grassland,0.8,108.0,0.9999811688849429
5.0,Gateway_3,42.47597057250742,-9.013315200805554,41.5,1589014117.305523,-115.0,-0.5,12,4692.5899523394855,718.271901331608,19.0,30,Grassland,0.8,129.0,0.9995902650210202
4.0,Gateway_1,42.47589437855211,-9.013230323791504,23.79999923705055,1589015507.250034,-89.0,9.0,12,687.8648907272025,706.9982929561644,19.0,30,Grassland,0.8,103.0,0.9999908339122637
4.0,Gateway_2,42.47589437855211,-9.013230323791504,23.79999923705055,1589015507.250034,-95.0,8.5,12,2684.749135841684,706.9982929561644,19.0,30,Grassland,0.8,109.0,0.9999888045151574
4.0,Gateway_3,42.47589437855211,-9.013230323791504,23.79999923705055,1589015507.250034,-115.0,0.2,12,4703.553028844812,706.9982929561644,19.0,30,Grassland,0.8,129.0,0.9996903289645813
5.0,Gateway_1,42.47595541381835,-9.013285590575173,35.400001525878906,1589015948.240305,-89.0,11.2,12,693.7967372184273,715.4669695993302,19.0,30,Grassland,0.8,103.0,0.99999619806344
5.0,Gateway_2,42.47595541381835,-9.013285590575173,35.400001525878906,1589015948.240305,-95.0,9.0,12,2679.1569047660137,715.4669695993302,19.0,30,Grassland,0.8,109.0,0.9999908339122637
5.0,Gateway_3,42.47595541381835,-9.013285590575173,35.400001525878906,1589015948.240305,-115.0,1.0,12,4695.416974900172,715.4669695993302,19.0,30,Grassland,0.8,129.0,0.9997751326758212
4.0,Gateway_1,42.47579901123047,-9.013172149558203,52.29999923705055,1589017435.311357,-89.0,9.2,12,675.975065946495,696.9479005792793,19.0,30,Grassland,0.8,103.0,0.9999915386345782
4.0,Gateway_2,42.47579901123047,-9.013172149558203,52.29999923705055,1589017435.311357,-95.0,8.5,12,2694.496301068826,696.9479005792793,19.0,30,Grassland,0.8,109.0,0.9999888045151574
4.0,Gateway_3,42.47579901123047,-9.013172149558203,52.29999923705055,1589017435.311357,-115.0,0.2,12,4714.854625099597,696.9479005792793,19.0,30,Grassland,0.8,129.0,0.9996903289645813
5.0,Gateway_2,42.47577230834951,-9.013250841359527,35.900001525878906,1589017777.309849,-95.0,9.0,12,2698.478400948343,695.6257986847888,19.0,30,Grassland,0.8,109.0,0.9999908339122637
5.0,Gateway_3,42.47577230834951,-9.013250841359527,35.900001525878906,1589017777.309849,-115.0,0.0,12,4713.086287196924,695.6257986847888,19.0,30,Grassland,0.8,129.0,0.9996645373720975
4.0,Gateway_1,42.4757951955332,-9.013259424438475,25.500000381459728,1589019257.250788,-88.0,8.5,12,676.698844904187,697.7831669217768,19.0,30,Grassland,0.8,102.0,0.9999888045151574
4.0,Gateway_2,42.4757951955332,-9.013259424438475,25.500000381459728,1589019257.250788,-94.0,7.0,12,2696.0353076196743,697.7831669217768,19.0,30,Grassland,0.8,108.0,0.9999796004965888
4.0,Gateway_3,42.4757951955332,-9.013259424438475,25.500000381459728,1589019257.250788,-115.0,-0.8,12,4710.659647707875,697.7831669217768,19.0,30,Grassland,0.8,129.0,0.9995380251012184
5.0,Gateway_1,42.47590200805554,-9.013213157553809,19.5,1589019513.309449,-89.0,8.0,12,689.0689224395333,707.1229958439988,19.0,30,Grassland,0.8,103.0,0.9999863258039343
5.0,Gateway_2,42.47590200805554,-9.013213157553809,19.5,1589019513.309449,-94.0,7.5,12,2683.60406763395,707.1229958439988,19.0,30,Grassland,0.8,108.0,0.9999832982992097
5.0,Gateway_3,42.47590200805554,-9.013213157553809,19.5,1589019513.309449,-115.0,-1.2,12,4703.783292625071,707.1229958439988,19.0,30,Grassland,0.8,129.0,0.9994578674341544
4.0,Gateway_1,42.47585004538572,-9.013222594395971,22.10000038145973,1589021102.297545,-88.0,8.2,12,683.0963474542123,702.1443065174966,19.0,30,Grassland,0.8,102.0,0.9999873771260881
4.0,Gateway_2,42.47585004538572,-9.013222594395971,22.10000038145973,1589021102.297545,-94.0,7.0,12,2689.42818299749,702.1443065174966,19.0,30,Grassland,0.8,108.0,0.9999796004965888
4.0,Gateway_3,42.47585004538572,-9.013222594395971,22.10000038145973,1589021102.297545,-115.0,-0.2,12,4707.796957268724,702.1443065174966,19.0,30,Grassland,0.8,129.0,0.999636597673505
5.0,Gateway_1,42.47571890258789,-9.013553755187989,53.900001525878906,1589021439.335505,-89.0,9.5,12,666.7011943509794,701.3401896054387,19.0,30,Grassland,0.8,103.0,0.9999924954420849
5.0,Gateway_2,42.47571890258789,-9.013553755187989,53.900001525878906,1589021439.335505,-93.0,8.5,12,2709.741178874537,701.3401896054387,19.0,30,Grassland,0.8,107.0,0.9999888045151574
5.0,Gateway_3,42.47571890258789,-9.013553755187989,53.900001525878906,1589021439.335505,-104.0,-12.0,12,4702.2966913300925,701.3401896054387,19.0,30,Grassland,0.8,118.0,0.9592377960216338
5.0,Gateway_1,42.47591345214844,-9.013184547424316,25.79999923705055,1589050285.25445,-90.0,10.0,12,689.9466067743567,707.6291366265477,19.0,30,Grassland,0.8,104.0,0.9999938557876467
5.0,Gateway_2,42.47591345214844,-9.013184547424316,25.79999923705055,1589050285.25445,-97.0,7.0,12,2681.9210473384346,707.6291366265477,19.0,30,Grassland,0.8,111.0,0.9999796004965888
5.0,Gateway_3,42.47591345214844,-9.013184547424316,25.79999923705055,1589050285.25445,-115.0,0.0,12,4704.253034373409,707.6291366265477,19.0,30,Grassland,0.8,129.0,0.9996645373720975
4.0,Gateway_1,42.47557775878905,-9.012940405799316,78.0999984741211,1589050853.297155,-88.0,8.0,12,652.0623013549362,669.6728376305687,22.0,10,Tree,0.9,102.0,0.9999863258039343
4.0,Gateway_2,42.47557775878905,-9.012940405799316,78.0999984741211,1589050853.297155,-95.0,5.8,12,2715.380776549364,669.6728376305687,22.0,10,Tree,0.9,109.0,0.9999670328847198
4.0,Gateway_3,42.47557775878905,-9.012940405799316,78.0999984741211,1589050853.297155,-115.0,-0.2,12,4746.136254502405,669.6728376305687,22.0,10,Tree,0.9,129.0,0.999636597673505
5.0,Gateway_1,42.47580282592773,-9.013182540075585,45.900001525878906,1589052111.288483,-90.0,10.2,12,676.5961571172679,697.2090922860351,19.0,30,Grassland,0.8,104.0,0.999994328177141
5.0,Gateway_2,42.47580282592773,-9.013182540075585,45.900001525878906,1589052111.288483,-97.0,7.2,12,2694.1496539373657,697.2090922860351,19.0,30,Grassland,0.8,111.0,0.9999811688849429
5.0,Gateway_3,42.47580282592773,-9.013182540075585,45.900001525878906,1589052111.288483,-115.0,0.5,12,4713.965334674709,697.2090922860351,19.0,30,Grassland,0.8,129.0,0.9997253464300279
4.0,Gateway_1,42.47559219970703,-9.013097753051523,43.0,1589052700.291702,-89.0,9.5,12,653.6301314839917,672.7752040925677,22.0,30,Grassland,0.8,103.0,0.9999924954420849
4.0,Gateway_2,42.47559219970703,-9.013097753051523,43.0,1589052700.291702,-97.0,5.8,12,2715.627774729994,672.7752040925677,22.0,30,Grassland,0.8,111.0,0.9999670328847198
4.0,Gateway_3,42.47559219970703,-9.013097753051523,43.0,1589052700.291702,-115.0,1.0,12,4736.5897075532375,672.7752040925677,22.0,30,Grassland,0.8,129.0,0.9997751326758212
5.0,Gateway_1,42.47589437855211,-9.01320743550791,28.500000381459728,1589053945.355191,-89.0,10.0,12,687.5967311449865,706.4672296365716,19.0,30,Grassland,0.8,103.0,0.9999938557876467
5.0,Gateway_2,42.47589437855211,-9.01320743550791,28.500000381459728,1589053945.355191,-95.0,7.8,12,2684.4012672230165,706.4672296365716,19.0,30,Grassland,0.8,109.0,0.9999851869202412
5.0,Gateway_3,42.47589437855211,-9.01320743550791,28.500000381459728,1589053945.355191,-104.0,-11.2,12,4704.725430727593,706.4672296365716,19.0,30,Grassland,0.8,118.0,0.970400564832108
4.0,Gateway_1,42.47573797507422,-9.013050559753184,40.20000075293945,1589054527.291557,-89.0,10.8,12,670.1013095768833,686.1570717461448,20.0,30,Grassland,0.8,103.0,0.9999955383861161
4.0,Gateway_2,42.47573797507422,-9.013050559753184,40.20000075293945,1589054527.291557,-95.0,7.0,12,2698.9503018112573,686.1570717461448,20.0,30,Grassland,0.8,109.0,0.9999796004965888
4.0,Gateway_3,42.47573797507422,-9.013050559753184,40.20000075293945,1589054527.291557,-115.0,1.0,12,4726.357999300705,686.1570717461448,20.0,30,Grassland,0.8,129.0,0.9997751326758212
5.0,Gateway_1,42.47585757578125,-9.013215972351073,27.0,1589055757.919544,-89.0,9.2,12,683.5981135186667,702.8845930877637,19.0,30,Grassland,0.8,103.0,0.9999915386345782
5.0,Gateway_2,42.47585757578125,-9.013215972351073,27.0,1589055757.919544,-95.0,7.2,12,2688.5337747888575,702.8845930877637,19.0,30,Grassland,0.8,109.0,0.9999811688849429
5.0,Gateway_3,42.47585757578125,-9.013215972351073,27.0,1589055757.919544,-115.0,0.0,12,4707.477613791561,702.8845930877637,19.0,30,Grassland,0.8,129.0,0.9996645373720975
4.0,Gateway_1,42.47588574925758,-9.013213157553809,33.79999923705055,1589055357.277337,-88.0,7.8,12,686.303964338871,705.9888450101348,19.0,30,Grassland,0.8,102.0,0.9999851869202412
4.0,Gateway_2,42.47588574925758,-9.013213157553809,33.79999923705055,1589055357.277337,-95.0,7.0,12,2685.487290471788,705.9888450101348,19.0,30,Grassland,0.8,109.0,0.9999796004965888
4.0,Gateway_3,42.47588574925758,-9.013213157553809,33.79999923705055,1589055357.277337,-115.0,0.5,12,4705.179138439651,705.9888450101348,19.0,30,Grassland,0.8,129.0,0.9997253464300279
5.0,Gateway_1,42.47587149047852,-9.01319594519043,25.700000752939452,1589057570.332288,-89.0,8.5,12,685.2764267752216,703.6502625987915,19.0,30,Grassland,0.8,103.0,0.9999888045151574
5.0,Gateway_2,42.47587149047852,-9.01319594519043,25.700000752939452,1589057570.332288,-95.0,8.0,12,2686.6745292867677,703.6502625987915,19.0,30,Grassland,0.8,109.0,0.9999863258039343
5.0,Gateway_3,42.47587149047852,-9.01319594519043,25.700000752939452,1589057570.332288,-115.0,0.8,12,4707.302403603923,703.6502625987915,19.0,30,Grassland,0.8,129.0,0.9997564041357744
4.0,Gateway_1,42.47571508789053,-9.01315589085914,10.500000381459728,1589058187.259959,-89.0,9.2,12,669.3127208486359,685.9243054139943,19.0,30,Grassland,0.8,103.0,0.9999915386345782
4.0,Gateway_2,42.47571508789053,-9.01315589085914,10.500000381459728,1589058187.259959,-95.0,7.0,12,2702.947610766059,685.9243054139943,19.0,30,Grassland,0.8,109.0,0.9999796004965888
4.0,Gateway_3,42.47571508789053,-9.01315589085914,10.500000381459728,1589058187.259959,-115.0,0.8,12,4722.967005665392,685.9243054139943,19.0,30,Grassland,0.8,129.0,0.9997564041357744
5.0,Gateway_1,42.4759172558457,-9.013253211975098,27.29999923705055,1589059383.225248,-90.0,10.5,12,690.1115047666082,710.1853637213627,19.0,30,Grassland,0.8,104.0,0.9999949695443929
5.0,Gateway_2,42.4759172558457,-9.013253211975098,27.29999923705055,1589059383.225248,-95.0,8.0,12,2682.67519865568,710.1853637213627,19.0,30,Grassland,0.8,109.0,0.9999863258039343
5.0,Gateway_3,42.4759172558457,-9.013253211975098,27.29999923705055,1589059383.225248,-115.0,0.5,12,4700.388938617064,710.1853637213627,19.0,30,Grassland,0.8,129.0,0.9997253464300279
4.0,Gateway_1,42.47588574925758,-9.013222594395971,22.0,1589050028.284415,-89.0,9.0,12,687.0573953506744,705.8133730942162,19.0,30,Grassland,0.8,103.0,0.9999908339122637
4.0,Gateway_2,42.47588574925758,-9.013222594395971,22.0,1589050028.284415,-95.0,7.5,12,2685.5452828145826,705.8133730942162,19.0,30,Grassland,0.8,109.0,0.9999832982992097
4.0,Gateway_3,42.47588574925758,-9.013222594395971,22.0,1589050028.284415,-115.0,0.0,12,4704.701602885525,705.8133730942162,19.0,30,Grassland,0.8,129.0,0.9996645373720975
5.0,Gateway_1,42.47589819335938,-9.013293255295387,29.899999518530276,1589051202.29495,-89.0,9.5,12,687.7618366636934,709.5812300127668,19.0,30,Grassland,0.8,103.0,0.9999924954420849
5.0,Gateway_2,42.47589819335938,-9.013293255295387,29.899999518530276,1589051202.29495,-95.0,7.8,12,2685.4489677244364,709.5812300127668,19.0,30,Grassland,0.8,109.0,0.9999851869202412
5.0,Gateway_3,42.47589819335938,-9.013293255295387,29.899999518530276,1589051202.29495,-115.0,-0.2,12,4699.982265944283,709.5812300127668,19.0,30,Grassland,0.8,129.0,0.999636597673505
4.0,Gateway_1,42.4759172558457,-9.01317310333252,21.200000752939452,1589051850.279218,-89.0,8.5,12,690.7280589652828,707.5210547462208,19.0,30,Grassland,0.8,103.0,0.9999888045151574
4.0,Gateway_2,42.4759172558457,-9.01317310333252,21.200000752939452,1589051850.279218,-95.0,7.2,12,2681.284134707634,707.5210547462208,19.0,30,Grassland,0.8,109.0,0.9999811688849429
4.0,Gateway_3,42.4759172558457,-9.01317310333252,21.200000752939452,1589051850.279218,-115.0,0.0,12,4704.520176746168,707.5210547462208,19.0,30,Grassland,0.8,129.0,0.9996645373720975
5.0,Gateway_1,42.47581427001953,-9.013201713552013,29.899999518530276,1589053020.272924,-89.0,8.8,12,678.6444161768474,698.1088530809001,19.0,30,Grassland,0.8,103.0,0.9999900704956941
5.0,Gateway_2,42.47581427001953,-9.013201713552013,29.899999518530276,1589053020.272924,-94.0,7.2,12,2693.0296216797947,698.1088530809001,19.0,30,Grassland,0.8,108.0,0.9999811688849429
5.0,Gateway_3,42.47581427001953,-9.013201713552013,29.899999518530276,1589053020.272924,-105.0,-11.0,12,4711.964267884245,698.1088530809001,19.0,30,Grassland,0.8,119.0,0.9726762775527075
4.0,Gateway_1,42.47579138183594,-9.013282775878904,50.400001525878906,1589053703.230304,-88.0,8.0,12,674.942764774203,699.4848991515737,19.0,30,Grassland,0.8,102.0,0.9999863258039343
4.0,Gateway_2,42.47579138183594,-9.013282775878904,50.400001525878906,1589053703.230304,-94.0,7.2,12,2697.1481415550707,699.4848991515737,19.0,30,Grassland,0.8,108.0,0.9999811688849429
4.0,Gateway_3,42.47579138183594,-9.013282775878904,50.400001525878906,1589053703.230304,-115.0,0.0,12,4709.829736867538,699.4848991515737,19.0,30,Grassland,0.8,129.0,0.9996645373720975
5.0,Gateway_1,42.4759287109375,-9.01307487487793,25.399999518530276,1589054843.225024,-89.0,8.5,12,692.0075514642655,705.9077926617281,20.0,30,Grassland,0.8,103.0,0.9999888045151574
5.0,Gateway_2,42.4759287109375,-9.01307487487793,25.399999518530276,1589054843.225024,-94.0,5.8,12,2678.4353674716676,705.9077926617281,20.0,30,Grassland,0.8,108.0,0.9999670328847198
5.0,Gateway_3,42.4759287109375,-9.01307487487793,25.399999518530276,1589054843.225024,-115.0,0.5,12,4708.584984001756,705.9077926617281,20.0,30,Grassland,0.8,129.0,0.9997253464300279
4.0,Gateway_1,42.47590200805554,-9.013175918029784,18.399999518530276,1589055537.215347,-88.0,7.5,12,689.2485457315723,705.9548606984343,19.0,30,Grassland,0.8,102.0,0.9999832982992097
4.0,Gateway_2,42.47590200805554,-9.013175918029784,18.399999518530276,1589055537.215347,-94.0,7.5,12,2682.97410031629,705.9548606984343,19.0,30,Grassland,0.8,108.0,0.9999832982992097
4.0,Gateway_3,42.47590200805554,-9.013175918029784,18.399999518530276,1589055537.215347,-115.0,-0.8,12,4705.70256274791,705.9548606984343,19.0,30,Grassland,0.8,129.0,0.9995380251012184
5.0,Gateway_1,42.47702025357188,-9.01325847075415,25.500000381459728,1589055584.315055,-90.0,8.2,12,812.4729336034436,824.9734667215453,20.0,30,Grassland,0.8,104.0,0.9999873771260881
5.0,Gateway_2,42.47702025357188,-9.01325847075415,25.500000381459728,1589055584.315055,-95.0,8.5,12,2562.978099740841,824.9734667215453,20.0,30,Grassland,0.8,109.0,0.9999888045151574
5.0,Gateway_3,42.47702025357188,-9.01325847075415,25.500000381459728,1589055584.315055,-115.0,1.0,12,4605.145451486427,824.9734667215453,20.0,30,Grassland,0.8,129.0,0.9997751326758212
4.0,Gateway_1,42.47585523158945,-9.013211250305176,37.29999923705055,1589057354.258073,-89.0,10.5,12,682.7334531600887,702.9687066271207,19.0,30,Grassland,0.8,103.0,0.9999949695443929
4.0,Gateway_2,42.47585523158945,-9.013211250305176,37.29999923705055,1589057354.258073,-95.0,7.5,12,2688.8134665546268,702.9687066271207,19.0,30,Grassland,0.8,109.0,0.9999832982992097
4.0,Gateway_3,42.47585523158945,-9.013211250305176,37.29999923705055,1589057354.258073,-115.0,1.0,12,4707.9261086444085,702.9687066271207,19.0,30,Grassland,0.8,129.0,0.9997751326758212
5.0,Gateway_1,42.47594778442383,-9.013240814208984,27.29999923705055,1589058498.271752,-89.0,8.8,12,693.5188988064803,712.9434353721194,19.0,30,Grassland,0.8,103.0,0.9999900704956941
5.0,Gateway_2,42.47594778442383,-9.013240814208984,27.29999923705055,1589058498.271752,-94.0,8.0,12,2679.1469581810115,712.9434353721194,19.0,30,Grassland,0.8,108.0,0.9999863258039343
5.0,Gateway_3,42.47594778442383,-9.013240814208984,27.29999923705055,1589058498.271752,-105.0,-12.0,12,4698.3812254775585,712.9434353721194,19.0,30,Grassland,0.8,119.0,0.9592377960216338
4.0,Gateway_1,42.47589819335938,-9.01321792502539,30.5,1589059199.301983,-89.0,8.2,12,687.8684887138559,707.265741639435,19.0,30,Grassland,0.8,103.0,0.9999873771260881
4.0,Gateway_2,42.47589819335938,-9.01321792502539,30.5,1589059199.301983,-95.0,5.2,12,2684.1809720175997,707.265741639435,19.0,30,Grassland,0.8,109.0,0.9999580905827115
4.0,Gateway_3,42.47589819335938,-9.01321792502539,30.5,1589059199.301983,-114.0,-0.2,12,4703.85459419657,707.265741639435,19.0,30,Grassland,0.8,128.0,0.999636597673505
5.0,Gateway_1,42.47573415137595,-9.012335730957032,22.0,1589070339.380038,-97.0,8.5,12,676.247437742609,665.658057198994,22.0,10,Tree,0.9,111.0,0.9999888045151574
5.0,Gateway_2,42.47573415137595,-9.012335730957032,22.0,1589070339.380038,-113.0,3.0,12,2688.1534042596595,665.658057198994,22.0,10,Tree,0.9,127.0,0.9998989605981629
5.0,Gateway_3,42.47573415137595,-9.012335730957032,22.0,1589070339.380038,-107.0,4.2,12,4763.6732308256,665.658057198994,22.0,10,Tree,0.9,121.0,0.9999374784962252
5.0,Gateway_2,42.47574179077149,-9.010150445155992,25.5,1589072282.278025,-118.0,-1.5,12,2661.366423213661,638.4417530665663,15.0,10,Tree,0.9,132.0,0.9993887472388704
4.0,Gateway_1,42.47232437133789,-9.007578985595703,32.099998474121094,1589073147.332999,-121.0,-17.2,12,564.33762573195,327.62081816173367,15.0,30,Grassland,0.8,135.0,0.6737202053769606
4.0,Gateway_3,42.47232437133789,-9.007578985595703,32.099998474121094,1589073147.332999,-120.0,-15.8,12,5304.859946351319,327.62081816173367,15.0,30,Grassland,0.8,134.0,0.8136260239605899
5.0,Gateway_2,42.470489501953125,-9.004189491271973,25.0,1589074152.288451,-120.0,-15.0,12,3233.9603084319297,481.5775980099838,3.0,60,Bare / sparse vegetation,0.7,134.0,0.8646647167633873
4.0,Gateway_1,42.47055815550391,-9.004055457285155,-2.799999952315284,1589075005.285414,-121.0,-10.8,12,781.8622230181716,492.79085577367135,3.0,60,Bare / sparse vegetation,0.7,135.0,0.9747770251647728
4.0,Gateway_2,42.47055815550391,-9.004055457285155,-2.799999952315284,1589075005.285414,-109.0,3.5,12,3226.9741988229407,492.79085577367135,3.0,60,Bare / sparse vegetation,0.7,123.0,0.9999172759344434
5.0,Gateway_1,42.47050012817383,-9.00390911102295,25.200000752939452,1589075979.320795,-120.0,-14.8,12,790.8419770558107,504.60340008193214,-1.0,60,Bare / sparse vegetation,0.7,134.0,0.8750697878014175
5.0,Gateway_2,42.47050012817383,-9.00390911102295,25.200000752939452,1589075979.320795,-110.0,5.8,12,3234.2432352741243,504.60340008193214,-1.0,60,Bare / sparse vegetation,0.7,124.0,0.9999670328847198
4.0,Gateway_2,42.47055353393555,-9.004009245825172,40.0,1589075847.319322,-108.0,3.2,12,3227.9095788747222,498.0981503010648,3.0,60,Bare / sparse vegetation,0.7,122.0,0.9999067288765351
5.0,Gateway_1,42.47054290771485,-9.003805150522451,25.399999518530276,1589077809.293127,-120.0,-15.8,12,799.8419513646021,513.637172396815,-1.0,60,Bare / sparse vegetation,0.7,134.0,0.8136260239605899
5.0,Gateway_2,42.47054290771485,-9.003805150522451,25.399999518530276,1589077809.293127,-110.0,3.5,12,3230.086938944287,513.637172396815,-1.0,60,Bare / sparse vegetation,0.7,124.0,0.9999172759344434
5.0,Gateway_1,42.47053527832031,-9.003502981557382,23.399999518530276,1589079532.289534,-120.0,-15.2,12,824.5152392055938,538.1088026157216,-2.0,80,Permanent water bodies,0.95,134.0,0.8533930378696499
5.0,Gateway_2,42.47053527832031,-9.003502981557382,23.399999518530276,1589079532.289534,-110.0,3.8,12,3232.744361679106,538.1088026157216,-2.0,80,Permanent water bodies,0.95,124.0,0.9999266303356495
5.0,Gateway_1,42.4705924987793,-9.00397777557373,9.300000190734853,1589081475.337852,-118.0,-15.5,12,787.5640991237273,499.69581550153856,3.0,60,Bare / sparse vegetation,0.7,132.0,0.8347011117784134
5.0,Gateway_2,42.4705924987793,-9.00397777557373,9.300000190734853,1589081475.337852,-108.0,3.8,12,3223.571448225648,499.69581550153856,3.0,60,Bare / sparse vegetation,0.7,122.0,0.9999266303356495
4.0,Gateway_1,42.47054590454102,-9.004117012023926,22.5,1589082254.292203,-120.0,-14.0,12,774.6388914509351,488.10919865841333,3.0,60,Bare / sparse vegetation,0.7,134.0,0.9092820467105875
4.0,Gateway_2,42.47054590454102,-9.004117012023926,22.5,1589082254.292203,-107.0,4.5,12,3228.054062596905,488.10919865841333,3.0,60,Bare / sparse vegetation,0.7,121.0,0.9999445484005678
5.0,Gateway_1,42.47054572241211,-9.004111289978027,-4.199999809255137,1589083313.379501,-121.0,-12.5,12,777.2990831604817,488.07281832815073,3.0,60,Bare / sparse vegetation,0.7,135.0,0.950212931632136
5.0,Gateway_2,42.47054572241211,-9.004111289978027,-4.199999809255137,1589083313.379501,-109.0,4.8,12,3228.068997416502,488.07281832815073,3.0,60,Bare / sparse vegetation,0.7,123.0,0.9999508188432149
4.0,Gateway_1,42.47042083740234,-9.004105521505444,35.900001525878906,1589084109.377759,-121.0,-12.0,12,773.2968849901831,488.32053337126075,3.0,60,Bare / sparse vegetation,0.7,135.0,0.9592377960216338
4.0,Gateway_2,42.47042083740234,-9.004105521505444,35.900001525878906,1589084109.377759,-105.0,4.2,12,3242.0784794941865,488.32053337126075,3.0,60,Bare / sparse vegetation,0.7,119.0,0.9999374784962252
5.0,Gateway_1,42.47050775755835,-9.0038423538208,25.10000038145973,1589085135.323995,-120.0,-10.5,12,796.3877418564052,510.1415861098407,-1.0,60,Bare / sparse vegetation,0.7,134.0,0.9776292281438345
5.0,Gateway_2,42.47050775755835,-9.0038423538208,25.10000038145973,1589085135.323995,-108.0,3.8,12,3233.76885486121,510.1415861098407,-1.0,60,Bare / sparse vegetation,0.7,122.0,0.9999266303356495
5.0,Gateway_1,42.47050094504492,-9.004080772399902,25.0,1589085953.270822,-120.0,-20.0,12,776.8603025819128,490.59287753847786,3.0,60,Bare / sparse vegetation,0.7,134.0,0.0
5.0,Gateway_2,42.47050094504492,-9.004080772399902,25.0,1589085953.270822,-109.0,4.8,12,3233.2381608994256,490.59287753847786,3.0,60,Bare / sparse vegetation,0.7,123.0,0.9999508188432149
5.0,Gateway_1,42.47053527832031,-9.003928184509277,25.200000752939452,1589088755.257145,-120.0,-14.0,12,789.7237790209431,503.49240508953903,-1.0,60,Bare / sparse vegetation,0.7,134.0,0.9092820467105875
5.0,Gateway_2,42.47053527832031,-9.003928184509277,25.200000752939452,1589088755.257145,-109.0,4.5,12,3230.2428676239147,503.49240508953903,-1.0,60,Bare / sparse vegetation,0.7,123.0,0.9999445484005678
4.0,Gateway_1,42.470458984375,-9.003999710083008,-15.300000190734853,1589089552.383122,-120.0,-13.0,12,786.47043726298,496.314675477894,3.0,60,Bare / sparse vegetation,0.7,134.0,0.9391899373747821
4.0,Gateway_2,42.470458984375,-9.003999710083008,-15.300000190734853,1589089552.383122,-105.0,4.0,12,3238.3149518702203,496.314675477894,3.0,60,Bare / sparse vegetation,0.7,119.0,0.9999322712635091
5.0,Gateway_1,42.47053445044922,-9.004094123840332,-3.0999999045325586,1589090505.29334,-120.0,-13.5,12,778.4391995324476,489.3119174236211,3.0,60,Bare / sparse vegetation,0.7,134.0,0.9257264217856661
5.0,Gateway_2,42.47053445044922,-9.004094123840332,-3.0999999045325586,1589090505.29334,-109.0,3.2,12,3229.4033468264897,489.3119174236211,3.0,60,Bare / sparse vegetation,0.7,123.0,0.9999067288765351
5.0,Gateway_1,42.47058858408203,-9.00405255258789,14.899999518530272,1589092424.44887,-121.0,-10.2,12,780.9918093746288,493.68113149413955,3.0,60,Bare / sparse vegetation,0.7,135.0,0.9801589052556298
5.0,Gateway_2,42.47058858408203,-9.00405255258789,14.899999518530272,1589092424.44887,-110.0,5.8,12,3223.621819250225,493.68113149413955,3.0,60,Bare / sparse vegetation,0.7,124.0,0.9999670328847198
5.0,Gateway_1,42.470452799072255,-9.003942489524023,23.399999518530276,1589093352.237883,-120.0,-13.5,12,787.669484257456,501.2368522015932,3.0,60,Bare / sparse vegetation,0.7,134.0,0.9257264217856661
5.0,Gateway_2,42.470452799072255,-9.003942489524023,23.399999518530276,1589093352.237883,-110.0,4.5,12,3239.2960044000774,501.2368522015932,3.0,60,Bare / sparse vegetation,0.7,124.0,0.9999445484005678
5.0,Gateway_1,42.47059531347555,-9.004050254821777,1.7000000475837158,1589095188.259441,-119.0,-13.5,12,782.3638140538422,493.7459893994425,7.0,60,Bare / sparse vegetation,0.7,133.0,0.9257264217856661
5.0,Gateway_2,42.47059531347555,-9.004050254821777,1.7000000475837158,1589095188.259441,-109.0,4.8,12,3222.874288836997,493.7459893994425,7.0,60,Bare / sparse vegetation,0.7,123.0,0.9999508188432149
7.0,Gateway_1,42.47781753540039,-9.013547079457773,22.500000381459728,1589595495.438987,-119.0,-5.8,12,900.9462634026892,916.3467783624307,17.0,30,Grassland,0.8,133.0,0.9965864415566046
7.0,Gateway_2,42.47781753540039,-9.013547079457773,22.500000381459728,1589595495.438987,-118.0,-3.2,12,2481.947731064262,916.3467783624307,17.0,30,Grassland,0.8,132.0,0.998793461786042
7.0,Gateway_3,42.47781753540039,-9.013547079457773,22.500000381459728,1589595495.438987,-119.0,-15.2,12,4521.984978298434,916.3467783624307,17.0,30,Grassland,0.8,133.0,0.8533930378696499
7.0,Gateway_1,42.4777945472158,-9.01359857788085,25.10000038145973,1589595435.222335,-117.0,-3.8,12,898.3020241408825,915.3552118112532,17.0,30,Grassland,0.8,131.0,0.9984661893206755
7.0,Gateway_2,42.4777945472158,-9.01359857788085,25.10000038145973,1589595435.222335,-118.0,-5.5,12,2485.436422504761,915.3552118112532,17.0,30,Grassland,0.8,132.0,0.9969724452546241
