latitude,longitude,elevation,land_cover,land_cover_label,distance_to_start,distance_to_destination,RSSI,SNR,PDR,latency_ms,path_loss,terrain_penalty,DEVID,Time,closest_gateway
28.98947,50.836233,3,50,Built-up,95.09033969696632,531.6727792946747,-101,8.5,0.2,100.0,115,0.6,'bbc20572986ac467',2022-10-16 11:43:07,Gateway_24e124fffef06fd1
28.989453,50.836219,3,50,Built-up,93.63007877091042,531.2567281810423,-96,6.8,1.0,100.0,110,0.6,'bbc20572986ac467',2022-10-16 11:43:13,Gateway_24e124fffef06fd1
28.98947,50.836188,3,50,Built-up,96.29385470153372,534.7100158584062,-96,8.8,1.0,100.0,110,0.6,'bbc20572986ac467',2022-10-16 11:43:19,Gateway_24e124fffef06fd1
28.989456,50.836189,3,50,Built-up,94.78336111739183,533.5271975325985,-96,6.2,1.0,100.0,110,0.6,'bbc20572986ac467',2022-10-16 11:43:25,Gateway_24e124fffef06fd1
28.989465,50.836227,3,50,Built-up,94.70484301780033,531.6762268654353,-96,-3.0,0.7,100.0,110,0.6,'bbc20572986ac467',2022-10-16 11:43:31,Gateway_24e124fffef06fd1
28.989461,50.836194,3,50,Built-up,95.16846860647645,533.5864005081094,-102,4.8,0.9,100.0,116,0.6,'bbc20572986ac467',2022-10-16 11:43:46,Gateway_24e124fffef06fd1
28.989459,50.836175,3,50,Built-up,95.51637872952683,534.7161225542854,-97,9.0,1.0,100.0,111,0.6,'bbc20572986ac467',2022-10-16 11:43:49,Gateway_24e124fffef06fd1
28.989458,50.83617,3,50,Built-up,95.56395813569321,534.9764880064895,-94,1.5,0.7,100.0,108,0.6,'bbc20572986ac467',2022-10-16 11:44:00,Gateway_24e124fffef06fd1
28.989463,50.836212,3,50,Built-up,94.88272450632002,532.5283592181755,-99,6.5,1.0,100.0,113,0.6,'bbc20572986ac467',2022-10-16 11:44:07,Gateway_24e124fffef06fd1
28.989459,50.836216,3,50,Built-up,94.34955455232931,531.9386169255146,-93,-4.0,0.7,100.0,107,0.6,'bbc20572986ac467',2022-10-16 11:44:13,Gateway_24e124fffef06fd1
28.989461,50.83622,3,50,Built-up,94.45754257377425,531.8283358124854,-91,8.0,1.0,100.0,105,0.6,'bbc20572986ac467',2022-10-16 11:44:19,Gateway_24e124fffef06fd1
28.989464,50.836221,3,50,Built-up,94.75190168126947,532.000753002479,-95,3.2,0.784,100.0,109,0.6,'bbc20572986ac467',2022-10-16 11:44:25,Gateway_24e124fffef06fd1
28.989459,50.836224,3,50,Built-up,94.1399684602424,531.3984746197583,-87,1.2,0.7,100.0,101,0.6,'bbc20572986ac467',2022-10-16 11:44:31,Gateway_24e124fffef06fd1
28.989456,50.836221,3,50,Built-up,93.89755013617837,531.3612145502162,-89,0.5,0.7,100.0,103,0.6,'bbc20572986ac467',2022-10-16 11:44:37,Gateway_24e124fffef06fd1
28.98945,50.836216,3,50,Built-up,93.39022992386019,531.2201425984086,-90,9.5,1.0,100.0,104,0.6,'bbc20572986ac467',2022-10-16 11:44:43,Gateway_24e124fffef06fd1
28.989448,50.836213,3,50,Built-up,93.25829722736495,531.2636455909869,-84,-4.5,0.7,100.0,98,0.6,'bbc20572986ac467',2022-10-16 11:44:49,Gateway_24e124fffef06fd1
28.989446,50.836209,3,50,Built-up,93.15520216661896,531.3751454299664,-90,1.5,0.7,100.0,104,0.6,'bbc20572986ac467',2022-10-16 11:44:55,Gateway_24e124fffef06fd1
28.989443,50.836213,3,50,Built-up,92.72625392038275,530.8651470661922,-90,2.5,0.7,100.0,104,0.6,'bbc20572986ac467',2022-10-16 11:45:01,Gateway_24e124fffef06fd1
28.989445,50.836211,3,50,Built-up,92.99379158399161,531.1599811852574,-94,9.0,1.0,100.0,108,0.6,'bbc20572986ac467',2022-10-16 11:45:07,Gateway_24e124fffef06fd1
28.989443,50.836194,3,50,Built-up,93.26272699439531,532.1539703312751,-97,5.5,1.0,100.0,111,0.6,'bbc20572986ac467',2022-10-16 11:45:13,Gateway_24e124fffef06fd1
28.989444,50.836152,3,50,Built-up,94.67084649518732,535.0937285802976,-93,-9.0,0.7,100.0,107,0.6,'bbc20572986ac467',2022-10-16 11:45:25,Gateway_24e124fffef06fd1
28.989403,50.836134,3,50,Built-up,91.04139297338645,533.0997807888242,-111,2.5,0.45,100.0,125,0.6,'bbc20572986ac467',2022-10-16 11:45:31,Gateway_24e124fffef06fd1
28.989377,50.836115,4,50,Built-up,89.09391192180702,532.3799856767316,-101,-6.5,0.95,100.0,115,0.6,'bbc20572986ac467',2022-10-16 11:45:37,Gateway_24e124fffef06fd1
28.988035,50.838533,3,60,Bare / sparse vegetation,211.00298285610236,267.0406903027768,-94,-0.8,0.7,100.0,108,0.7,'bbc20572986ac467',2022-10-16 13:33:02,Gateway_24e124fffef06fd1
28.988044,50.83854,3,60,Bare / sparse vegetation,211.33595244724762,267.52033085714777,-86,8.0,1.0,100.0,100,0.7,'bbc20572986ac467',2022-10-16 13:33:06,Gateway_24e124fffef06fd1
28.988041,50.838536,3,60,Bare / sparse vegetation,211.07007383816705,267.4465455963079,-84,0.0,0.7,100.0,98,0.7,'bbc20572986ac467',2022-10-16 13:33:12,Gateway_24e124fffef06fd1
28.988044,50.838542,3,60,Bare / sparse vegetation,211.52109517835257,267.4167246237455,-84,-2.8,0.7,100.0,98,0.7,'bbc20572986ac467',2022-10-16 13:33:19,Gateway_24e124fffef06fd1
28.988044,50.838542,3,60,Bare / sparse vegetation,211.52109517835257,267.4167246237455,-87,-3.8,0.7,100.0,101,0.7,'bbc20572986ac467',2022-10-16 13:33:24,Gateway_24e124fffef06fd1
28.988019,50.838556,3,60,Bare / sparse vegetation,213.69391602811427,264.34461732643086,-85,7.5,1.0,100.0,99,0.7,'bbc20572986ac467',2022-10-16 13:33:30,Gateway_24e124fffef06fd1
28.988019,50.838556,3,60,Bare / sparse vegetation,213.69391602811427,264.34461732643086,-90,9.8,1.0,100.0,104,0.7,'bbc20572986ac467',2022-10-16 13:33:36,Gateway_24e124fffef06fd1
28.988006,50.838533,3,60,Bare / sparse vegetation,212.04637500767757,264.3314685011053,-93,8.0,1.0,100.0,107,0.7,'bbc20572986ac467',2022-10-16 13:33:42,Gateway_24e124fffef06fd1
28.988005,50.83854,3,60,Bare / sparse vegetation,212.72674398142357,263.86980503582464,-78,7.2,1.0,100.0,92,0.7,'bbc20572986ac467',2022-10-16 13:33:49,Gateway_24e124fffef06fd1
28.988005,50.83854,3,60,Bare / sparse vegetation,212.72674398142357,263.86980503582464,-89,11.0,1.0,100.0,103,0.7,'bbc20572986ac467',2022-10-16 13:34:01,Gateway_24e124fffef06fd1
28.988005,50.83854,3,60,Bare / sparse vegetation,212.72674398142357,263.86980503582464,-90,1.8,0.7,100.0,104,0.7,'bbc20572986ac467',2022-10-16 13:34:07,Gateway_24e124fffef06fd1
28.988005,50.83854,3,60,Bare / sparse vegetation,212.72674398142357,263.86980503582464,-84,13.5,1.0,100.0,98,0.7,'bbc20572986ac467',2022-10-16 13:34:13,Gateway_24e124fffef06fd1
28.988005,50.83854,3,60,Bare / sparse vegetation,212.72674398142357,263.86980503582464,-81,13.8,1.0,100.0,95,0.7,'bbc20572986ac467',2022-10-16 13:34:18,Gateway_24e124fffef06fd1
28.988009,50.838547,3,60,Bare / sparse vegetation,213.2247660959704,263.87661126405357,-79,4.8,0.976,100.0,93,0.7,'bbc20572986ac467',2022-10-16 13:34:26,Gateway_24e124fffef06fd1
28.988013,50.838557,3,60,Bare / sparse vegetation,214.00120905831736,263.72992568488684,-79,9.5,1.0,100.0,93,0.7,'bbc20572986ac467',2022-10-16 13:34:37,Gateway_24e124fffef06fd1
28.988013,50.838557,3,60,Bare / sparse vegetation,214.00120905831736,263.72992568488684,-79,10.5,1.0,100.0,93,0.7,'bbc20572986ac467',2022-10-16 13:34:42,Gateway_24e124fffef06fd1
28.988013,50.838557,3,60,Bare / sparse vegetation,214.00120905831736,263.72992568488684,-84,12.0,1.0,100.0,98,0.7,'bbc20572986ac467',2022-10-16 13:34:48,Gateway_24e124fffef06fd1
28.988013,50.838557,3,60,Bare / sparse vegetation,214.00120905831736,263.72992568488684,-87,7.0,1.0,100.0,101,0.7,'bbc20572986ac467',2022-10-16 13:34:52,Gateway_24e124fffef06fd1
28.988012,50.838527,3,60,Bare / sparse vegetation,211.2747764592835,265.2070914437882,-86,-0.8,0.7,100.0,100,0.7,'bbc20572986ac467',2022-10-16 13:35:01,Gateway_24e124fffef06fd1
28.988012,50.838527,3,60,Bare / sparse vegetation,211.2747764592835,265.2070914437882,-84,11.0,1.0,100.0,98,0.7,'bbc20572986ac467',2022-10-16 13:35:07,Gateway_24e124fffef06fd1
28.988012,50.838527,3,60,Bare / sparse vegetation,211.2747764592835,265.2070914437882,-95,12.2,1.0,100.0,109,0.7,'bbc20572986ac467',2022-10-16 13:35:15,Gateway_24e124fffef06fd1
28.988003,50.838519,3,60,Bare / sparse vegetation,210.87074984191221,264.79299153258984,-76,9.8,1.0,100.0,90,0.7,'bbc20572986ac467',2022-10-16 13:35:25,Gateway_24e124fffef06fd1
28.988003,50.838519,3,60,Bare / sparse vegetation,210.87074984191221,264.79299153258984,-85,8.0,1.0,100.0,99,0.7,'bbc20572986ac467',2022-10-16 13:35:31,Gateway_24e124fffef06fd1
28.988003,50.838519,3,60,Bare / sparse vegetation,210.87074984191221,264.79299153258984,-81,10.2,1.0,100.0,95,0.7,'bbc20572986ac467',2022-10-16 13:35:36,Gateway_24e124fffef06fd1
28.988017,50.838509,3,60,Bare / sparse vegetation,209.43603385706862,266.62509403477947,-73,-3.8,0.7,100.0,87,0.7,'bbc20572986ac467',2022-10-16 13:35:44,Gateway_24e124fffef06fd1
28.988019,50.838509,3,60,Bare / sparse vegetation,209.36305221194596,266.81098368911745,-87,-4.0,0.7,100.0,101,0.7,'bbc20572986ac467',2022-10-16 13:35:56,Gateway_24e124fffef06fd1
28.98802,50.838506,3,60,Bare / sparse vegetation,209.05051438011986,267.06321550053764,-84,8.0,1.0,100.0,98,0.7,'bbc20572986ac467',2022-10-16 13:36:09,Gateway_24e124fffef06fd1
28.988026,50.838513,3,60,Bare / sparse vegetation,209.47788423545344,267.2504648297746,-89,8.8,1.0,100.0,103,0.7,'bbc20572986ac467',2022-10-16 13:36:21,Gateway_24e124fffef06fd1
28.988029,50.838515,3,60,Bare / sparse vegetation,209.55452877175736,267.42438759063776,-89,9.5,1.0,100.0,103,0.7,'bbc20572986ac467',2022-10-16 13:36:33,Gateway_24e124fffef06fd1
28.988029,50.838515,3,60,Bare / sparse vegetation,209.55452877175736,267.42438759063776,-76,0.8,0.7,100.0,90,0.7,'bbc20572986ac467',2022-10-16 13:36:37,Gateway_24e124fffef06fd1
28.988029,50.838515,3,60,Bare / sparse vegetation,209.55452877175736,267.42438759063776,-84,10.2,1.0,100.0,98,0.7,'bbc20572986ac467',2022-10-16 13:36:42,Gateway_24e124fffef06fd1
28.988061,50.838494,4,60,Bare / sparse vegetation,206.489269565918,271.514442824394,-84,6.0,1.0,100.0,98,0.7,'bbc20572986ac467',2022-10-16 13:36:54,Gateway_24e124fffef06fd1
28.988197,50.838491,4,50,Built-up,202.02882913007483,284.4640241342069,-78,11.0,1.0,100.0,92,0.6,'bbc20572986ac467',2022-10-16 13:37:07,Gateway_24e124fffef06fd1
28.988197,50.838491,4,50,Built-up,202.02882913007483,284.4640241342069,-88,-0.5,0.7,100.0,102,0.6,'bbc20572986ac467',2022-10-16 13:37:13,Gateway_24e124fffef06fd1
28.988197,50.838491,4,50,Built-up,202.02882913007483,284.4640241342069,-89,8.5,1.0,100.0,103,0.6,'bbc20572986ac467',2022-10-16 13:37:19,Gateway_24e124fffef06fd1
28.988197,50.838491,4,50,Built-up,202.02882913007483,284.4640241342069,-89,9.5,1.0,100.0,103,0.6,'bbc20572986ac467',2022-10-16 13:37:25,Gateway_24e124fffef06fd1
28.988197,50.838491,4,50,Built-up,202.02882913007483,284.4640241342069,-89,12.0,1.0,100.0,103,0.6,'bbc20572986ac467',2022-10-16 13:37:30,Gateway_24e124fffef06fd1
28.989014,50.837961,3,50,Built-up,150.1576025026332,388.686775768817,-81,8.5,1.0,100.0,95,0.6,'bbc20572986ac467',2022-10-16 13:38:02,Gateway_24e124fffef06fd1
28.989303,50.837705,2,50,Built-up,140.17976497168627,428.99953348631124,-80,10.0,1.0,100.0,94,0.6,'bbc20572986ac467',2022-10-16 13:38:19,Gateway_24e124fffef06fd1
28.989303,50.837705,2,50,Built-up,140.17976497168627,428.99953348631124,-79,1.2,0.7,100.0,93,0.6,'bbc20572986ac467',2022-10-16 13:38:25,Gateway_24e124fffef06fd1
28.989303,50.837705,2,50,Built-up,140.17976497168627,428.99953348631124,-76,-6.5,0.7,100.0,90,0.6,'bbc20572986ac467',2022-10-16 13:38:30,Gateway_24e124fffef06fd1
28.989609,50.837244,3,50,Built-up,130.68152325167708,481.8049125262088,-76,11.0,1.0,100.0,90,0.6,'bbc20572986ac467',2022-10-16 13:38:44,Gateway_24e124fffef06fd1
28.989938,50.837375,5,50,Built-up,168.23731277368285,505.9086415455607,-81,8.8,1.0,100.0,95,0.6,'bbc20572986ac467',2022-10-16 13:39:01,Gateway_24e124fffef06fd1
28.989938,50.837375,5,50,Built-up,168.23731277368285,505.9086415455607,-78,8.2,1.0,100.0,92,0.6,'bbc20572986ac467',2022-10-16 13:39:07,Gateway_24e124fffef06fd1
28.989938,50.837375,5,50,Built-up,168.23731277368285,505.9086415455607,-85,12.0,1.0,100.0,99,0.6,'bbc20572986ac467',2022-10-16 13:39:12,Gateway_24e124fffef06fd1
28.990413,50.837039,6,50,Built-up,203.9219716556975,567.8877795581943,-76,-0.8,0.7,100.0,90,0.6,'bbc20572986ac467',2022-10-16 13:39:25,Gateway_24e124fffef06fd1
28.990413,50.837039,6,50,Built-up,203.9219716556975,567.8877795581943,-83,10.5,1.0,100.0,97,0.6,'bbc20572986ac467',2022-10-16 13:39:31,Gateway_24e124fffef06fd1
28.990413,50.837039,6,50,Built-up,203.9219716556975,567.8877795581943,-72,9.2,1.0,100.0,86,0.6,'bbc20572986ac467',2022-10-16 13:39:36,Gateway_24e124fffef06fd1
28.990483,50.836555,8,50,Built-up,204.40070448852697,599.658402030874,-78,9.8,1.0,100.0,92,0.6,'bbc20572986ac467',2022-10-16 13:39:50,Gateway_24e124fffef06fd1
28.990797,50.83631,9,50,Built-up,239.64566107331368,641.861758550226,-71,8.2,1.0,100.0,85,0.6,'bbc20572986ac467',2022-10-16 13:40:08,Gateway_24e124fffef06fd1
28.991083,50.836104,8,50,Built-up,273.2392095115927,679.3662781993241,-79,7.5,1.0,100.0,93,0.6,'bbc20572986ac467',2022-10-16 13:40:24,Gateway_24e124fffef06fd1
28.991386,50.835889,6,50,Built-up,309.755592064087,718.9256395812233,-79,9.0,1.0,100.0,93,0.6,'bbc20572986ac467',2022-10-16 13:40:38,Gateway_24e124fffef06fd1
28.991767,50.835605,6,50,Built-up,356.91764194875924,769.4117767763636,-75,1.0,0.7,100.0,89,0.6,'bbc20572986ac467',2022-10-16 13:40:56,Gateway_24e124fffef06fd1
28.992117,50.835345,4,50,Built-up,400.93305237492143,815.74201492763,-84,10.2,1.0,100.0,98,0.6,'bbc20572986ac467',2022-10-16 13:41:13,Gateway_24e124fffef06fd1
28.992117,50.835345,4,50,Built-up,400.93305237492143,815.74201492763,-72,10.0,1.0,100.0,86,0.6,'bbc20572986ac467',2022-10-16 13:41:19,Gateway_24e124fffef06fd1
28.992117,50.835345,4,50,Built-up,400.93305237492143,815.74201492763,-85,8.2,1.0,100.0,99,0.6,'bbc20572986ac467',2022-10-16 13:41:26,Gateway_24e124fffef06fd1
28.992581,50.835009,5,50,Built-up,459.72267523096167,876.693244652884,-79,10.5,1.0,100.0,93,0.6,'bbc20572986ac467',2022-10-16 13:41:38,Gateway_24e124fffef06fd1
28.992581,50.835009,5,50,Built-up,459.72267523096167,876.693244652884,-75,10.0,1.0,100.0,89,0.6,'bbc20572986ac467',2022-10-16 13:41:43,Gateway_24e124fffef06fd1
28.992581,50.835009,5,50,Built-up,459.72267523096167,876.693244652884,-87,10.5,1.0,100.0,101,0.6,'bbc20572986ac467',2022-10-16 13:41:48,Gateway_24e124fffef06fd1
28.994226,50.834004,6,50,Built-up,271.6138120386932,1082.8960769000123,-79,9.5,1.0,100.0,93,0.6,'bbc20572986ac467',2022-10-16 13:42:56,Gateway_e45f01fffe376ce6
28.994612,50.833788,1,50,Built-up,227.91447107883258,1130.2858821890195,-69,0.8,0.7,100.0,83,0.6,'bbc20572986ac467',2022-10-16 13:43:13,Gateway_e45f01fffe376ce6
28.994612,50.833788,1,50,Built-up,227.91447107883258,1130.2858821890195,-73,10.0,1.0,100.0,87,0.6,'bbc20572986ac467',2022-10-16 13:43:19,Gateway_e45f01fffe376ce6
28.994612,50.833788,1,50,Built-up,227.91447107883258,1130.2858821890195,-70,9.0,1.0,100.0,84,0.6,'bbc20572986ac467',2022-10-16 13:43:24,Gateway_e45f01fffe376ce6
28.995272,50.833253,3,50,Built-up,144.1274991258917,1219.9919777341286,-78,10.0,1.0,100.0,92,0.6,'bbc20572986ac467',2022-10-16 13:43:40,Gateway_e45f01fffe376ce6
28.99536,50.833161,5,50,Built-up,131.7336255431825,1233.0414466336413,-72,8.8,1.0,100.0,86,0.6,'bbc20572986ac467',2022-10-16 13:43:45,Gateway_e45f01fffe376ce6
28.995492,50.833027,5,50,Built-up,113.86644200550381,1252.4119193748165,-72,1.5,0.7,100.0,86,0.6,'bbc20572986ac467',2022-10-16 13:43:51,Gateway_e45f01fffe376ce6
28.995611,50.832889,6,60,Bare / sparse vegetation,96.73197456808664,1270.7940030074124,-70,7.2,1.0,100.0,84,0.7,'bbc20572986ac467',2022-10-16 13:43:57,Gateway_e45f01fffe376ce6
28.995611,50.832889,6,60,Bare / sparse vegetation,96.73197456808664,1270.7940030074124,-71,8.0,1.0,100.0,85,0.7,'bbc20572986ac467',2022-10-16 13:44:03,Gateway_e45f01fffe376ce6
28.995716,50.832548,4,50,Built-up,61.546954642162696,1298.8469484278794,-77,7.2,1.0,100.0,91,0.6,'bbc20572986ac467',2022-10-16 13:44:09,Gateway_e45f01fffe376ce6
28.995661,50.832395,5,50,Built-up,50.065509139514226,1302.2241668051863,-85,9.5,1.0,100.0,99,0.6,'bbc20572986ac467',2022-10-16 13:44:15,Gateway_e45f01fffe376ce6
28.995545,50.83231,3,50,Built-up,51.22710619571916,1296.443311275436,-87,10.2,1.0,100.0,101,0.6,'bbc20572986ac467',2022-10-16 13:44:27,Gateway_e45f01fffe376ce6
28.995244,50.832449,4,50,Built-up,85.65907158974763,1261.417621378886,-101,10.5,0.2,100.0,115,0.6,'bbc20572986ac467',2022-10-16 13:44:33,Gateway_e45f01fffe376ce6
28.9951,50.832551,4,50,Built-up,104.4369665421731,1242.6568817110278,-77,-5.8,0.7,100.0,91,0.6,'bbc20572986ac467',2022-10-16 13:44:39,Gateway_e45f01fffe376ce6
28.994959,50.832652,5,50,Built-up,122.89242983219808,1224.2240882299948,-81,3.5,0.82,100.0,95,0.6,'bbc20572986ac467',2022-10-16 13:44:45,Gateway_e45f01fffe376ce6
28.99482,50.832754,5,50,Built-up,141.22197031407438,1205.9149983872217,-75,10.0,1.0,100.0,89,0.6,'bbc20572986ac467',2022-10-16 13:44:51,Gateway_e45f01fffe376ce6
28.994681,50.832855,5,50,Built-up,159.49826048107843,1187.6637973796628,-87,9.2,1.0,100.0,101,0.6,'bbc20572986ac467',2022-10-16 13:44:57,Gateway_e45f01fffe376ce6
28.994541,50.83296,5,50,Built-up,178.08438023280158,1169.0950283301352,-81,2.8,0.736,100.0,95,0.6,'bbc20572986ac467',2022-10-16 13:45:03,Gateway_e45f01fffe376ce6
28.994397,50.833064,8,50,Built-up,196.985272276213,1150.2253244776655,-71,9.0,1.0,100.0,85,0.6,'bbc20572986ac467',2022-10-16 13:45:09,Gateway_e45f01fffe376ce6
28.994397,50.833064,8,50,Built-up,196.985272276213,1150.2253244776655,-77,10.8,1.0,100.0,91,0.6,'bbc20572986ac467',2022-10-16 13:45:14,Gateway_e45f01fffe376ce6
28.994131,50.83326,11,50,Built-up,232.1108708711955,1115.1487452630383,-76,-8.2,0.7,100.0,90,0.6,'bbc20572986ac467',2022-10-16 13:45:21,Gateway_e45f01fffe376ce6
28.993991,50.833359,11,50,Built-up,250.37483691414104,1096.9276937810937,-79,9.8,1.0,100.0,93,0.6,'bbc20572986ac467',2022-10-16 13:45:27,Gateway_e45f01fffe376ce6
28.99385,50.833463,12,50,Built-up,269.0003498010025,1078.3310221213874,-89,8.5,1.0,100.0,103,0.6,'bbc20572986ac467',2022-10-16 13:45:33,Gateway_e45f01fffe376ce6
28.99385,50.833463,12,50,Built-up,269.0003498010025,1078.3310221213874,-77,10.0,1.0,100.0,91,0.6,'bbc20572986ac467',2022-10-16 13:45:37,Gateway_e45f01fffe376ce6
28.99385,50.833463,12,50,Built-up,269.0003498010025,1078.3310221213874,-89,9.0,1.0,100.0,103,0.6,'bbc20572986ac467',2022-10-16 13:45:42,Gateway_e45f01fffe376ce6
28.99385,50.833463,12,50,Built-up,269.0003498010025,1078.3310221213874,-79,11.8,1.0,100.0,93,0.6,'bbc20572986ac467',2022-10-16 13:45:48,Gateway_e45f01fffe376ce6
28.993426,50.833758,10,60,Bare / sparse vegetation,324.06301207292995,1023.4418942648044,-84,10.0,1.0,100.0,98,0.7,'bbc20572986ac467',2022-10-16 13:45:51,Gateway_e45f01fffe376ce6
28.993271,50.833864,10,60,Bare / sparse vegetation,344.09651574907394,1003.488691831287,-85,8.8,1.0,100.0,99,0.7,'bbc20572986ac467',2022-10-16 13:45:57,Gateway_e45f01fffe376ce6
28.993106,50.833979,9,50,Built-up,365.5382291558457,982.1264718151448,-90,10.0,1.0,100.0,104,0.6,'bbc20572986ac467',2022-10-16 13:46:03,Gateway_e45f01fffe376ce6
28.992434,50.834518,7,50,Built-up,456.616527850417,891.0223844266831,-88,9.5,1.0,100.0,102,0.6,'bbc20572986ac467',2022-10-16 13:46:33,Gateway_e45f01fffe376ce6
28.991943,50.83484,7,50,Built-up,399.45292603904244,828.6895845868211,-95,10.2,1.0,100.0,109,0.6,'bbc20572986ac467',2022-10-16 13:46:52,Gateway_24e124fffef06fd1
28.991507,50.835142,6,50,Built-up,343.47555046404165,772.4441164513447,-90,10.5,1.0,100.0,104,0.6,'bbc20572986ac467',2022-10-16 13:47:10,Gateway_24e124fffef06fd1
28.991085,50.835431,7,50,Built-up,289.6322600195761,718.2541478123005,-85,6.2,1.0,100.0,99,0.6,'bbc20572986ac467',2022-10-16 13:47:28,Gateway_24e124fffef06fd1
28.990984,50.835491,7,50,Built-up,277.0988409713758,705.8496333972962,-83,0.2,0.7,100.0,97,0.6,'bbc20572986ac467',2022-10-16 13:47:33,Gateway_24e124fffef06fd1
28.990984,50.835491,7,50,Built-up,277.0988409713758,705.8496333972962,-87,8.8,1.0,100.0,101,0.6,'bbc20572986ac467',2022-10-16 13:47:38,Gateway_24e124fffef06fd1
28.990683,50.835692,7,50,Built-up,239.10331622011705,667.5697264950921,-84,9.2,1.0,100.0,98,0.6,'bbc20572986ac467',2022-10-16 13:47:45,Gateway_24e124fffef06fd1
28.990535,50.835798,6,50,Built-up,220.29748135135884,648.3238789730516,-69,10.2,1.0,100.0,83,0.6,'bbc20572986ac467',2022-10-16 13:47:51,Gateway_24e124fffef06fd1
28.990386,50.835909,7,60,Bare / sparse vegetation,201.35975390961423,628.6918137164932,-86,8.5,1.0,100.0,100,0.7,'bbc20572986ac467',2022-10-16 13:47:57,Gateway_24e124fffef06fd1
28.990386,50.835909,7,60,Bare / sparse vegetation,201.35975390961423,628.6918137164932,-85,9.5,1.0,100.0,99,0.7,'bbc20572986ac467',2022-10-16 13:48:07,Gateway_24e124fffef06fd1
28.990386,50.835909,7,60,Bare / sparse vegetation,201.35975390961423,628.6918137164932,-97,11.5,1.0,100.0,111,0.7,'bbc20572986ac467',2022-10-16 13:48:18,Gateway_24e124fffef06fd1
28.989795,50.83635,5,50,Built-up,128.64040646099625,550.853718702577,-93,7.8,1.0,100.0,107,0.6,'bbc20572986ac467',2022-10-16 13:48:21,Gateway_24e124fffef06fd1
28.989653,50.836456,3,50,Built-up,112.30080453026454,532.1709709957375,-95,10.0,1.0,100.0,109,0.6,'bbc20572986ac467',2022-10-16 13:48:27,Gateway_24e124fffef06fd1
28.989528,50.83658,4,60,Bare / sparse vegetation,98.90325200231953,513.7884318986942,-79,8.0,1.0,100.0,93,0.7,'bbc20572986ac467',2022-10-16 13:48:33,Gateway_24e124fffef06fd1
28.989428,50.836694,4,50,Built-up,89.79363953421338,498.14847559712564,-71,9.0,1.0,100.0,85,0.6,'bbc20572986ac467',2022-10-16 13:48:39,Gateway_24e124fffef06fd1
28.989299,50.836803,3,50,Built-up,79.53415483581186,480.37515122904557,-81,7.2,1.0,100.0,95,0.6,'bbc20572986ac467',2022-10-16 13:48:45,Gateway_24e124fffef06fd1
28.989153,50.836893,3,60,Bare / sparse vegetation,69.66127167656985,462.38566295056995,-68,3.2,0.784,100.0,82,0.7,'bbc20572986ac467',2022-10-16 13:48:51,Gateway_24e124fffef06fd1
28.989028,50.836953,5,50,Built-up,63.03949208970186,448.1101965980243,-91,8.0,1.0,100.0,105,0.6,'bbc20572986ac467',2022-10-16 13:48:57,Gateway_24e124fffef06fd1
28.988927,50.836975,5,50,Built-up,57.78163370105807,438.344211451776,-90,9.0,1.0,100.0,104,0.6,'bbc20572986ac467',2022-10-16 13:49:07,Gateway_24e124fffef06fd1
28.988927,50.836975,5,50,Built-up,57.78163370105807,438.344211451776,-83,11.2,1.0,100.0,97,0.6,'bbc20572986ac467',2022-10-16 13:49:13,Gateway_24e124fffef06fd1
28.988927,50.836975,5,50,Built-up,57.78163370105807,438.344211451776,-87,11.5,1.0,100.0,101,0.6,'bbc20572986ac467',2022-10-16 13:49:21,Gateway_24e124fffef06fd1
28.988448,50.837064,3,50,Built-up,60.759136146171784,394.30920176647663,-79,1.0,0.7,100.0,93,0.6,'bbc20572986ac467',2022-10-16 13:49:27,Gateway_24e124fffef06fd1
28.988318,50.837036,3,50,Built-up,64.87990472699235,386.57141326223666,-76,7.5,1.0,100.0,90,0.6,'bbc20572986ac467',2022-10-16 13:49:33,Gateway_24e124fffef06fd1
28.988163,50.837036,3,50,Built-up,75.70193721482751,375.3735552854206,-75,-4.8,0.7,100.0,89,0.6,'bbc20572986ac467',2022-10-16 13:49:39,Gateway_24e124fffef06fd1
28.988009,50.837049,2,50,Built-up,89.25136651325613,363.7066430204558,-71,10.0,1.0,100.0,85,0.6,'bbc20572986ac467',2022-10-16 13:49:45,Gateway_24e124fffef06fd1
28.988009,50.837049,2,50,Built-up,89.25136651325613,363.7066430204558,-79,11.0,1.0,100.0,93,0.6,'bbc20572986ac467',2022-10-16 13:49:49,Gateway_24e124fffef06fd1
28.988009,50.837049,2,50,Built-up,89.25136651325613,363.7066430204558,-79,-5.0,0.7,100.0,93,0.6,'bbc20572986ac467',2022-10-16 13:50:00,Gateway_24e124fffef06fd1
28.988009,50.837049,2,50,Built-up,89.25136651325613,363.7066430204558,-84,9.0,1.0,100.0,98,0.6,'bbc20572986ac467',2022-10-16 13:50:06,Gateway_24e124fffef06fd1
28.987503,50.837279,5,50,Built-up,148.13385473468648,313.1506856772278,-84,4.0,0.8799999999999999,100.0,98,0.6,'bbc20572986ac467',2022-10-16 13:50:09,Gateway_24e124fffef06fd1
28.987353,50.837353,5,50,Built-up,166.0881904674806,298.37617554133493,-111,6.0,0.2,100.0,125,0.6,'bbc20572986ac467',2022-10-16 13:50:15,Gateway_24e124fffef06fd1
28.987353,50.837353,5,50,Built-up,166.0881904674806,298.37617554133493,-90,9.2,1.0,100.0,104,0.6,'bbc20572986ac467',2022-10-16 13:50:20,Gateway_24e124fffef06fd1
28.987097,50.837542,6,50,Built-up,199.8955437996858,268.62746842252767,-89,-2.5,0.7,100.0,103,0.6,'bbc20572986ac467',2022-10-16 13:50:27,Gateway_24e124fffef06fd1
28.98705,50.837676,5,50,Built-up,211.2830684788911,254.62852691687883,-85,-5.0,0.7,100.0,99,0.6,'bbc20572986ac467',2022-10-16 13:50:33,Gateway_24e124fffef06fd1
28.987101,50.837812,5,50,Built-up,214.348242821536,245.67406461739782,-84,9.8,1.0,100.0,98,0.6,'bbc20572986ac467',2022-10-16 13:50:45,Gateway_24e124fffef06fd1
28.987246,50.838083,6,50,Built-up,219.7137498461803,232.3177614939218,-84,10.8,1.0,100.0,98,0.6,'bbc20572986ac467',2022-10-16 13:50:51,Gateway_24e124fffef06fd1
28.987312,50.838232,6,60,Bare / sparse vegetation,225.42060563500405,225.4576275305259,-71,9.8,1.0,100.0,85,0.7,'bbc20572986ac467',2022-10-16 13:50:57,Gateway_24e124fffef06fd1
28.987312,50.838232,6,60,Bare / sparse vegetation,225.42060563500405,225.4576275305259,-73,7.0,1.0,100.0,87,0.7,'bbc20572986ac467',2022-10-16 13:51:01,Gateway_24e124fffef06fd1
28.987312,50.838232,6,60,Bare / sparse vegetation,225.42060563500405,225.4576275305259,-85,11.2,1.0,100.0,99,0.7,'bbc20572986ac467',2022-10-16 13:51:07,Gateway_24e124fffef06fd1
28.987312,50.838232,6,60,Bare / sparse vegetation,225.42060563500405,225.4576275305259,-85,3.0,0.76,100.0,99,0.7,'bbc20572986ac467',2022-10-16 13:51:12,Gateway_24e124fffef06fd1
28.987589,50.838567,3,50,Built-up,234.3762219117407,224.7641394305276,-79,9.2,1.0,100.0,93,0.6,'bbc20572986ac467',2022-10-16 13:51:15,Gateway_24e124fffef06fd1
28.987871,50.838531,3,50,Built-up,217.2844221211285,251.9866262022239,-72,6.5,1.0,100.0,86,0.6,'bbc20572986ac467',2022-10-16 13:51:27,Gateway_24e124fffef06fd1
28.988,50.838447,3,50,Built-up,204.38798628931394,268.40704697008556,-89,-2.0,0.7,100.0,103,0.6,'bbc20572986ac467',2022-10-16 13:51:33,Gateway_24e124fffef06fd1
28.988127,50.838346,6,50,Built-up,190.52342248827813,285.5819284410807,-87,9.8,1.0,100.0,101,0.6,'bbc20572986ac467',2022-10-16 13:51:39,Gateway_24e124fffef06fd1
28.988252,50.83825,6,50,Built-up,177.76612899658554,302.29888196990964,-77,10.2,1.0,100.0,91,0.6,'bbc20572986ac467',2022-10-16 13:51:45,Gateway_24e124fffef06fd1
28.988376,50.838155,6,50,Built-up,165.83013663382346,318.86937267001565,-81,9.2,1.0,100.0,95,0.6,'bbc20572986ac467',2022-10-16 13:51:51,Gateway_24e124fffef06fd1
28.988499,50.838054,5,50,Built-up,154.17978207306325,335.67832071583257,-81,7.8,1.0,100.0,95,0.6,'bbc20572986ac467',2022-10-16 13:51:57,Gateway_24e124fffef06fd1
28.988623,50.837955,3,60,Bare / sparse vegetation,143.75046209672036,352.46893760586926,-81,3.0,0.76,100.0,95,0.7,'bbc20572986ac467',2022-10-16 13:52:03,Gateway_24e124fffef06fd1
28.98875,50.837858,-1,50,Built-up,134.83774525583635,369.42369267341934,-94,10.0,1.0,100.0,108,0.6,'bbc20572986ac467',2022-10-16 13:52:09,Gateway_24e124fffef06fd1
28.98875,50.837858,-1,50,Built-up,134.83774525583635,369.42369267341934,-76,9.2,1.0,100.0,90,0.6,'bbc20572986ac467',2022-10-16 13:52:10,Gateway_24e124fffef06fd1
28.988878,50.837756,2,50,Built-up,127.11273400210732,386.74528333338037,-78,8.0,1.0,100.0,92,0.6,'bbc20572986ac467',2022-10-16 13:52:15,Gateway_24e124fffef06fd1
28.989135,50.837556,3,50,Built-up,118.3414005022168,421.2595379317903,-78,8.8,1.0,100.0,92,0.6,'bbc20572986ac467',2022-10-16 13:52:33,Gateway_24e124fffef06fd1
28.989397,50.837361,1,50,Built-up,120.04303529159401,455.9559960553356,-83,7.2,1.0,100.0,97,0.6,'bbc20572986ac467',2022-10-16 13:52:39,Gateway_24e124fffef06fd1
28.989531,50.837267,3,50,Built-up,125.03674726956484,473.3873844158213,-81,10.2,1.0,100.0,95,0.6,'bbc20572986ac467',2022-10-16 13:52:45,Gateway_24e124fffef06fd1
28.989656,50.83717,3,50,Built-up,131.15630587559554,490.1592515885582,-78,9.0,1.0,100.0,92,0.6,'bbc20572986ac467',2022-10-16 13:52:51,Gateway_24e124fffef06fd1
28.989785,50.837074,3,50,Built-up,139.48463414463154,507.2428866990973,-77,4.2,0.9039999999999999,100.0,91,0.6,'bbc20572986ac467',2022-10-16 13:52:57,Gateway_24e124fffef06fd1
28.989918,50.836981,4,50,Built-up,149.82557536462656,524.5295243798963,-75,10.0,1.0,100.0,89,0.6,'bbc20572986ac467',2022-10-16 13:53:03,Gateway_24e124fffef06fd1
28.990055,50.836878,5,50,Built-up,161.55692038571718,542.7303945880661,-74,7.5,1.0,100.0,88,0.6,'bbc20572986ac467',2022-10-16 13:53:09,Gateway_24e124fffef06fd1
28.990055,50.836878,5,50,Built-up,161.55692038571718,542.7303945880661,-74,-3.5,0.7,100.0,88,0.6,'bbc20572986ac467',2022-10-16 13:53:10,Gateway_24e124fffef06fd1
28.990191,50.836778,5,50,Built-up,174.34156153888807,560.6757586480609,-82,-3.5,0.7,100.0,96,0.6,'bbc20572986ac467',2022-10-16 13:53:15,Gateway_24e124fffef06fd1
28.99033,50.836671,6,50,Built-up,188.23462573675027,579.2787261534932,-71,10.5,1.0,100.0,85,0.6,'bbc20572986ac467',2022-10-16 13:53:21,Gateway_24e124fffef06fd1
28.99047,50.836563,6,50,Built-up,202.99033777023382,598.028085058859,-74,9.5,1.0,100.0,88,0.6,'bbc20572986ac467',2022-10-16 13:53:27,Gateway_24e124fffef06fd1
28.990611,50.836465,5,50,Built-up,218.46184499813438,616.324047421966,-79,7.5,1.0,100.0,93,0.6,'bbc20572986ac467',2022-10-16 13:53:33,Gateway_24e124fffef06fd1
28.990764,50.836356,9,50,Built-up,235.72471972083898,636.3229247874802,-72,5.0,1.0,100.0,86,0.6,'bbc20572986ac467',2022-10-16 13:53:39,Gateway_24e124fffef06fd1
28.990764,50.836356,9,50,Built-up,235.72471972083898,636.3229247874802,-82,10.0,1.0,100.0,96,0.6,'bbc20572986ac467',2022-10-16 13:53:45,Gateway_24e124fffef06fd1
28.991055,50.836161,8,50,Built-up,269.4670351043116,673.6946722327547,-73,8.0,1.0,100.0,87,0.6,'bbc20572986ac467',2022-10-16 13:53:51,Gateway_24e124fffef06fd1
28.991202,50.83606,8,50,Built-up,286.8952147406017,692.7104806612566,-69,9.5,1.0,100.0,83,0.6,'bbc20572986ac467',2022-10-16 13:53:57,Gateway_24e124fffef06fd1
28.991344,50.835954,6,50,Built-up,304.0511950790129,711.535627466861,-77,9.0,1.0,100.0,91,0.6,'bbc20572986ac467',2022-10-16 13:54:07,Gateway_24e124fffef06fd1
28.991344,50.835954,6,50,Built-up,304.0511950790129,711.535627466861,-81,12.2,1.0,100.0,95,0.6,'bbc20572986ac467',2022-10-16 13:54:13,Gateway_24e124fffef06fd1
28.991344,50.835954,6,50,Built-up,304.0511950790129,711.535627466861,-84,8.5,1.0,100.0,98,0.6,'bbc20572986ac467',2022-10-16 13:54:19,Gateway_24e124fffef06fd1
28.991344,50.835954,6,50,Built-up,304.0511950790129,711.535627466861,-83,12.8,1.0,100.0,97,0.6,'bbc20572986ac467',2022-10-16 13:54:25,Gateway_24e124fffef06fd1
28.991344,50.835954,6,50,Built-up,304.0511950790129,711.535627466861,-73,14.2,1.0,100.0,87,0.6,'bbc20572986ac467',2022-10-16 13:54:30,Gateway_24e124fffef06fd1
28.992049,50.835435,5,50,Built-up,391.32080938736044,804.6068947872565,-71,6.2,1.0,100.0,85,0.6,'bbc20572986ac467',2022-10-16 13:54:33,Gateway_24e124fffef06fd1
28.992165,50.835351,4,50,Built-up,405.8904961765073,819.8457114006759,-74,7.5,1.0,100.0,88,0.6,'bbc20572986ac467',2022-10-16 13:54:39,Gateway_24e124fffef06fd1
28.992276,50.835274,4,50,Built-up,419.784529376307,834.2459283829536,-77,6.8,1.0,100.0,91,0.6,'bbc20572986ac467',2022-10-16 13:54:45,Gateway_24e124fffef06fd1
28.99237,50.835201,4,50,Built-up,431.79571053946506,846.8600964618408,-73,7.5,1.0,100.0,87,0.6,'bbc20572986ac467',2022-10-16 13:54:51,Gateway_24e124fffef06fd1
28.992454,50.835135,5,50,Built-up,442.57965520632524,858.173593132285,-78,6.2,1.0,100.0,92,0.6,'bbc20572986ac467',2022-10-16 13:54:57,Gateway_24e124fffef06fd1
28.992647,50.834997,6,50,Built-up,465.4493809851571,883.433502784728,-79,10.5,1.0,100.0,93,0.6,'bbc20572986ac467',2022-10-16 13:55:09,Gateway_e45f01fffe376ce6
28.992647,50.834997,6,50,Built-up,465.4493809851571,883.433502784728,-79,8.0,1.0,100.0,93,0.6,'bbc20572986ac467',2022-10-16 13:55:14,Gateway_e45f01fffe376ce6
28.992873,50.83484,6,50,Built-up,436.4280485092008,912.7661482558244,-79,7.8,1.0,100.0,93,0.6,'bbc20572986ac467',2022-10-16 13:55:21,Gateway_e45f01fffe376ce6
28.992997,50.834755,5,50,Built-up,420.5967748042266,928.7994372629446,-80,8.8,1.0,100.0,94,0.6,'bbc20572986ac467',2022-10-16 13:55:27,Gateway_e45f01fffe376ce6
28.993116,50.834676,5,50,Built-up,405.584333983672,944.0488458776732,-85,3.8,0.8559999999999999,100.0,99,0.6,'bbc20572986ac467',2022-10-16 13:55:33,Gateway_e45f01fffe376ce6
28.993232,50.834602,7,50,Built-up,391.16379597907746,958.7536136622297,-88,7.8,1.0,100.0,102,0.6,'bbc20572986ac467',2022-10-16 13:55:39,Gateway_e45f01fffe376ce6
28.993348,50.834541,7,50,Built-up,377.61609801885714,972.7661103147663,-83,9.5,1.0,100.0,97,0.6,'bbc20572986ac467',2022-10-16 13:55:45,Gateway_e45f01fffe376ce6
28.99346,50.834462,4,50,Built-up,363.25357826097405,987.3689363285272,-99,10.8,1.0,100.0,113,0.6,'bbc20572986ac467',2022-10-16 13:55:51,Gateway_e45f01fffe376ce6
28.993574,50.834387,4,50,Built-up,349.01496210915394,1001.9447011126832,-76,-4.8,0.7,100.0,90,0.6,'bbc20572986ac467',2022-10-16 13:55:57,Gateway_e45f01fffe376ce6
28.993574,50.834387,4,50,Built-up,349.01496210915394,1001.9447011126832,-89,8.2,1.0,100.0,103,0.6,'bbc20572986ac467',2022-10-16 13:56:03,Gateway_e45f01fffe376ce6
28.993835,50.834257,3,50,Built-up,319.3949399751434,1033.1102464264584,-81,10.2,1.0,100.0,95,0.6,'bbc20572986ac467',2022-10-16 13:56:09,Gateway_e45f01fffe376ce6
28.994089,50.834126,6,60,Bare / sparse vegetation,290.6453891593022,1063.6986169972452,-94,9.2,1.0,100.0,108,0.7,'bbc20572986ac467',2022-10-16 13:56:21,Gateway_e45f01fffe376ce6
28.994217,50.83406,6,50,Built-up,276.3354947112688,1079.119369419304,-71,9.0,1.0,100.0,85,0.6,'bbc20572986ac467',2022-10-16 13:56:27,Gateway_e45f01fffe376ce6
28.994344,50.833995,6,50,Built-up,262.3160757619431,1094.3987665512707,-82,8.0,1.0,100.0,96,0.6,'bbc20572986ac467',2022-10-16 13:56:33,Gateway_e45f01fffe376ce6
28.994466,50.833918,6,50,Built-up,247.9035721046984,1109.8376774641172,-70,7.8,1.0,100.0,84,0.6,'bbc20572986ac467',2022-10-16 13:56:39,Gateway_e45f01fffe376ce6
28.99459,50.833835,3,50,Built-up,233.02742586257068,1125.7766975706024,-77,10.2,1.0,100.0,91,0.6,'bbc20572986ac467',2022-10-16 13:56:45,Gateway_e45f01fffe376ce6
28.994717,50.833745,1,50,Built-up,217.55564491867642,1142.361045176401,-65,8.0,1.0,100.0,79,0.6,'bbc20572986ac467',2022-10-16 13:56:51,Gateway_e45f01fffe376ce6
28.994849,50.833651,0,50,Built-up,201.6255903033301,1159.6220657503918,-69,9.8,1.0,100.0,83,0.6,'bbc20572986ac467',2022-10-16 13:56:57,Gateway_e45f01fffe376ce6
28.994976,50.833546,2,50,Built-up,185.32539094575722,1176.986840879125,-72,10.2,1.0,100.0,86,0.6,'bbc20572986ac467',2022-10-16 13:57:03,Gateway_e45f01fffe376ce6
28.995105,50.833448,0,50,Built-up,169.7215514396154,1194.1751001417401,-63,6.2,1.0,100.0,77,0.6,'bbc20572986ac467',2022-10-16 13:57:09,Gateway_e45f01fffe376ce6
28.99523,50.833344,0,50,Built-up,154.14247596987812,1211.3019430858708,-73,9.0,1.0,100.0,87,0.6,'bbc20572986ac467',2022-10-16 13:57:15,Gateway_e45f01fffe376ce6
28.995354,50.833229,5,50,Built-up,138.01003738128458,1228.9115013078308,-78,6.2,1.0,100.0,92,0.6,'bbc20572986ac467',2022-10-16 13:57:21,Gateway_e45f01fffe376ce6
28.995478,50.833112,5,50,Built-up,122.13982142612932,1246.62948207553,-71,8.2,1.0,100.0,85,0.6,'bbc20572986ac467',2022-10-16 13:57:27,Gateway_e45f01fffe376ce6
28.995606,50.833008,6,50,Built-up,107.98964894570105,1264.0412558241153,-77,3.2,0.784,100.0,91,0.6,'bbc20572986ac467',2022-10-16 13:57:33,Gateway_e45f01fffe376ce6
28.995606,50.833008,6,50,Built-up,107.98964894570105,1264.0412558241153,-83,8.5,1.0,100.0,97,0.6,'bbc20572986ac467',2022-10-16 13:57:37,Gateway_e45f01fffe376ce6
28.995606,50.833008,6,50,Built-up,107.98964894570105,1264.0412558241153,-79,9.2,1.0,100.0,93,0.6,'bbc20572986ac467',2022-10-16 13:57:42,Gateway_e45f01fffe376ce6
28.995741,50.832696,4,50,Built-up,74.86767824669363,1293.1514051231704,-73,-4.5,0.7,100.0,87,0.6,'bbc20572986ac467',2022-10-16 13:57:45,Gateway_e45f01fffe376ce6
28.995708,50.832523,4,50,Built-up,59.490205344725176,1299.476304364582,-84,9.2,1.0,100.0,98,0.6,'bbc20572986ac467',2022-10-16 13:57:51,Gateway_e45f01fffe376ce6
28.995633,50.832385,5,50,Built-up,50.78693966204775,1300.229487434947,-83,-3.0,0.7,100.0,97,0.6,'bbc20572986ac467',2022-10-16 13:57:57,Gateway_e45f01fffe376ce6
28.995507,50.832336,3,50,Built-up,56.0232475971906,1291.5420620253226,-85,8.0,1.0,100.0,99,0.6,'bbc20572986ac467',2022-10-16 13:58:03,Gateway_e45f01fffe376ce6
28.995361,50.83239,3,50,Built-up,71.79799982905166,1275.3073403660082,-96,9.2,1.0,100.0,110,0.6,'bbc20572986ac467',2022-10-16 13:58:09,Gateway_e45f01fffe376ce6
28.995361,50.83239,3,50,Built-up,71.79799982905166,1275.3073403660082,-85,9.2,1.0,100.0,99,0.6,'bbc20572986ac467',2022-10-16 13:58:10,Gateway_e45f01fffe376ce6
28.995218,50.832483,4,50,Built-up,89.92842365397621,1257.1447331285538,-78,1.5,0.7,100.0,92,0.6,'bbc20572986ac467',2022-10-16 13:58:15,Gateway_e45f01fffe376ce6
28.995071,50.832577,4,50,Built-up,108.52145288281811,1238.5681083484683,-93,11.2,1.0,100.0,107,0.6,'bbc20572986ac467',2022-10-16 13:58:21,Gateway_e45f01fffe376ce6
28.994922,50.832671,5,50,Built-up,127.3272915545787,1219.8152644686372,-78,10.2,1.0,100.0,92,0.6,'bbc20572986ac467',2022-10-16 13:58:27,Gateway_e45f01fffe376ce6
28.994641,50.832877,5,50,Built-up,164.37575949422046,1182.8156998350667,-87,9.0,1.0,100.0,101,0.6,'bbc20572986ac467',2022-10-16 13:58:39,Gateway_e45f01fffe376ce6
28.994497,50.832977,6,50,Built-up,183.06320111859296,1164.1751423641795,-83,4.2,0.9039999999999999,100.0,97,0.6,'bbc20572986ac467',2022-10-16 13:58:45,Gateway_e45f01fffe376ce6
28.994497,50.832977,6,50,Built-up,183.06320111859296,1164.1751423641795,-71,8.8,1.0,100.0,85,0.6,'bbc20572986ac467',2022-10-16 13:58:49,Gateway_e45f01fffe376ce6
28.994497,50.832977,6,50,Built-up,183.06320111859296,1164.1751423641795,-71,11.2,1.0,100.0,85,0.6,'bbc20572986ac467',2022-10-16 13:58:54,Gateway_e45f01fffe376ce6
28.994085,50.833261,11,50,Built-up,236.42916091587944,1110.974993998908,-82,8.2,1.0,100.0,96,0.6,'bbc20572986ac467',2022-10-16 13:59:03,Gateway_e45f01fffe376ce6
28.993938,50.833354,12,50,Built-up,255.03447750227747,1092.4790141220076,-78,7.2,1.0,100.0,92,0.6,'bbc20572986ac467',2022-10-16 13:59:09,Gateway_e45f01fffe376ce6
28.993938,50.833354,12,50,Built-up,255.03447750227747,1092.4790141220076,-77,2.2,0.7,100.0,91,0.6,'bbc20572986ac467',2022-10-16 13:59:10,Gateway_e45f01fffe376ce6
28.993797,50.833457,12,50,Built-up,273.607725542874,1073.944041832263,-75,8.5,1.0,100.0,89,0.6,'bbc20572986ac467',2022-10-16 13:59:15,Gateway_e45f01fffe376ce6
28.99366,50.833558,11,50,Built-up,291.702535719154,1055.8827455790274,-78,10.0,1.0,100.0,92,0.6,'bbc20572986ac467',2022-10-16 13:59:21,Gateway_e45f01fffe376ce6
28.993527,50.833648,9,50,Built-up,308.84637709242577,1038.8172073807732,-89,8.2,1.0,100.0,103,0.6,'bbc20572986ac467',2022-10-16 13:59:27,Gateway_e45f01fffe376ce6
28.993426,50.833714,10,60,Bare / sparse vegetation,321.74336604957074,1025.9960680519162,-79,2.5,0.7,100.0,93,0.7,'bbc20572986ac467',2022-10-16 13:59:33,Gateway_e45f01fffe376ce6
28.993309,50.833796,10,50,Built-up,336.9738917437135,1010.823439400305,-85,3.5,0.82,100.0,99,0.6,'bbc20572986ac467',2022-10-16 13:59:39,Gateway_e45f01fffe376ce6
28.992908,50.834089,9,60,Bare / sparse vegetation,389.79887602716275,958.1347701390478,-84,3.8,0.8559999999999999,100.0,98,0.7,'bbc20572986ac467',2022-10-16 14:00:06,Gateway_e45f01fffe376ce6
28.992645,50.834291,7,50,Built-up,424.95987972927895,923.0089535456665,-79,8.0,1.0,100.0,93,0.6,'bbc20572986ac467',2022-10-16 14:00:09,Gateway_e45f01fffe376ce6
28.992585,50.834345,6,50,Built-up,433.3977711389594,914.5309093850851,-83,9.5,1.0,100.0,97,0.6,'bbc20572986ac467',2022-10-16 14:00:15,Gateway_e45f01fffe376ce6
28.992534,50.834391,7,50,Built-up,440.57653263744925,907.3187315830667,-84,9.0,1.0,100.0,98,0.6,'bbc20572986ac467',2022-10-16 14:00:21,Gateway_e45f01fffe376ce6
28.992534,50.834391,7,50,Built-up,440.57653263744925,907.3187315830667,-88,8.2,1.0,100.0,102,0.6,'bbc20572986ac467',2022-10-16 14:00:27,Gateway_e45f01fffe376ce6
28.992359,50.834522,8,50,Built-up,454.21646907695833,884.14821977589,-91,9.0,1.0,100.0,105,0.6,'bbc20572986ac467',2022-10-16 14:00:33,Gateway_24e124fffef06fd1
28.992156,50.83466,8,50,Built-up,428.15813831682146,858.0980677440238,-89,9.2,1.0,100.0,103,0.6,'bbc20572986ac467',2022-10-16 14:00:51,Gateway_24e124fffef06fd1
28.991967,50.834799,7,50,Built-up,403.4976450152479,833.2297645169385,-81,7.5,1.0,100.0,95,0.6,'bbc20572986ac467',2022-10-16 14:00:57,Gateway_24e124fffef06fd1
28.991872,50.834869,7,50,Built-up,391.11064055920497,820.7237364898795,-95,9.0,1.0,100.0,109,0.6,'bbc20572986ac467',2022-10-16 14:01:03,Gateway_24e124fffef06fd1
28.991677,50.835016,6,50,Built-up,365.59239227759474,794.8599026162656,-89,8.8,1.0,100.0,103,0.6,'bbc20572986ac467',2022-10-16 14:01:15,Gateway_24e124fffef06fd1
28.991582,50.835084,6,50,Built-up,353.3176030912126,782.476782699805,-84,10.0,1.0,100.0,98,0.6,'bbc20572986ac467',2022-10-16 14:01:21,Gateway_24e124fffef06fd1
28.991385,50.835202,7,50,Built-up,328.7463735071879,758.1849106522684,-94,5.2,1.0,100.0,108,0.6,'bbc20572986ac467',2022-10-16 14:01:33,Gateway_24e124fffef06fd1
28.991281,50.835269,7,50,Built-up,315.60968884436477,745.0871557647235,-93,10.0,1.0,100.0,107,0.6,'bbc20572986ac467',2022-10-16 14:01:39,Gateway_24e124fffef06fd1
28.991176,50.835341,7,50,Built-up,302.20034376069947,731.6054339715866,-102,10.0,0.2,100.0,116,0.6,'bbc20572986ac467',2022-10-16 14:01:45,Gateway_24e124fffef06fd1
28.990969,50.835496,7,50,Built-up,275.3706678531448,704.245523056172,-83,8.5,1.0,100.0,97,0.6,'bbc20572986ac467',2022-10-16 14:01:57,Gateway_24e124fffef06fd1
28.990866,50.835576,7,50,Built-up,261.975635448001,690.459926870554,-85,-1.8,0.7,100.0,99,0.6,'bbc20572986ac467',2022-10-16 14:02:03,Gateway_24e124fffef06fd1
28.990758,50.835649,7,50,Built-up,248.32475737076123,676.6708691400861,-85,8.5,1.0,100.0,99,0.6,'bbc20572986ac467',2022-10-16 14:02:16,Gateway_24e124fffef06fd1
28.990522,50.835804,6,50,Built-up,218.74739475908945,646.8376701129865,-71,10.5,1.0,100.0,85,0.6,'bbc20572986ac467',2022-10-16 14:02:21,Gateway_24e124fffef06fd1
28.990407,50.835866,7,50,Built-up,204.78256320082062,633.1511768914653,-85,-3.2,0.7,100.0,99,0.6,'bbc20572986ac467',2022-10-16 14:02:27,Gateway_24e124fffef06fd1
28.990157,50.836043,7,50,Built-up,173.44665977583657,600.8157774319484,-94,9.2,1.0,100.0,108,0.6,'bbc20572986ac467',2022-10-16 14:02:39,Gateway_24e124fffef06fd1
28.990048,50.836104,7,60,Bare / sparse vegetation,160.300284631486,587.7448411610582,-91,9.0,1.0,100.0,105,0.7,'bbc20572986ac467',2022-10-16 14:02:45,Gateway_24e124fffef06fd1
28.989973,50.836156,7,50,Built-up,151.07986314559167,578.1279031469052,-89,10.0,1.0,100.0,103,0.6,'bbc20572986ac467',2022-10-16 14:02:51,Gateway_24e124fffef06fd1
28.989964,50.836173,7,50,Built-up,149.7648103915018,576.2950191293274,-96,10.0,1.0,100.0,110,0.6,'bbc20572986ac467',2022-10-16 14:02:57,Gateway_24e124fffef06fd1
28.989964,50.836173,7,50,Built-up,149.7648103915018,576.2950191293274,-96,7.8,1.0,100.0,110,0.6,'bbc20572986ac467',2022-10-16 14:03:01,Gateway_24e124fffef06fd1
28.989964,50.836173,7,50,Built-up,149.7648103915018,576.2950191293274,-91,8.2,1.0,100.0,105,0.6,'bbc20572986ac467',2022-10-16 14:03:07,Gateway_24e124fffef06fd1
28.989964,50.836173,7,50,Built-up,149.7648103915018,576.2950191293274,-93,9.5,1.0,100.0,107,0.6,'bbc20572986ac467',2022-10-16 14:03:13,Gateway_24e124fffef06fd1
28.989964,50.836173,7,50,Built-up,149.7648103915018,576.2950191293274,-103,7.0,0.2,100.0,117,0.6,'bbc20572986ac467',2022-10-16 14:03:19,Gateway_24e124fffef06fd1
28.989964,50.836173,7,50,Built-up,149.7648103915018,576.2950191293274,-97,6.8,1.0,100.0,111,0.6,'bbc20572986ac467',2022-10-16 14:03:25,Gateway_24e124fffef06fd1
28.989964,50.836173,7,50,Built-up,149.7648103915018,576.2950191293274,-79,-6.2,0.7,100.0,93,0.6,'bbc20572986ac467',2022-10-16 14:03:30,Gateway_24e124fffef06fd1
28.989948,50.836256,7,50,Built-up,146.6071014081916,569.7308921148999,-92,8.2,1.0,100.0,106,0.6,'bbc20572986ac467',2022-10-16 14:03:33,Gateway_24e124fffef06fd1
28.989943,50.836268,6,50,Built-up,145.88894082031598,568.5566430422256,-84,-2.0,0.7,100.0,98,0.6,'bbc20572986ac467',2022-10-16 14:03:46,Gateway_24e124fffef06fd1
28.98994,50.83628,6,50,Built-up,145.39843012823246,567.5534555283747,-93,9.8,1.0,100.0,107,0.6,'bbc20572986ac467',2022-10-16 14:03:57,Gateway_24e124fffef06fd1
28.989936,50.836277,6,50,Built-up,144.99869646470134,567.3993007161505,-81,-8.0,0.7,100.0,95,0.6,'bbc20572986ac467',2022-10-16 14:04:10,Gateway_24e124fffef06fd1
28.989929,50.836277,5,50,Built-up,144.23014059379636,566.8030087436141,-94,6.8,1.0,100.0,108,0.6,'bbc20572986ac467',2022-10-16 14:04:15,Gateway_24e124fffef06fd1
28.989926,50.836281,5,50,Built-up,143.84771612177587,566.2980457686638,-93,1.2,0.7,100.0,107,0.6,'bbc20572986ac467',2022-10-16 14:04:21,Gateway_24e124fffef06fd1
28.989926,50.836287,5,50,Built-up,143.77005994846468,565.9240292738448,-96,11.2,1.0,100.0,110,0.6,'bbc20572986ac467',2022-10-16 14:04:27,Gateway_24e124fffef06fd1
28.989925,50.836296,5,50,Built-up,143.54799083906343,565.2783737067531,-93,8.0,1.0,100.0,107,0.6,'bbc20572986ac467',2022-10-16 14:04:33,Gateway_24e124fffef06fd1
28.989925,50.836306,5,50,Built-up,143.42952597795195,564.6566086659788,-97,3.5,0.82,100.0,111,0.6,'bbc20572986ac467',2022-10-16 14:04:39,Gateway_24e124fffef06fd1
28.989922,50.836313,5,50,Built-up,143.02013182646837,563.9656387076074,-91,-3.0,0.7,100.0,105,0.6,'bbc20572986ac467',2022-10-16 14:04:45,Gateway_24e124fffef06fd1
28.989917,50.836317,5,50,Built-up,142.42556813919134,563.2901541901792,-85,-2.8,0.7,100.0,99,0.6,'bbc20572986ac467',2022-10-16 14:04:55,Gateway_24e124fffef06fd1
28.989917,50.836317,5,50,Built-up,142.42556813919134,563.2901541901792,-97,7.2,1.0,100.0,111,0.6,'bbc20572986ac467',2022-10-16 14:05:00,Gateway_24e124fffef06fd1
28.98991,50.836316,5,50,Built-up,141.66554593647268,562.7545740352712,-93,9.8,1.0,100.0,107,0.6,'bbc20572986ac467',2022-10-16 14:05:03,Gateway_24e124fffef06fd1
28.989909,50.836313,5,50,Built-up,141.58872242001988,562.8558040579327,-88,7.0,1.0,100.0,102,0.6,'bbc20572986ac467',2022-10-16 14:05:09,Gateway_24e124fffef06fd1
28.989909,50.836313,5,50,Built-up,141.58872242001988,562.8558040579327,-96,9.5,1.0,100.0,110,0.6,'bbc20572986ac467',2022-10-16 14:05:14,Gateway_24e124fffef06fd1
28.989908,50.836318,5,50,Built-up,141.423403490569,562.459535581585,-99,5.2,1.0,100.0,113,0.6,'bbc20572986ac467',2022-10-16 14:05:21,Gateway_24e124fffef06fd1
28.989906,50.836317,5,50,Built-up,141.21404804833955,562.3510390331011,-89,10.5,1.0,100.0,103,0.6,'bbc20572986ac467',2022-10-16 14:05:27,Gateway_24e124fffef06fd1
28.989904,50.836316,5,50,Built-up,141.00479760138708,562.2426258378854,-101,9.2,0.2,100.0,115,0.6,'bbc20572986ac467',2022-10-16 14:05:33,Gateway_24e124fffef06fd1
28.9899,50.836315,5,50,Built-up,140.57543397992023,561.9637724293884,-90,10.8,1.0,100.0,104,0.6,'bbc20572986ac467',2022-10-16 14:05:39,Gateway_24e124fffef06fd1
28.989898,50.836312,5,50,Built-up,140.38901154650935,561.9802030040877,-94,5.2,1.0,100.0,108,0.6,'bbc20572986ac467',2022-10-16 14:05:45,Gateway_24e124fffef06fd1
28.989899,50.83631,5,50,Built-up,140.5219350103422,562.1900575116567,-95,7.8,1.0,100.0,109,0.6,'bbc20572986ac467',2022-10-16 14:05:51,Gateway_24e124fffef06fd1
28.989898,50.836309,5,50,Built-up,140.42340368375454,562.1672113719571,-103,8.8,0.2,100.0,117,0.6,'bbc20572986ac467',2022-10-16 14:05:57,Gateway_24e124fffef06fd1
28.9899,50.836307,5,50,Built-up,140.66673607647311,562.462270261543,-84,-5.0,0.7,100.0,98,0.6,'bbc20572986ac467',2022-10-16 14:06:03,Gateway_24e124fffef06fd1
28.989901,50.83631,5,50,Built-up,140.74206278861365,562.3604688141081,-93,7.5,1.0,100.0,107,0.6,'bbc20572986ac467',2022-10-16 14:06:09,Gateway_24e124fffef06fd1
28.9899,50.836313,5,50,Built-up,140.59785980964978,562.0883369645064,-90,10.0,1.0,100.0,104,0.6,'bbc20572986ac467',2022-10-16 14:06:31,Gateway_24e124fffef06fd1
28.9899,50.836313,5,50,Built-up,140.59785980964978,562.0883369645064,-87,1.8,0.7,100.0,101,0.6,'bbc20572986ac467',2022-10-16 14:06:37,Gateway_24e124fffef06fd1
28.9899,50.836313,5,50,Built-up,140.59785980964978,562.0883369645064,-91,12.5,1.0,100.0,105,0.6,'bbc20572986ac467',2022-10-16 14:06:43,Gateway_24e124fffef06fd1
28.9899,50.836313,5,50,Built-up,140.59785980964978,562.0883369645064,-79,-9.2,0.7,100.0,93,0.6,'bbc20572986ac467',2022-10-16 14:06:49,Gateway_24e124fffef06fd1
28.9899,50.836313,5,50,Built-up,140.59785980964978,562.0883369645064,-90,5.2,1.0,100.0,104,0.6,'bbc20572986ac467',2022-10-16 14:06:54,Gateway_24e124fffef06fd1
28.989895,50.836311,5,50,Built-up,140.07020298153193,561.7869777397977,-88,3.5,0.82,100.0,102,0.6,'bbc20572986ac467',2022-10-16 14:06:57,Gateway_24e124fffef06fd1
28.989895,50.836311,5,50,Built-up,140.07020298153193,561.7869777397977,-89,9.5,1.0,100.0,103,0.6,'bbc20572986ac467',2022-10-16 14:07:03,Gateway_24e124fffef06fd1
28.989897,50.836311,5,50,Built-up,140.29033904603284,561.9573363941497,-93,11.2,1.0,100.0,107,0.6,'bbc20572986ac467',2022-10-16 14:07:09,Gateway_24e124fffef06fd1
28.989902,50.836312,5,50,Built-up,140.8293385672183,562.321101165784,-82,1.5,0.7,100.0,96,0.6,'bbc20572986ac467',2022-10-16 14:07:21,Gateway_24e124fffef06fd1
28.989905,50.836311,5,50,Built-up,141.17093135185968,562.6391285451415,-87,10.2,1.0,100.0,101,0.6,'bbc20572986ac467',2022-10-16 14:07:27,Gateway_24e124fffef06fd1
28.989908,50.836304,5,50,Built-up,141.5821865586767,563.3308494971317,-89,9.8,1.0,100.0,103,0.6,'bbc20572986ac467',2022-10-16 14:07:33,Gateway_24e124fffef06fd1
28.989916,50.83629,5,50,Built-up,142.6330582216986,564.8851108623857,-85,2.0,0.7,100.0,99,0.6,'bbc20572986ac467',2022-10-16 14:07:45,Gateway_24e124fffef06fd1
28.989921,50.836288,5,50,Built-up,143.2078983622609,565.4356886521749,-82,-2.8,0.7,100.0,96,0.6,'bbc20572986ac467',2022-10-16 14:07:55,Gateway_24e124fffef06fd1
28.989921,50.836288,5,50,Built-up,143.2078983622609,565.4356886521749,-79,-10.0,0.7,100.0,93,0.6,'bbc20572986ac467',2022-10-16 14:08:00,Gateway_24e124fffef06fd1
28.989931,50.836286,5,50,Built-up,144.33222557870735,566.4125078318621,-85,-8.8,0.7,100.0,99,0.6,'bbc20572986ac467',2022-10-16 14:08:03,Gateway_24e124fffef06fd1
28.989944,50.836283,6,50,Built-up,145.79900215658762,567.7080652663608,-97,9.2,1.0,100.0,111,0.6,'bbc20572986ac467',2022-10-16 14:08:15,Gateway_24e124fffef06fd1
28.989947,50.836281,6,50,Built-up,146.15435265721678,568.0884505915094,-95,2.0,0.7,100.0,109,0.6,'bbc20572986ac467',2022-10-16 14:08:21,Gateway_24e124fffef06fd1
28.98995,50.836278,6,50,Built-up,146.52291517236816,568.5310086898234,-90,-3.5,0.7,100.0,104,0.6,'bbc20572986ac467',2022-10-16 14:08:27,Gateway_24e124fffef06fd1
28.98995,50.836278,6,50,Built-up,146.52291517236816,568.5310086898234,-90,10.2,1.0,100.0,104,0.6,'bbc20572986ac467',2022-10-16 14:08:33,Gateway_24e124fffef06fd1
28.989939,50.836287,6,50,Built-up,145.19866280650555,567.0326462620304,-103,8.5,0.2,100.0,117,0.6,'bbc20572986ac467',2022-10-16 14:08:51,Gateway_24e124fffef06fd1
28.98993,50.836293,5,50,Built-up,144.13451476338486,565.8915486729043,-93,8.0,1.0,100.0,107,0.6,'bbc20572986ac467',2022-10-16 14:08:57,Gateway_24e124fffef06fd1
28.989913,50.836301,5,50,Built-up,142.16787271810912,563.9438863309032,-97,9.2,1.0,100.0,111,0.6,'bbc20572986ac467',2022-10-16 14:09:15,Gateway_24e124fffef06fd1
28.989914,50.836301,5,50,Built-up,142.27787152171948,564.0291274993933,-90,7.8,1.0,100.0,104,0.6,'bbc20572986ac467',2022-10-16 14:09:21,Gateway_24e124fffef06fd1
28.989918,50.8363,5,50,Built-up,142.7298229292166,564.4324283849342,-100,4.2,1.0,100.0,114,0.6,'bbc20572986ac467',2022-10-16 14:09:33,Gateway_24e124fffef06fd1
28.989919,50.8363,5,50,Built-up,142.83981899489754,564.5177045896497,-99,8.2,1.0,100.0,113,0.6,'bbc20572986ac467',2022-10-16 14:09:39,Gateway_24e124fffef06fd1
28.98992,50.8363,5,50,Built-up,142.94981635698971,564.6029896718167,-91,10.5,1.0,100.0,105,0.6,'bbc20572986ac467',2022-10-16 14:09:45,Gateway_24e124fffef06fd1
28.989923,50.836299,5,50,Built-up,143.29177887347632,564.9211083957914,-100,8.2,0.2,100.0,114,0.6,'bbc20572986ac467',2022-10-16 14:09:51,Gateway_24e124fffef06fd1
28.989927,50.8363,5,50,Built-up,143.7198339542463,565.2002334881494,-97,9.2,1.0,100.0,111,0.6,'bbc20572986ac467',2022-10-16 14:09:57,Gateway_24e124fffef06fd1
28.989928,50.836302,5,50,Built-up,143.80620285674019,565.1612927538674,-90,6.0,1.0,100.0,104,0.6,'bbc20572986ac467',2022-10-16 14:10:03,Gateway_24e124fffef06fd1
28.989922,50.836303,5,50,Built-up,143.13429141350701,564.5869872899897,-95,8.8,1.0,100.0,109,0.6,'bbc20572986ac467',2022-10-16 14:10:21,Gateway_24e124fffef06fd1
28.989918,50.836308,5,50,Built-up,142.63611314317168,563.9347291597933,-95,9.2,1.0,100.0,109,0.6,'bbc20572986ac467',2022-10-16 14:10:27,Gateway_24e124fffef06fd1
28.989913,50.83631,5,50,Built-up,142.06293025820167,563.3836857886147,-90,7.0,1.0,100.0,104,0.6,'bbc20572986ac467',2022-10-16 14:10:33,Gateway_24e124fffef06fd1
28.989908,50.836308,5,50,Built-up,141.53549625400413,563.0817029368202,-95,8.8,1.0,100.0,109,0.6,'bbc20572986ac467',2022-10-16 14:10:39,Gateway_24e124fffef06fd1
28.989902,50.836308,5,50,Built-up,140.8751843701233,562.57031449829,-87,-6.0,0.7,100.0,101,0.6,'bbc20572986ac467',2022-10-16 14:10:45,Gateway_24e124fffef06fd1
28.989895,50.836305,5,50,Built-up,140.14015174411932,562.1613142259284,-99,7.5,1.0,100.0,113,0.6,'bbc20572986ac467',2022-10-16 14:10:51,Gateway_24e124fffef06fd1
28.98988,50.836299,5,50,Built-up,138.5633349574157,561.2611671252516,-90,-0.5,0.7,100.0,104,0.6,'bbc20572986ac467',2022-10-16 14:11:09,Gateway_24e124fffef06fd1
28.989873,50.836298,5,50,Built-up,137.80634056315046,560.7296281528745,-95,9.8,1.0,100.0,109,0.6,'bbc20572986ac467',2022-10-16 14:11:15,Gateway_24e124fffef06fd1
28.989873,50.836298,5,50,Built-up,137.80634056315046,560.7296281528745,-90,6.2,1.0,100.0,104,0.6,'bbc20572986ac467',2022-10-16 14:11:16,Gateway_24e124fffef06fd1
28.989867,50.836298,5,50,Built-up,137.1468843119893,560.2206975889593,-90,-3.0,0.7,100.0,104,0.6,'bbc20572986ac467',2022-10-16 14:11:27,Gateway_24e124fffef06fd1
28.989863,50.836295,5,50,Built-up,136.7455115922746,560.0700136788442,-88,-2.5,0.7,100.0,102,0.6,'bbc20572986ac467',2022-10-16 14:11:33,Gateway_24e124fffef06fd1
28.989861,50.836298,5,50,Built-up,136.48748198819598,559.7120943955023,-88,8.8,1.0,100.0,102,0.6,'bbc20572986ac467',2022-10-16 14:11:39,Gateway_24e124fffef06fd1
28.98986,50.836305,5,50,Built-up,136.29055338262265,559.1878569472304,-95,9.2,1.0,100.0,109,0.6,'bbc20572986ac467',2022-10-16 14:11:45,Gateway_24e124fffef06fd1
28.989856,50.836308,5,50,Built-up,135.8143175535794,558.6604172104171,-89,-3.2,0.7,100.0,103,0.6,'bbc20572986ac467',2022-10-16 14:11:51,Gateway_24e124fffef06fd1
28.989855,50.836306,5,50,Built-up,135.72854014462243,558.7011902752291,-95,10.5,1.0,100.0,109,0.6,'bbc20572986ac467',2022-10-16 14:11:57,Gateway_24e124fffef06fd1
28.989855,50.836306,5,50,Built-up,135.72854014462243,558.7011902752291,-92,6.8,1.0,100.0,106,0.6,'bbc20572986ac467',2022-10-16 14:12:04,Gateway_24e124fffef06fd1
28.989846,50.836299,5,50,Built-up,134.8264342234293,558.3790753711369,-85,-5.8,0.7,100.0,99,0.6,'bbc20572986ac467',2022-10-16 14:12:15,Gateway_24e124fffef06fd1
28.989846,50.836299,5,50,Built-up,134.8264342234293,558.3790753711369,-93,6.0,1.0,100.0,107,0.6,'bbc20572986ac467',2022-10-16 14:12:21,Gateway_24e124fffef06fd1
28.989844,50.836298,5,50,Built-up,134.6194752019849,558.2728376422772,-95,10.8,1.0,100.0,109,0.6,'bbc20572986ac467',2022-10-16 14:12:37,Gateway_24e124fffef06fd1
28.989844,50.836298,5,50,Built-up,134.6194752019849,558.2728376422772,-91,2.2,0.7,100.0,105,0.6,'bbc20572986ac467',2022-10-16 14:12:43,Gateway_24e124fffef06fd1
28.989844,50.836298,5,50,Built-up,134.6194752019849,558.2728376422772,-88,9.2,1.0,100.0,102,0.6,'bbc20572986ac467',2022-10-16 14:12:49,Gateway_24e124fffef06fd1
28.989844,50.836298,5,50,Built-up,134.6194752019849,558.2728376422772,-97,11.8,1.0,100.0,111,0.6,'bbc20572986ac467',2022-10-16 14:12:57,Gateway_24e124fffef06fd1
28.989852,50.836296,5,50,Built-up,135.5241297408066,559.0756190274088,-96,9.5,1.0,100.0,110,0.6,'bbc20572986ac467',2022-10-16 14:13:03,Gateway_24e124fffef06fd1
28.989852,50.836299,5,50,Built-up,135.48576045843228,558.8869134223439,-95,10.8,1.0,100.0,109,0.6,'bbc20572986ac467',2022-10-16 14:13:19,Gateway_24e124fffef06fd1
28.989852,50.836299,5,50,Built-up,135.48576045843228,558.8869134223439,-95,9.2,1.0,100.0,109,0.6,'bbc20572986ac467',2022-10-16 14:13:24,Gateway_24e124fffef06fd1
28.989838,50.836299,5,50,Built-up,133.94742004886098,557.7024721464915,-101,5.0,0.95,100.0,115,0.6,'bbc20572986ac467',2022-10-16 14:13:27,Gateway_24e124fffef06fd1
28.989832,50.836298,5,50,Built-up,133.3011567001879,557.2584894019361,-89,8.0,1.0,100.0,103,0.6,'bbc20572986ac467',2022-10-16 14:13:33,Gateway_24e124fffef06fd1
28.989826,50.836296,5,50,Built-up,132.66828574232625,556.8781240226701,-91,8.0,1.0,100.0,105,0.6,'bbc20572986ac467',2022-10-16 14:13:45,Gateway_24e124fffef06fd1
28.989827,50.836296,5,50,Built-up,132.77810521564882,556.9625276782479,-95,8.2,1.0,100.0,109,0.6,'bbc20572986ac467',2022-10-16 14:13:51,Gateway_24e124fffef06fd1
28.989825,50.836297,5,50,Built-up,132.54532161693112,556.730559978759,-93,9.8,1.0,100.0,107,0.6,'bbc20572986ac467',2022-10-16 14:14:02,Gateway_24e124fffef06fd1
28.989821,50.836307,5,50,Built-up,131.9780082378282,555.7615015825525,-99,9.5,1.0,100.0,113,0.6,'bbc20572986ac467',2022-10-16 14:14:15,Gateway_24e124fffef06fd1
28.989821,50.836311,5,50,Built-up,131.9287827120392,555.5091650996276,-93,7.8,1.0,100.0,107,0.6,'bbc20572986ac467',2022-10-16 14:14:21,Gateway_24e124fffef06fd1
28.989821,50.836311,5,50,Built-up,131.9287827120392,555.5091650996276,-91,9.8,1.0,100.0,105,0.6,'bbc20572986ac467',2022-10-16 14:14:25,Gateway_24e124fffef06fd1
28.989821,50.836311,5,50,Built-up,131.9287827120392,555.5091650996276,-90,7.2,1.0,100.0,104,0.6,'bbc20572986ac467',2022-10-16 14:14:33,Gateway_24e124fffef06fd1
28.989821,50.836317,5,50,Built-up,131.85707057513903,555.1309585212841,-91,3.0,0.76,100.0,105,0.6,'bbc20572986ac467',2022-10-16 14:14:39,Gateway_24e124fffef06fd1
28.989822,50.836316,5,50,Built-up,131.9788645648544,555.2785171294777,-90,10.2,1.0,100.0,104,0.6,'bbc20572986ac467',2022-10-16 14:14:45,Gateway_24e124fffef06fd1
28.989826,50.836315,5,50,Built-up,132.43075179403678,555.6797773167243,-94,9.2,1.0,100.0,108,0.6,'bbc20572986ac467',2022-10-16 14:14:51,Gateway_24e124fffef06fd1
28.989834,50.836312,5,50,Built-up,133.3464968918922,556.545465270273,-90,2.0,0.7,100.0,104,0.6,'bbc20572986ac467',2022-10-16 14:14:57,Gateway_24e124fffef06fd1
28.989841,50.836308,5,50,Built-up,134.16465001134668,557.3896038500282,-88,-1.0,0.7,100.0,102,0.6,'bbc20572986ac467',2022-10-16 14:15:03,Gateway_24e124fffef06fd1
28.989849,50.836304,5,50,Built-up,135.09336718860098,558.3184991853799,-99,7.2,1.0,100.0,113,0.6,'bbc20572986ac467',2022-10-16 14:15:14,Gateway_24e124fffef06fd1
28.989862,50.836299,5,50,Built-up,136.58476006123138,559.7340420458574,-89,3.0,0.76,100.0,103,0.6,'bbc20572986ac467',2022-10-16 14:15:21,Gateway_24e124fffef06fd1
28.989866,50.836293,5,50,Built-up,137.10089209498958,560.449850177564,-95,-1.2,0.7,100.0,109,0.6,'bbc20572986ac467',2022-10-16 14:15:27,Gateway_24e124fffef06fd1
28.989869,50.836293,5,50,Built-up,137.43045570900566,560.7041048773207,-93,7.8,1.0,100.0,107,0.6,'bbc20572986ac467',2022-10-16 14:15:33,Gateway_24e124fffef06fd1
28.98987,50.836298,5,50,Built-up,137.47660574450023,560.4751220050972,-96,5.8,1.0,100.0,110,0.6,'bbc20572986ac467',2022-10-16 14:15:45,Gateway_24e124fffef06fd1
28.989865,50.836299,5,50,Built-up,136.9144893572149,559.988358512945,-89,-2.0,0.7,100.0,103,0.6,'bbc20572986ac467',2022-10-16 14:15:51,Gateway_24e124fffef06fd1
28.989861,50.8363,5,50,Built-up,136.46229301388416,559.5864917420333,-93,9.8,1.0,100.0,107,0.6,'bbc20572986ac467',2022-10-16 14:15:57,Gateway_24e124fffef06fd1
28.989859,50.8363,5,50,Built-up,136.2424637223623,559.4169921955269,-96,6.0,1.0,100.0,110,0.6,'bbc20572986ac467',2022-10-16 14:16:03,Gateway_24e124fffef06fd1
28.989857,50.836299,5,50,Built-up,136.03524128209972,559.3103635698321,-96,6.5,1.0,100.0,110,0.6,'bbc20572986ac467',2022-10-16 14:16:09,Gateway_24e124fffef06fd1
28.989855,50.836299,5,50,Built-up,135.81544437079756,559.1409560813665,-99,7.8,1.0,100.0,113,0.6,'bbc20572986ac467',2022-10-16 14:16:15,Gateway_24e124fffef06fd1
28.989856,50.836299,5,50,Built-up,135.9253420652349,559.2256552565625,-88,9.2,1.0,100.0,102,0.6,'bbc20572986ac467',2022-10-16 14:16:21,Gateway_24e124fffef06fd1
28.989857,50.836299,5,50,Built-up,136.03524128209972,559.3103635698321,-101,-1.0,0.95,100.0,115,0.6,'bbc20572986ac467',2022-10-16 14:16:33,Gateway_24e124fffef06fd1
28.989857,50.836298,5,50,Built-up,136.04791078680077,559.3732079137392,-91,-0.2,0.7,100.0,105,0.6,'bbc20572986ac467',2022-10-16 14:16:39,Gateway_24e124fffef06fd1
28.989856,50.836299,5,50,Built-up,135.9253420652349,559.2256552565625,-95,8.2,1.0,100.0,109,0.6,'bbc20572986ac467',2022-10-16 14:16:49,Gateway_24e124fffef06fd1
28.989856,50.836299,5,50,Built-up,135.9253420652349,559.2256552565625,-89,-4.5,0.7,100.0,103,0.6,'bbc20572986ac467',2022-10-16 14:16:54,Gateway_24e124fffef06fd1
28.989856,50.836298,5,50,Built-up,135.93802181335678,559.2885091195832,-101,5.8,0.2,100.0,115,0.6,'bbc20572986ac467',2022-10-16 14:16:57,Gateway_24e124fffef06fd1
28.989858,50.836298,5,50,Built-up,136.1578012946782,559.4579158420811,-95,7.5,1.0,100.0,109,0.6,'bbc20572986ac467',2022-10-16 14:17:03,Gateway_24e124fffef06fd1
28.989859,50.836298,5,50,Built-up,136.2676933331082,559.5426329003727,-97,9.8,1.0,100.0,111,0.6,'bbc20572986ac467',2022-10-16 14:17:09,Gateway_24e124fffef06fd1
28.98986,50.836298,5,50,Built-up,136.37758689855414,559.627359087201,-97,6.8,1.0,100.0,111,0.6,'bbc20572986ac467',2022-10-16 14:17:15,Gateway_24e124fffef06fd1
28.989861,50.836298,5,50,Built-up,136.48748198819598,559.7120943955023,-95,1.0,0.7,100.0,109,0.6,'bbc20572986ac467',2022-10-16 14:17:21,Gateway_24e124fffef06fd1
28.989862,50.836299,5,50,Built-up,136.58476006123138,559.7340420458574,-95,11.0,1.0,100.0,109,0.6,'bbc20572986ac467',2022-10-16 14:17:33,Gateway_24e124fffef06fd1
28.989869,50.8363,5,50,Built-up,137.34166938727878,560.2648541802942,-96,4.8,0.976,100.0,110,0.6,'bbc20572986ac467',2022-10-16 14:17:39,Gateway_24e124fffef06fd1
28.989876,50.836301,5,50,Built-up,138.09885769481443,560.7962541981849,-100,6.2,0.2,100.0,114,0.6,'bbc20572986ac467',2022-10-16 14:17:45,Gateway_24e124fffef06fd1
28.989883,50.836302,5,50,Built-up,138.85632041763034,561.3282404280778,-91,10.0,1.0,100.0,105,0.6,'bbc20572986ac467',2022-10-16 14:17:51,Gateway_24e124fffef06fd1
28.98989,50.836308,5,50,Built-up,139.5546945577914,561.5485031236921,-89,4.5,0.94,100.0,103,0.6,'bbc20572986ac467',2022-10-16 14:18:03,Gateway_24e124fffef06fd1
28.989892,50.836309,5,50,Built-up,139.76311143137022,561.6563026045314,-91,2.2,0.7,100.0,105,0.6,'bbc20572986ac467',2022-10-16 14:18:09,Gateway_24e124fffef06fd1
28.989893,50.83631,5,50,Built-up,139.86158092729536,561.6790382945902,-95,10.8,1.0,100.0,109,0.6,'bbc20572986ac467',2022-10-16 14:18:19,Gateway_24e124fffef06fd1
28.989893,50.83631,5,50,Built-up,139.86158092729536,561.6790382945902,-94,10.5,1.0,100.0,108,0.6,'bbc20572986ac467',2022-10-16 14:18:25,Gateway_24e124fffef06fd1
28.989893,50.83631,5,50,Built-up,139.86158092729536,561.6790382945902,-90,-0.5,0.7,100.0,104,0.6,'bbc20572986ac467',2022-10-16 14:18:31,Gateway_24e124fffef06fd1
28.989893,50.83631,5,50,Built-up,139.86158092729536,561.6790382945902,-90,10.8,1.0,100.0,104,0.6,'bbc20572986ac467',2022-10-16 14:18:37,Gateway_24e124fffef06fd1
28.989893,50.83631,5,50,Built-up,139.86158092729536,561.6790382945902,-95,13.2,1.0,100.0,109,0.6,'bbc20572986ac467',2022-10-16 14:18:42,Gateway_24e124fffef06fd1
28.989891,50.836317,5,50,Built-up,139.5621905253785,561.0721637430427,-85,-1.2,0.7,100.0,99,0.6,'bbc20572986ac467',2022-10-16 14:18:45,Gateway_24e124fffef06fd1
28.989893,50.836316,5,50,Built-up,139.7935307148309,561.3048877297974,-105,6.8,0.2,100.0,119,0.6,'bbc20572986ac467',2022-10-16 14:18:51,Gateway_24e124fffef06fd1
28.989894,50.836316,5,50,Built-up,139.903640197152,561.3900919638022,-91,7.5,1.0,100.0,105,0.6,'bbc20572986ac467',2022-10-16 14:18:57,Gateway_24e124fffef06fd1
28.9899,50.836312,5,50,Built-up,140.60917268775714,562.1506342205632,-95,9.8,1.0,100.0,109,0.6,'bbc20572986ac467',2022-10-16 14:19:09,Gateway_24e124fffef06fd1
28.989904,50.83631,5,50,Built-up,141.0722635189069,562.616152749122,-94,7.8,1.0,100.0,108,0.6,'bbc20572986ac467',2022-10-16 14:19:15,Gateway_24e124fffef06fd1
28.989909,50.836311,5,50,Built-up,141.6112560165183,562.9802386839181,-95,7.8,1.0,100.0,109,0.6,'bbc20572986ac467',2022-10-16 14:19:21,Gateway_24e124fffef06fd1
28.98991,50.836311,5,50,Built-up,141.72134012274387,563.0655384725353,-91,9.2,1.0,100.0,105,0.6,'bbc20572986ac467',2022-10-16 14:19:27,Gateway_24e124fffef06fd1
28.989906,50.836311,5,50,Built-up,141.28101074812534,562.7243927187246,-93,7.0,1.0,100.0,107,0.6,'bbc20572986ac467',2022-10-16 14:19:33,Gateway_24e124fffef06fd1
28.989903,50.836311,5,50,Built-up,140.950776114138,562.4686269429692,-91,-3.2,0.7,100.0,105,0.6,'bbc20572986ac467',2022-10-16 14:19:39,Gateway_24e124fffef06fd1
28.9899,50.836312,5,50,Built-up,140.60917268775714,562.1506342205632,-91,-1.2,0.7,100.0,105,0.6,'bbc20572986ac467',2022-10-16 14:19:49,Gateway_24e124fffef06fd1
28.9899,50.836312,5,50,Built-up,140.60917268775714,562.1506342205632,-89,0.0,0.7,100.0,103,0.6,'bbc20572986ac467',2022-10-16 14:19:54,Gateway_24e124fffef06fd1
28.989891,50.836318,5,50,Built-up,139.5511330155839,561.0098313610965,-101,5.5,0.2,100.0,115,0.6,'bbc20572986ac467',2022-10-16 14:19:57,Gateway_24e124fffef06fd1
28.989886,50.83632,5,50,Built-up,138.9785263244168,560.4592100767815,-90,9.0,1.0,100.0,104,0.6,'bbc20572986ac467',2022-10-16 14:20:07,Gateway_24e124fffef06fd1
28.989886,50.83632,5,50,Built-up,138.9785263244168,560.4592100767815,-95,10.8,1.0,100.0,109,0.6,'bbc20572986ac467',2022-10-16 14:20:13,Gateway_24e124fffef06fd1
28.989886,50.83632,5,50,Built-up,138.9785263244168,560.4592100767815,-107,7.2,0.2,100.0,121,0.6,'bbc20572986ac467',2022-10-16 14:20:18,Gateway_24e124fffef06fd1
28.989881,50.836321,5,50,Built-up,138.41691860883708,559.9710507704523,-93,8.8,1.0,100.0,107,0.6,'bbc20572986ac467',2022-10-16 14:20:21,Gateway_24e124fffef06fd1
28.989881,50.836321,5,50,Built-up,138.41691860883708,559.9710507704523,-93,11.2,1.0,100.0,107,0.6,'bbc20572986ac467',2022-10-16 14:20:26,Gateway_24e124fffef06fd1
28.989884,50.836315,5,50,Built-up,138.81385134188164,560.6008716934186,-91,7.8,1.0,100.0,105,0.6,'bbc20572986ac467',2022-10-16 14:20:33,Gateway_24e124fffef06fd1
28.989885,50.836313,5,50,Built-up,138.94663385139182,560.810834091233,-99,5.0,1.0,100.0,113,0.6,'bbc20572986ac467',2022-10-16 14:20:39,Gateway_24e124fffef06fd1
28.989886,50.836313,5,50,Built-up,139.05670719705302,560.895938159264,-93,9.2,1.0,100.0,107,0.6,'bbc20572986ac467',2022-10-16 14:20:49,Gateway_24e124fffef06fd1
28.989886,50.836313,5,50,Built-up,139.05670719705302,560.895938159264,-88,-5.5,0.7,100.0,102,0.6,'bbc20572986ac467',2022-10-16 14:20:54,Gateway_24e124fffef06fd1
28.989889,50.836314,5,50,Built-up,139.37559053505183,561.0889129840392,-91,3.0,0.76,100.0,105,0.6,'bbc20572986ac467',2022-10-16 14:20:57,Gateway_24e124fffef06fd1
28.989888,50.836313,5,50,Built-up,139.27685751876146,561.0661732571584,-90,8.8,1.0,100.0,104,0.6,'bbc20572986ac467',2022-10-16 14:21:03,Gateway_24e124fffef06fd1
28.989888,50.836313,5,50,Built-up,139.27685751876146,561.0661732571584,-93,9.2,1.0,100.0,107,0.6,'bbc20572986ac467',2022-10-16 14:21:07,Gateway_24e124fffef06fd1
28.989888,50.836313,5,50,Built-up,139.27685751876146,561.0661732571584,-85,-5.8,0.7,100.0,99,0.6,'bbc20572986ac467',2022-10-16 14:21:13,Gateway_24e124fffef06fd1
28.989888,50.836313,5,50,Built-up,139.27685751876146,561.0661732571584,-85,-0.5,0.7,100.0,99,0.6,'bbc20572986ac467',2022-10-16 14:21:18,Gateway_24e124fffef06fd1
28.989894,50.836308,5,50,Built-up,139.99483776423708,561.8889635744691,-90,9.8,1.0,100.0,104,0.6,'bbc20572986ac467',2022-10-16 14:21:21,Gateway_24e124fffef06fd1
28.989893,50.836301,5,50,Built-up,139.9681739003164,562.2409374074944,-93,2.8,0.736,100.0,107,0.6,'bbc20572986ac467',2022-10-16 14:21:39,Gateway_24e124fffef06fd1
28.989893,50.836299,5,50,Built-up,139.99259638478293,562.3659133883393,-90,8.2,1.0,100.0,104,0.6,'bbc20572986ac467',2022-10-16 14:21:45,Gateway_24e124fffef06fd1
28.989893,50.836299,5,50,Built-up,139.99259638478293,562.3659133883393,-96,8.2,1.0,100.0,110,0.6,'bbc20572986ac467',2022-10-16 14:21:49,Gateway_24e124fffef06fd1
28.989893,50.836299,5,50,Built-up,139.99259638478293,562.3659133883393,-95,9.2,1.0,100.0,109,0.6,'bbc20572986ac467',2022-10-16 14:21:55,Gateway_24e124fffef06fd1
28.989893,50.836299,5,50,Built-up,139.99259638478293,562.3659133883393,-95,2.8,0.736,100.0,109,0.6,'bbc20572986ac467',2022-10-16 14:22:03,Gateway_24e124fffef06fd1
28.98989,50.836288,5,50,Built-up,139.80216684945114,562.7992266866539,-91,10.8,1.0,100.0,105,0.6,'bbc20572986ac467',2022-10-16 14:22:09,Gateway_24e124fffef06fd1
28.989888,50.836282,5,50,Built-up,139.66206967551895,563.0055327581059,-95,3.8,0.8559999999999999,100.0,109,0.6,'bbc20572986ac467',2022-10-16 14:22:28,Gateway_24e124fffef06fd1
28.989888,50.836281,5,50,Built-up,139.67556600196855,563.0682513815977,-89,8.8,1.0,100.0,103,0.6,'bbc20572986ac467',2022-10-16 14:22:33,Gateway_24e124fffef06fd1
28.989886,50.836283,5,50,Built-up,139.4290767548103,562.773156630556,-89,7.8,1.0,100.0,103,0.6,'bbc20572986ac467',2022-10-16 14:22:39,Gateway_24e124fffef06fd1
28.989884,50.836289,5,50,Built-up,139.1300941786202,562.2272537202842,-93,9.0,1.0,100.0,107,0.6,'bbc20572986ac467',2022-10-16 14:22:45,Gateway_24e124fffef06fd1
28.989883,50.836294,5,50,Built-up,138.95585973638708,561.8290601416805,-96,10.5,1.0,100.0,110,0.6,'bbc20572986ac467',2022-10-16 14:22:51,Gateway_24e124fffef06fd1
28.989887,50.836299,5,50,Built-up,139.33290756850357,561.855841267929,-85,8.8,1.0,100.0,99,0.6,'bbc20572986ac467',2022-10-16 14:22:57,Gateway_24e124fffef06fd1
28.989892,50.836305,5,50,Built-up,139.81012194909007,561.9060136162575,-93,-1.2,0.7,100.0,107,0.6,'bbc20572986ac467',2022-10-16 14:23:03,Gateway_24e124fffef06fd1
28.989844,50.836346,5,50,Built-up,134.08341852195812,555.2615997207315,-95,10.2,1.0,100.0,109,0.6,'bbc20572986ac467',2022-10-16 14:23:09,Gateway_24e124fffef06fd1
28.989581,50.836532,4,50,Built-up,104.4193144910867,521.2934080843368,-72,6.8,1.0,100.0,86,0.6,'bbc20572986ac467',2022-10-16 14:23:28,Gateway_24e124fffef06fd1
28.989304,50.836754,3,50,Built-up,78.28886880380678,483.9049463179884,-75,8.0,1.0,100.0,89,0.6,'bbc20572986ac467',2022-10-16 14:23:33,Gateway_24e124fffef06fd1
28.989167,50.836886,3,60,Bare / sparse vegetation,70.54865398671953,464.0053582908336,-76,9.5,1.0,100.0,90,0.7,'bbc20572986ac467',2022-10-16 14:23:39,Gateway_24e124fffef06fd1
28.989012,50.836985,5,50,Built-up,64.2012215368979,444.71720495309455,-71,7.8,1.0,100.0,85,0.6,'bbc20572986ac467',2022-10-16 14:23:45,Gateway_24e124fffef06fd1
28.988872,50.83702,5,50,Built-up,58.5692005833802,430.88441337009664,-79,10.2,1.0,100.0,93,0.6,'bbc20572986ac467',2022-10-16 14:23:51,Gateway_24e124fffef06fd1
28.988872,50.83702,5,50,Built-up,58.5692005833802,430.88441337009664,-79,-3.0,0.7,100.0,93,0.6,'bbc20572986ac467',2022-10-16 14:23:57,Gateway_24e124fffef06fd1
28.988534,50.837089,4,50,Built-up,60.4985377041987,399.1927249454828,-91,9.8,1.0,100.0,105,0.6,'bbc20572986ac467',2022-10-16 14:24:03,Gateway_24e124fffef06fd1
28.988534,50.837089,4,50,Built-up,60.4985377041987,399.1927249454828,-78,3.5,0.82,100.0,92,0.6,'bbc20572986ac467',2022-10-16 14:24:12,Gateway_24e124fffef06fd1
28.988534,50.837089,4,50,Built-up,60.4985377041987,399.1927249454828,-71,6.0,1.0,100.0,85,0.6,'bbc20572986ac467',2022-10-16 14:24:17,Gateway_24e124fffef06fd1
28.988006,50.837083,3,50,Built-up,91.60153821570006,360.8875846159334,-71,10.0,1.0,100.0,85,0.6,'bbc20572986ac467',2022-10-16 14:24:21,Gateway_24e124fffef06fd1
28.987822,50.837115,3,50,Built-up,109.76835796519372,346.15627050255813,-75,6.0,1.0,100.0,89,0.6,'bbc20572986ac467',2022-10-16 14:24:31,Gateway_24e124fffef06fd1
28.987822,50.837115,3,50,Built-up,109.76835796519372,346.15627050255813,-83,11.2,1.0,100.0,97,0.6,'bbc20572986ac467',2022-10-16 14:24:37,Gateway_24e124fffef06fd1
28.987822,50.837115,3,50,Built-up,109.76835796519372,346.15627050255813,-79,-0.5,0.7,100.0,93,0.6,'bbc20572986ac467',2022-10-16 14:24:42,Gateway_24e124fffef06fd1
28.987326,50.837367,5,50,Built-up,169.3575763260804,295.6988019195778,-85,7.8,1.0,100.0,99,0.6,'bbc20572986ac467',2022-10-16 14:24:45,Gateway_24e124fffef06fd1
28.987166,50.837475,6,50,Built-up,189.97923702631573,277.9379033454256,-101,9.0,0.2,100.0,115,0.6,'bbc20572986ac467',2022-10-16 14:24:51,Gateway_24e124fffef06fd1
28.987166,50.837475,6,50,Built-up,189.97923702631573,277.9379033454256,-81,-6.8,0.7,100.0,95,0.6,'bbc20572986ac467',2022-10-16 14:24:55,Gateway_24e124fffef06fd1
28.987166,50.837475,6,50,Built-up,189.97923702631573,277.9379033454256,-102,11.2,0.2,100.0,116,0.6,'bbc20572986ac467',2022-10-16 14:25:00,Gateway_24e124fffef06fd1
28.987166,50.837475,6,50,Built-up,189.97923702631573,277.9379033454256,-74,-7.2,0.7,100.0,88,0.6,'bbc20572986ac467',2022-10-16 14:25:05,Gateway_24e124fffef06fd1
28.987166,50.837475,6,50,Built-up,189.97923702631573,277.9379033454256,-84,0.0,0.7,100.0,98,0.6,'bbc20572986ac467',2022-10-16 14:25:10,Gateway_24e124fffef06fd1
28.987261,50.838068,6,50,Built-up,217.50540605828246,234.48196823211057,-81,4.0,0.8799999999999999,100.0,95,0.6,'bbc20572986ac467',2022-10-16 14:25:15,Gateway_24e124fffef06fd1
28.987334,50.838263,6,60,Bare / sparse vegetation,226.1487513273738,224.75402026186666,-78,6.5,1.0,100.0,92,0.7,'bbc20572986ac467',2022-10-16 14:25:21,Gateway_24e124fffef06fd1
28.987425,50.838415,5,60,Bare / sparse vegetation,231.71503319002875,220.91462155035612,-81,9.5,1.0,100.0,95,0.7,'bbc20572986ac467',2022-10-16 14:25:27,Gateway_24e124fffef06fd1
28.987522,50.838539,3,50,Built-up,235.82839479184986,220.7440236019642,-84,0.2,0.7,100.0,98,0.6,'bbc20572986ac467',2022-10-16 14:25:33,Gateway_24e124fffef06fd1
28.987715,50.838589,3,50,Built-up,229.67423238663076,234.60348972516638,-84,5.5,1.0,100.0,98,0.6,'bbc20572986ac467',2022-10-16 14:25:39,Gateway_24e124fffef06fd1
28.987928,50.838491,3,50,Built-up,211.26402257410905,259.4005111120953,-81,10.5,1.0,100.0,95,0.6,'bbc20572986ac467',2022-10-16 14:25:45,Gateway_24e124fffef06fd1
28.988125,50.838341,6,50,Built-up,190.12486825794036,285.6744365557735,-81,9.5,1.0,100.0,95,0.6,'bbc20572986ac467',2022-10-16 14:25:51,Gateway_24e124fffef06fd1
28.988285,50.838206,6,50,Built-up,172.7391128902115,307.7413387891683,-77,7.0,1.0,100.0,91,0.6,'bbc20572986ac467',2022-10-16 14:25:57,Gateway_24e124fffef06fd1
28.988445,50.838067,5,50,Built-up,156.15551487346647,330.0324108105111,-87,9.2,1.0,100.0,101,0.6,'bbc20572986ac467',2022-10-16 14:26:03,Gateway_24e124fffef06fd1
28.988622,50.837926,3,60,Bare / sparse vegetation,140.92619842434718,353.98348199240877,-85,5.5,1.0,100.0,99,0.7,'bbc20572986ac467',2022-10-16 14:26:09,Gateway_24e124fffef06fd1
28.9888,50.837785,-1,50,Built-up,128.4020799530605,378.02554251938085,-77,8.0,1.0,100.0,91,0.6,'bbc20572986ac467',2022-10-16 14:26:15,Gateway_24e124fffef06fd1
28.988983,50.83765,2,50,Built-up,120.18678880524257,402.1894309680624,-85,11.0,1.0,100.0,99,0.6,'bbc20572986ac467',2022-10-16 14:26:21,Gateway_24e124fffef06fd1
28.989167,50.837513,3,50,Built-up,116.38401807631115,426.55658684966363,-83,11.2,1.0,100.0,97,0.6,'bbc20572986ac467',2022-10-16 14:26:27,Gateway_24e124fffef06fd1
28.98935,50.837376,3,50,Built-up,117.54340921565569,450.8332932866316,-72,9.8,1.0,100.0,86,0.6,'bbc20572986ac467',2022-10-16 14:26:33,Gateway_24e124fffef06fd1
28.989537,50.837237,3,50,Built-up,123.7986510897658,475.5863425567238,-85,9.0,1.0,100.0,99,0.6,'bbc20572986ac467',2022-10-16 14:26:39,Gateway_24e124fffef06fd1
28.989717,50.837101,3,50,Built-up,133.83328809577688,499.5348326524375,-81,10.2,1.0,100.0,95,0.6,'bbc20572986ac467',2022-10-16 14:26:45,Gateway_24e124fffef06fd1
28.989886,50.836965,4,50,Built-up,145.96469875594173,522.4780681309965,-83,9.8,1.0,100.0,97,0.6,'bbc20572986ac467',2022-10-16 14:26:51,Gateway_24e124fffef06fd1
28.990058,50.836833,5,50,Built-up,160.88541781878922,545.4748726145276,-79,8.0,1.0,100.0,93,0.6,'bbc20572986ac467',2022-10-16 14:26:57,Gateway_24e124fffef06fd1
28.990229,50.836706,6,50,Built-up,177.4894207954786,568.1048631557322,-83,9.5,1.0,100.0,97,0.6,'bbc20572986ac467',2022-10-16 14:27:06,Gateway_24e124fffef06fd1
28.990409,50.836567,6,50,Built-up,196.25137264195797,592.2188438642074,-75,10.8,1.0,100.0,89,0.6,'bbc20572986ac467',2022-10-16 14:27:09,Gateway_24e124fffef06fd1
28.990593,50.836433,5,50,Built-up,216.51036301961162,616.4238457074509,-85,9.8,1.0,100.0,99,0.6,'bbc20572986ac467',2022-10-16 14:27:15,Gateway_24e124fffef06fd1
28.990795,50.836294,9,50,Built-up,239.537453331864,642.5532089996321,-66,9.0,1.0,100.0,80,0.6,'bbc20572986ac467',2022-10-16 14:27:21,Gateway_24e124fffef06fd1
28.990795,50.836294,9,50,Built-up,239.537453331864,642.5532089996321,-79,9.2,1.0,100.0,93,0.6,'bbc20572986ac467',2022-10-16 14:27:29,Gateway_24e124fffef06fd1
28.991188,50.83602,8,50,Built-up,285.94456580051315,693.5916591666576,-81,10.2,1.0,100.0,95,0.6,'bbc20572986ac467',2022-10-16 14:27:33,Gateway_24e124fffef06fd1
28.991383,50.83588,6,50,Built-up,309.5933250520149,719.138851628115,-72,10.5,1.0,100.0,86,0.6,'bbc20572986ac467',2022-10-16 14:27:39,Gateway_24e124fffef06fd1
28.991576,50.835744,6,50,Built-up,333.22343596506573,744.2855089743372,-77,1.0,0.7,100.0,91,0.6,'bbc20572986ac467',2022-10-16 14:27:45,Gateway_24e124fffef06fd1
28.991775,50.83561,6,50,Built-up,357.6629067162126,769.877681512968,-75,-7.0,0.7,100.0,89,0.6,'bbc20572986ac467',2022-10-16 14:27:51,Gateway_24e124fffef06fd1
28.991975,50.835479,3,50,Built-up,382.2910339494995,795.4026805267738,-75,9.8,1.0,100.0,89,0.6,'bbc20572986ac467',2022-10-16 14:27:57,Gateway_24e124fffef06fd1
28.99215,50.835327,4,50,Built-up,404.9331466886848,819.7574985440635,-72,9.5,1.0,100.0,86,0.6,'bbc20572986ac467',2022-10-16 14:28:03,Gateway_24e124fffef06fd1
28.992311,50.83521,4,50,Built-up,425.28289637114506,840.9289954843402,-78,9.0,1.0,100.0,92,0.6,'bbc20572986ac467',2022-10-16 14:28:09,Gateway_24e124fffef06fd1
28.992481,50.835081,5,50,Built-up,447.015508735231,863.5794174562616,-83,9.5,1.0,100.0,97,0.6,'bbc20572986ac467',2022-10-16 14:28:15,Gateway_24e124fffef06fd1
28.992659,50.834951,6,50,Built-up,461.5682173339024,887.021550672266,-82,2.2,0.7,100.0,96,0.6,'bbc20572986ac467',2022-10-16 14:28:21,Gateway_e45f01fffe376ce6
28.992836,50.834825,6,50,Built-up,438.6265208094625,910.1555747140321,-93,9.0,1.0,100.0,107,0.6,'bbc20572986ac467',2022-10-16 14:28:27,Gateway_e45f01fffe376ce6
28.993022,50.834709,5,50,Built-up,415.57750871557556,933.5824400460546,-78,11.8,1.0,100.0,92,0.6,'bbc20572986ac467',2022-10-16 14:28:33,Gateway_e45f01fffe376ce6
28.99321,50.834595,7,60,Bare / sparse vegetation,392.54462475098205,957.0912045246836,-83,10.2,1.0,100.0,97,0.7,'bbc20572986ac467',2022-10-16 14:28:39,Gateway_e45f01fffe376ce6
28.993392,50.834476,7,50,Built-up,369.754122218788,980.3164543925558,-83,10.5,1.0,100.0,97,0.6,'bbc20572986ac467',2022-10-16 14:28:45,Gateway_e45f01fffe376ce6
28.993392,50.834476,7,50,Built-up,369.754122218788,980.3164543925558,-91,9.0,1.0,100.0,105,0.6,'bbc20572986ac467',2022-10-16 14:28:51,Gateway_e45f01fffe376ce6
28.993777,50.834251,3,50,Built-up,323.5734278931142,1028.0311951506317,-77,9.0,1.0,100.0,91,0.6,'bbc20572986ac467',2022-10-16 14:28:57,Gateway_e45f01fffe376ce6
28.993981,50.834148,6,60,Bare / sparse vegetation,300.46069603288646,1052.4660518594756,-82,9.5,1.0,100.0,96,0.7,'bbc20572986ac467',2022-10-16 14:29:03,Gateway_e45f01fffe376ce6
28.994182,50.834041,6,50,Built-up,277.56567529193103,1076.8448035273038,-75,4.2,0.9039999999999999,100.0,89,0.6,'bbc20572986ac467',2022-10-16 14:29:09,Gateway_e45f01fffe376ce6
28.994182,50.834041,6,50,Built-up,277.56567529193103,1076.8448035273038,-75,6.0,1.0,100.0,89,0.6,'bbc20572986ac467',2022-10-16 14:29:15,Gateway_e45f01fffe376ce6
28.994578,50.833779,1,50,Built-up,229.56622120976223,1127.5766317480127,-67,8.2,1.0,100.0,81,0.6,'bbc20572986ac467',2022-10-16 14:29:21,Gateway_e45f01fffe376ce6
28.994773,50.833641,1,50,Built-up,205.71421929166573,1153.0299386153922,-66,9.2,1.0,100.0,80,0.6,'bbc20572986ac467',2022-10-16 14:29:27,Gateway_e45f01fffe376ce6
28.994964,50.833489,2,50,Built-up,181.40712940581193,1178.8431211121492,-71,9.5,1.0,100.0,85,0.6,'bbc20572986ac467',2022-10-16 14:29:33,Gateway_e45f01fffe376ce6
28.995154,50.833339,0,50,Built-up,157.81169947231675,1204.4588978256684,-89,7.5,1.0,100.0,103,0.6,'bbc20572986ac467',2022-10-16 14:29:39,Gateway_e45f01fffe376ce6
28.995335,50.833189,5,50,Built-up,135.40094081313129,1229.2357136248427,-73,11.0,1.0,100.0,87,0.6,'bbc20572986ac467',2022-10-16 14:29:45,Gateway_e45f01fffe376ce6
28.995525,50.833043,5,50,Built-up,114.0142848685514,1254.6426955389504,-67,2.8,0.736,100.0,81,0.6,'bbc20572986ac467',2022-10-16 14:29:51,Gateway_e45f01fffe376ce6
28.995637,50.832816,6,50,Built-up,89.0813189517613,1277.0961123660975,-78,9.2,1.0,100.0,92,0.6,'bbc20572986ac467',2022-10-16 14:29:57,Gateway_e45f01fffe376ce6
28.995528,50.832341,3,50,Built-up,54.691115689283635,1293.1603954213626,-101,9.2,0.2,100.0,115,0.6,'bbc20572986ac467',2022-10-16 14:30:09,Gateway_e45f01fffe376ce6
28.995144,50.832523,4,50,Built-up,98.87429016438657,1248.209043562996,-83,-2.0,0.7,100.0,97,0.6,'bbc20572986ac467',2022-10-16 14:30:21,Gateway_e45f01fffe376ce6
28.995144,50.832523,4,50,Built-up,98.87429016438657,1248.209043562996,-80,-1.5,0.7,100.0,94,0.6,'bbc20572986ac467',2022-10-16 14:30:28,Gateway_e45f01fffe376ce6
28.994769,50.832807,5,50,Built-up,148.8007169980264,1198.309002903116,-76,10.5,1.0,100.0,90,0.6,'bbc20572986ac467',2022-10-16 14:30:33,Gateway_e45f01fffe376ce6
28.994568,50.832945,5,50,Built-up,174.78510914801564,1172.3760216684493,-79,8.8,1.0,100.0,93,0.6,'bbc20572986ac467',2022-10-16 14:30:39,Gateway_e45f01fffe376ce6
28.994364,50.833093,8,50,Built-up,201.5962312092276,1145.605302572156,-73,6.8,1.0,100.0,87,0.6,'bbc20572986ac467',2022-10-16 14:30:45,Gateway_e45f01fffe376ce6
28.993972,50.833354,12,50,Built-up,251.86859525213873,1095.5160686679042,-83,9.2,1.0,100.0,97,0.6,'bbc20572986ac467',2022-10-16 14:30:57,Gateway_e45f01fffe376ce6
28.993776,50.833497,12,50,Built-up,277.67684914973415,1069.7583591951902,-71,7.5,1.0,100.0,85,0.6,'bbc20572986ac467',2022-10-16 14:31:03,Gateway_e45f01fffe376ce6
28.993169,50.833908,9,50,Built-up,355.92434942137197,991.860361083029,-103,9.0,0.2,100.0,117,0.6,'bbc20572986ac467',2022-10-16 14:31:21,Gateway_e45f01fffe376ce6
28.992952,50.834062,9,50,Built-up,384.271984361407,963.6139118379875,-85,10.2,1.0,100.0,99,0.6,'bbc20572986ac467',2022-10-16 14:31:27,Gateway_e45f01fffe376ce6
28.992529,50.834386,7,50,Built-up,440.7792663351083,907.1702242564115,-83,10.2,1.0,100.0,97,0.6,'bbc20572986ac467',2022-10-16 14:31:45,Gateway_e45f01fffe376ce6
28.992458,50.834454,7,50,Built-up,450.98281913358375,896.8969704002733,-95,9.0,1.0,100.0,109,0.6,'bbc20572986ac467',2022-10-16 14:31:51,Gateway_e45f01fffe376ce6
28.992327,50.834562,8,50,Built-up,449.3651111965392,878.9680073332628,-91,9.0,1.0,100.0,105,0.6,'bbc20572986ac467',2022-10-16 14:32:04,Gateway_24e124fffef06fd1
28.992193,50.834666,8,50,Built-up,431.65424168336773,861.0092780414211,-79,-9.8,0.7,100.0,93,0.6,'bbc20572986ac467',2022-10-16 14:32:06,Gateway_24e124fffef06fd1
28.992054,50.834772,7,50,Built-up,413.38084522858935,842.492213803537,-99,8.2,1.0,100.0,113,0.6,'bbc20572986ac467',2022-10-16 14:32:10,Gateway_24e124fffef06fd1
28.991765,50.834967,6,50,Built-up,376.4364106747794,805.5013615047656,-94,7.5,1.0,100.0,108,0.6,'bbc20572986ac467',2022-10-16 14:32:21,Gateway_24e124fffef06fd1
28.991627,50.835069,6,50,Built-up,358.4839336543403,787.3175080388027,-82,-4.0,0.7,100.0,96,0.6,'bbc20572986ac467',2022-10-16 14:32:27,Gateway_24e124fffef06fd1
28.991492,50.835168,6,50,Built-up,340.9799735931289,769.5782349715645,-91,9.8,1.0,100.0,105,0.6,'bbc20572986ac467',2022-10-16 14:32:33,Gateway_24e124fffef06fd1
28.990897,50.835557,7,50,Built-up,265.834706881883,694.3001515385157,-101,9.8,0.2,100.0,115,0.6,'bbc20572986ac467',2022-10-16 14:32:57,Gateway_24e124fffef06fd1
28.990757,50.835663,7,50,Built-up,247.77825435710642,675.7303497749765,-83,8.8,1.0,100.0,97,0.6,'bbc20572986ac467',2022-10-16 14:33:03,Gateway_24e124fffef06fd1
28.990606,50.835759,6,50,Built-up,228.95011138558448,656.828366660005,-67,6.8,1.0,100.0,81,0.6,'bbc20572986ac467',2022-10-16 14:33:09,Gateway_24e124fffef06fd1
28.990461,50.835862,7,50,Built-up,210.6248943693527,638.0260690125319,-80,0.0,0.7,100.0,94,0.6,'bbc20572986ac467',2022-10-16 14:33:15,Gateway_24e124fffef06fd1
28.990308,50.835972,7,60,Bare / sparse vegetation,191.3869202136357,618.1145125531671,-88,8.0,1.0,100.0,102,0.7,'bbc20572986ac467',2022-10-16 14:33:21,Gateway_24e124fffef06fd1
28.99015,50.836087,7,50,Built-up,171.68763180485814,597.4753723143659,-87,9.8,1.0,100.0,101,0.6,'bbc20572986ac467',2022-10-16 14:33:27,Gateway_24e124fffef06fd1
28.989994,50.836204,7,50,Built-up,152.46248953825574,576.8921582688841,-96,10.5,1.0,100.0,110,0.6,'bbc20572986ac467',2022-10-16 14:33:33,Gateway_24e124fffef06fd1
28.989844,50.836321,5,50,Built-up,134.34256052950818,556.8270815776863,-87,-0.8,0.7,100.0,101,0.6,'bbc20572986ac467',2022-10-16 14:33:39,Gateway_24e124fffef06fd1
28.989704,50.836439,5,50,Built-up,117.99672592299177,537.5520123109839,-85,9.8,1.0,100.0,99,0.6,'bbc20572986ac467',2022-10-16 14:33:45,Gateway_24e124fffef06fd1
28.989579,50.836555,4,50,Built-up,104.33092637212265,519.6738973899459,-69,9.8,1.0,100.0,83,0.6,'bbc20572986ac467',2022-10-16 14:33:51,Gateway_24e124fffef06fd1
28.989462,50.836645,4,50,Built-up,92.51484219476146,504.1123116840953,-75,5.0,1.0,100.0,89,0.6,'bbc20572986ac467',2022-10-16 14:33:57,Gateway_24e124fffef06fd1
28.989383,50.83677,3,50,Built-up,87.06493858372073,489.56052236577125,-78,0.2,0.7,100.0,92,0.6,'bbc20572986ac467',2022-10-16 14:34:03,Gateway_24e124fffef06fd1
28.989261,50.836854,3,60,Bare / sparse vegetation,77.88279571306362,473.9472028739546,-77,9.5,1.0,100.0,91,0.7,'bbc20572986ac467',2022-10-16 14:34:09,Gateway_24e124fffef06fd1
28.989107,50.836922,5,50,Built-up,67.33772812356935,456.6834022689063,-85,7.5,1.0,100.0,99,0.6,'bbc20572986ac467',2022-10-16 14:34:15,Gateway_24e124fffef06fd1
28.988984,50.836967,5,50,Built-up,60.87651322180298,443.559277055979,-78,10.2,1.0,100.0,92,0.6,'bbc20572986ac467',2022-10-16 14:34:25,Gateway_24e124fffef06fd1
28.988984,50.836967,5,50,Built-up,60.87651322180298,443.559277055979,-87,12.0,1.0,100.0,101,0.6,'bbc20572986ac467',2022-10-16 14:34:30,Gateway_24e124fffef06fd1
28.988717,50.837022,4,50,Built-up,53.50269396538279,418.21802965677625,-83,9.8,1.0,100.0,97,0.6,'bbc20572986ac467',2022-10-16 14:34:33,Gateway_24e124fffef06fd1
28.98855,50.837036,3,50,Built-up,55.092572008667204,404.11770054303156,-79,8.0,1.0,100.0,93,0.6,'bbc20572986ac467',2022-10-16 14:34:39,Gateway_24e124fffef06fd1
28.98838,50.837038,3,50,Built-up,61.5409097952706,391.0281825366291,-84,-3.0,0.7,100.0,98,0.6,'bbc20572986ac467',2022-10-16 14:34:45,Gateway_24e124fffef06fd1
28.988207,50.837039,3,50,Built-up,72.59941710328792,378.2836696074328,-81,9.8,1.0,100.0,95,0.6,'bbc20572986ac467',2022-10-16 14:34:51,Gateway_24e124fffef06fd1
28.988207,50.837039,3,50,Built-up,72.59941710328792,378.2836696074328,-87,9.5,1.0,100.0,101,0.6,'bbc20572986ac467',2022-10-16 14:34:55,Gateway_24e124fffef06fd1
28.988207,50.837039,3,50,Built-up,72.59941710328792,378.2836696074328,-77,13.0,1.0,100.0,91,0.6,'bbc20572986ac467',2022-10-16 14:35:01,Gateway_24e124fffef06fd1
28.988207,50.837039,3,50,Built-up,72.59941710328792,378.2836696074328,-77,-3.0,0.7,100.0,91,0.6,'bbc20572986ac467',2022-10-16 14:35:09,Gateway_24e124fffef06fd1
28.987577,50.837238,3,50,Built-up,139.05928749332116,320.9331529426761,-78,8.0,1.0,100.0,92,0.6,'bbc20572986ac467',2022-10-16 14:35:15,Gateway_24e124fffef06fd1
28.98705,50.837658,5,50,Built-up,210.32053617455682,256.18997682990664,-85,9.2,1.0,100.0,99,0.6,'bbc20572986ac467',2022-10-16 14:35:39,Gateway_24e124fffef06fd1
28.987095,50.837802,5,50,Built-up,214.29056045817973,246.1918305759102,-83,8.0,1.0,100.0,97,0.6,'bbc20572986ac467',2022-10-16 14:35:45,Gateway_24e124fffef06fd1
28.987095,50.837802,5,50,Built-up,214.29056045817973,246.1918305759102,-81,9.0,1.0,100.0,95,0.6,'bbc20572986ac467',2022-10-16 14:35:50,Gateway_24e124fffef06fd1
28.987255,50.838101,6,50,Built-up,220.26798450048847,231.50752987384303,-77,4.8,0.976,100.0,91,0.6,'bbc20572986ac467',2022-10-16 14:35:57,Gateway_24e124fffef06fd1
28.987346,50.838258,6,60,Bare / sparse vegetation,224.9241902555461,225.9969753665156,-79,10.0,1.0,100.0,93,0.7,'bbc20572986ac467',2022-10-16 14:36:03,Gateway_24e124fffef06fd1
28.987346,50.838258,6,60,Bare / sparse vegetation,224.9241902555461,225.9969753665156,-84,9.0,1.0,100.0,98,0.7,'bbc20572986ac467',2022-10-16 14:36:07,Gateway_24e124fffef06fd1
28.987346,50.838258,6,60,Bare / sparse vegetation,224.9241902555461,225.9969753665156,-81,11.8,1.0,100.0,95,0.7,'bbc20572986ac467',2022-10-16 14:36:12,Gateway_24e124fffef06fd1
28.987543,50.838547,3,50,Built-up,235.28083250109734,222.0297830159215,-82,1.5,0.7,100.0,96,0.6,'bbc20572986ac467',2022-10-16 14:36:15,Gateway_24e124fffef06fd1
28.987702,50.838574,3,50,Built-up,229.01761975886313,234.30160692920117,-90,8.5,1.0,100.0,104,0.6,'bbc20572986ac467',2022-10-16 14:36:21,Gateway_24e124fffef06fd1
28.987874,50.838508,3,50,Built-up,215.09304223112022,253.53901365631904,-75,-5.0,0.7,100.0,89,0.6,'bbc20572986ac467',2022-10-16 14:36:27,Gateway_24e124fffef06fd1
28.987874,50.838508,3,50,Built-up,215.09304223112022,253.53901365631904,-90,0.5,0.7,100.0,104,0.6,'bbc20572986ac467',2022-10-16 14:36:32,Gateway_24e124fffef06fd1
28.988163,50.838298,6,50,Built-up,184.88392185085058,291.5202480057959,-91,8.8,1.0,100.0,105,0.6,'bbc20572986ac467',2022-10-16 14:36:39,Gateway_24e124fffef06fd1
28.988295,50.83818,6,50,Built-up,170.02029615088517,310.09628615567357,-83,11.0,1.0,100.0,97,0.6,'bbc20572986ac467',2022-10-16 14:36:45,Gateway_24e124fffef06fd1
28.988424,50.838055,5,50,Built-up,155.33912772420666,328.7966797838552,-85,9.2,1.0,100.0,99,0.6,'bbc20572986ac467',2022-10-16 14:36:51,Gateway_24e124fffef06fd1
28.988556,50.83795,5,50,Built-up,143.55313720307032,346.64993645637395,-81,10.2,1.0,100.0,95,0.6,'bbc20572986ac467',2022-10-16 14:36:57,Gateway_24e124fffef06fd1
28.988685,50.837848,-1,50,Built-up,133.4042380768198,364.06299374764103,-88,5.8,1.0,100.0,102,0.6,'bbc20572986ac467',2022-10-16 14:37:03,Gateway_24e124fffef06fd1
28.988814,50.837746,-1,50,Built-up,124.86929078232306,381.476078082401,-77,9.0,1.0,100.0,91,0.6,'bbc20572986ac467',2022-10-16 14:37:09,Gateway_24e124fffef06fd1
28.988944,50.837646,2,60,Bare / sparse vegetation,118.51649410930065,398.86770006910854,-87,10.0,1.0,100.0,101,0.7,'bbc20572986ac467',2022-10-16 14:37:15,Gateway_24e124fffef06fd1
28.989077,50.837558,5,50,Built-up,115.67865506380122,415.8614722780142,-79,-3.8,0.7,100.0,93,0.6,'bbc20572986ac467',2022-10-16 14:37:21,Gateway_24e124fffef06fd1
28.989212,50.83747,3,50,Built-up,115.44127204200443,433.0421950743646,-84,4.5,0.94,100.0,98,0.6,'bbc20572986ac467',2022-10-16 14:37:27,Gateway_24e124fffef06fd1
28.989349,50.837372,3,50,Built-up,117.17979121835933,450.9632683082557,-73,10.0,1.0,100.0,87,0.6,'bbc20572986ac467',2022-10-16 14:37:33,Gateway_24e124fffef06fd1
28.989349,50.837372,3,50,Built-up,117.17979121835933,450.9632683082557,-87,9.2,1.0,100.0,101,0.6,'bbc20572986ac467',2022-10-16 14:37:37,Gateway_24e124fffef06fd1
28.989349,50.837372,3,50,Built-up,117.17979121835933,450.9632683082557,-83,-8.8,0.7,100.0,97,0.6,'bbc20572986ac467',2022-10-16 14:37:43,Gateway_24e124fffef06fd1
28.989349,50.837372,3,50,Built-up,117.17979121835933,450.9632683082557,-77,4.0,0.8799999999999999,100.0,91,0.6,'bbc20572986ac467',2022-10-16 14:37:49,Gateway_24e124fffef06fd1
28.989349,50.837372,3,50,Built-up,117.17979121835933,450.9632683082557,-84,9.2,1.0,100.0,98,0.6,'bbc20572986ac467',2022-10-16 14:37:54,Gateway_24e124fffef06fd1
28.989898,50.836963,4,50,Built-up,147.1612506760235,523.6851350017542,-74,-5.8,0.7,100.0,88,0.6,'bbc20572986ac467',2022-10-16 14:37:57,Gateway_24e124fffef06fd1
28.990048,50.836854,5,50,Built-up,160.25584800809517,543.4041577931623,-84,1.8,0.7,100.0,98,0.6,'bbc20572986ac467',2022-10-16 14:38:03,Gateway_24e124fffef06fd1
28.990182,50.836737,5,50,Built-up,172.73369083478306,562.1001434039512,-95,8.8,1.0,100.0,109,0.6,'bbc20572986ac467',2022-10-16 14:38:09,Gateway_24e124fffef06fd1
28.990321,50.836618,6,50,Built-up,186.79932458499258,581.3648904407859,-78,9.5,1.0,100.0,92,0.6,'bbc20572986ac467',2022-10-16 14:38:15,Gateway_24e124fffef06fd1
28.990463,50.836515,6,50,Built-up,202.08206934319918,600.0205834109829,-79,10.0,1.0,100.0,93,0.6,'bbc20572986ac467',2022-10-16 14:38:21,Gateway_24e124fffef06fd1
28.99061,50.836411,5,50,Built-up,218.44962649253287,619.189239270772,-85,10.8,1.0,100.0,99,0.6,'bbc20572986ac467',2022-10-16 14:38:27,Gateway_24e124fffef06fd1
28.990765,50.8363,9,50,Built-up,236.1779078413273,639.4759388466183,-78,4.0,0.8799999999999999,100.0,92,0.6,'bbc20572986ac467',2022-10-16 14:38:33,Gateway_24e124fffef06fd1
28.990904,50.836196,6,50,Built-up,252.45334039970385,657.913961716637,-84,7.8,1.0,100.0,98,0.6,'bbc20572986ac467',2022-10-16 14:38:39,Gateway_24e124fffef06fd1
28.991044,50.836089,8,50,Built-up,269.15931706461174,676.6083525232643,-75,10.2,1.0,100.0,89,0.6,'bbc20572986ac467',2022-10-16 14:38:45,Gateway_24e124fffef06fd1
28.991044,50.836089,8,50,Built-up,269.15931706461174,676.6083525232643,-70,9.2,1.0,100.0,84,0.6,'bbc20572986ac467',2022-10-16 14:38:49,Gateway_24e124fffef06fd1
28.991044,50.836089,8,50,Built-up,269.15931706461174,676.6083525232643,-75,11.5,1.0,100.0,89,0.6,'bbc20572986ac467',2022-10-16 14:38:55,Gateway_24e124fffef06fd1
28.991044,50.836089,8,50,Built-up,269.15931706461174,676.6083525232643,-78,11.8,1.0,100.0,92,0.6,'bbc20572986ac467',2022-10-16 14:39:01,Gateway_24e124fffef06fd1
28.991044,50.836089,8,50,Built-up,269.15931706461174,676.6083525232643,-70,-0.5,0.7,100.0,84,0.6,'bbc20572986ac467',2022-10-16 14:39:09,Gateway_24e124fffef06fd1
28.991044,50.836089,8,50,Built-up,269.15931706461174,676.6083525232643,-75,11.5,1.0,100.0,89,0.6,'bbc20572986ac467',2022-10-16 14:39:15,Gateway_24e124fffef06fd1
28.991044,50.836089,8,50,Built-up,269.15931706461174,676.6083525232643,-84,3.5,0.82,100.0,98,0.6,'bbc20572986ac467',2022-10-16 14:39:19,Gateway_24e124fffef06fd1
28.991044,50.836089,8,50,Built-up,269.15931706461174,676.6083525232643,-76,11.0,1.0,100.0,90,0.6,'bbc20572986ac467',2022-10-16 14:39:27,Gateway_24e124fffef06fd1
28.992091,50.835323,5,50,Built-up,398.76479070441786,814.546201703915,-81,6.5,1.0,100.0,95,0.6,'bbc20572986ac467',2022-10-16 14:39:33,Gateway_24e124fffef06fd1
28.992216,50.835228,4,50,Built-up,414.7010959406665,831.208705222955,-77,9.5,1.0,100.0,91,0.6,'bbc20572986ac467',2022-10-16 14:39:39,Gateway_24e124fffef06fd1
28.992335,50.835137,7,50,Built-up,429.9402461993752,847.1019375328576,-81,7.5,1.0,100.0,95,0.6,'bbc20572986ac467',2022-10-16 14:39:45,Gateway_24e124fffef06fd1
28.992454,50.835047,5,50,Built-up,445.19456201406217,862.940655789975,-77,6.2,1.0,100.0,91,0.6,'bbc20572986ac467',2022-10-16 14:39:51,Gateway_24e124fffef06fd1
28.992572,50.834963,5,50,Built-up,460.1952940355922,878.3606253228407,-69,8.0,1.0,100.0,83,0.6,'bbc20572986ac467',2022-10-16 14:39:57,Gateway_24e124fffef06fd1
28.992572,50.834963,5,50,Built-up,460.1952940355922,878.3606253228407,-85,9.8,1.0,100.0,99,0.6,'bbc20572986ac467',2022-10-16 14:40:02,Gateway_24e124fffef06fd1
28.992821,50.834795,6,50,Built-up,438.044640570302,910.3976048734644,-82,1.5,0.7,100.0,96,0.6,'bbc20572986ac467',2022-10-16 14:40:09,Gateway_e45f01fffe376ce6
28.992962,50.83471,5,50,Built-up,420.7241662030719,927.9917186458599,-91,8.0,1.0,100.0,105,0.6,'bbc20572986ac467',2022-10-16 14:40:15,Gateway_e45f01fffe376ce6
28.993095,50.834622,8,50,Built-up,403.92247793960803,945.0133073693069,-85,10.5,1.0,100.0,99,0.6,'bbc20572986ac467',2022-10-16 14:40:21,Gateway_e45f01fffe376ce6
28.993219,50.834539,7,60,Bare / sparse vegetation,388.2169314604843,960.935614704728,-79,-3.5,0.7,100.0,93,0.7,'bbc20572986ac467',2022-10-16 14:40:27,Gateway_e45f01fffe376ce6
28.993332,50.83447,7,50,Built-up,374.3474850990542,975.0885578844725,-83,-9.0,0.7,100.0,97,0.6,'bbc20572986ac467',2022-10-16 14:40:33,Gateway_e45f01fffe376ce6
28.993461,50.834379,4,50,Built-up,357.75555466947765,991.9052774005143,-79,8.0,1.0,100.0,93,0.6,'bbc20572986ac467',2022-10-16 14:40:39,Gateway_e45f01fffe376ce6
28.993611,50.834302,6,50,Built-up,340.3811408218806,1009.9133950916553,-82,2.0,0.7,100.0,96,0.6,'bbc20572986ac467',2022-10-16 14:40:50,Gateway_e45f01fffe376ce6
28.994072,50.834061,6,60,Bare / sparse vegetation,287.35071050686275,1065.538063429971,-73,10.8,1.0,100.0,87,0.7,'bbc20572986ac467',2022-10-16 14:41:03,Gateway_e45f01fffe376ce6
28.994224,50.833973,6,50,Built-up,269.53871140590263,1084.342702449666,-95,7.2,1.0,100.0,109,0.6,'bbc20572986ac467',2022-10-16 14:41:09,Gateway_e45f01fffe376ce6
28.994224,50.833973,6,50,Built-up,269.53871140590263,1084.342702449666,-83,-1.8,0.7,100.0,97,0.6,'bbc20572986ac467',2022-10-16 14:41:13,Gateway_e45f01fffe376ce6
28.994224,50.833973,6,50,Built-up,269.53871140590263,1084.342702449666,-81,11.5,1.0,100.0,95,0.6,'bbc20572986ac467',2022-10-16 14:41:19,Gateway_e45f01fffe376ce6
28.994224,50.833973,6,50,Built-up,269.53871140590263,1084.342702449666,-71,11.0,1.0,100.0,85,0.6,'bbc20572986ac467',2022-10-16 14:41:24,Gateway_e45f01fffe376ce6
28.994666,50.833696,1,50,Built-up,217.16577717743465,1140.1500380848356,-71,-1.5,0.7,100.0,85,0.6,'bbc20572986ac467',2022-10-16 14:41:27,Gateway_e45f01fffe376ce6
28.994814,50.833596,0,50,Built-up,199.48968401439637,1159.2194801123994,-75,11.5,1.0,100.0,89,0.6,'bbc20572986ac467',2022-10-16 14:41:33,Gateway_e45f01fffe376ce6
28.994962,50.833493,2,50,Built-up,181.85430491338076,1178.4465226363968,-75,8.2,1.0,100.0,89,0.6,'bbc20572986ac467',2022-10-16 14:41:39,Gateway_e45f01fffe376ce6
28.995108,50.833384,0,50,Built-up,164.19094375834842,1197.8014036128427,-71,9.0,1.0,100.0,85,0.6,'bbc20572986ac467',2022-10-16 14:41:45,Gateway_e45f01fffe376ce6
28.995249,50.83328,3,50,Built-up,147.64523371040133,1216.4270077000322,-83,10.2,1.0,100.0,97,0.6,'bbc20572986ac467',2022-10-16 14:41:51,Gateway_e45f01fffe376ce6
28.995382,50.83317,5,50,Built-up,131.49005560969866,1234.6206355344448,-75,2.8,0.736,100.0,89,0.6,'bbc20572986ac467',2022-10-16 14:41:57,Gateway_e45f01fffe376ce6
28.995382,50.83317,5,50,Built-up,131.49005560969866,1234.6206355344448,-77,10.0,1.0,100.0,91,0.6,'bbc20572986ac467',2022-10-16 14:42:03,Gateway_e45f01fffe376ce6
28.99561,50.83289,6,60,Bare / sparse vegetation,96.85851021402723,1270.6479601383865,-69,9.2,1.0,100.0,83,0.7,'bbc20572986ac467',2022-10-16 14:42:09,Gateway_e45f01fffe376ce6
28.995641,50.832705,4,60,Bare / sparse vegetation,78.67261423344699,1283.4264502466522,-73,-6.5,0.7,100.0,87,0.7,'bbc20572986ac467',2022-10-16 14:42:15,Gateway_e45f01fffe376ce6
28.995609,50.832518,4,50,Built-up,63.35258223510966,1290.680702931361,-89,10.2,1.0,100.0,103,0.6,'bbc20572986ac467',2022-10-16 14:42:21,Gateway_e45f01fffe376ce6
28.995609,50.832518,4,50,Built-up,63.35258223510966,1290.680702931361,-101,4.2,0.95,100.0,115,0.6,'bbc20572986ac467',2022-10-16 14:42:25,Gateway_e45f01fffe376ce6
28.995609,50.832518,4,50,Built-up,63.35258223510966,1290.680702931361,-91,4.8,0.976,100.0,105,0.6,'bbc20572986ac467',2022-10-16 14:42:31,Gateway_e45f01fffe376ce6
28.995609,50.832518,4,50,Built-up,63.35258223510966,1290.680702931361,-93,8.0,1.0,100.0,107,0.6,'bbc20572986ac467',2022-10-16 14:42:37,Gateway_e45f01fffe376ce6
28.995609,50.832518,4,50,Built-up,63.35258223510966,1290.680702931361,-101,10.0,0.2,100.0,115,0.6,'bbc20572986ac467',2022-10-16 14:42:42,Gateway_e45f01fffe376ce6
28.995102,50.832482,4,50,Built-up,100.58717164759678,1246.7758937760086,-79,9.2,1.0,100.0,93,0.6,'bbc20572986ac467',2022-10-16 14:42:45,Gateway_e45f01fffe376ce6
28.994968,50.83258,5,50,Built-up,118.24055939653647,1229.1475672248264,-83,10.5,1.0,100.0,97,0.6,'bbc20572986ac467',2022-10-16 14:42:51,Gateway_e45f01fffe376ce6
28.99471,50.832787,5,60,Bare / sparse vegetation,153.1827868944458,1194.15752569835,-90,10.2,1.0,100.0,104,0.7,'bbc20572986ac467',2022-10-16 14:43:03,Gateway_e45f01fffe376ce6
28.994577,50.832885,5,60,Bare / sparse vegetation,170.74626001295343,1176.620014474341,-81,7.8,1.0,100.0,95,0.7,'bbc20572986ac467',2022-10-16 14:43:09,Gateway_e45f01fffe376ce6
28.994577,50.832885,5,60,Bare / sparse vegetation,170.74626001295343,1176.620014474341,-85,10.2,1.0,100.0,99,0.7,'bbc20572986ac467',2022-10-16 14:43:13,Gateway_e45f01fffe376ce6
28.994577,50.832885,5,60,Bare / sparse vegetation,170.74626001295343,1176.620014474341,-71,1.2,0.7,100.0,85,0.7,'bbc20572986ac467',2022-10-16 14:43:18,Gateway_e45f01fffe376ce6
28.994577,50.832885,5,60,Bare / sparse vegetation,170.74626001295343,1176.620014474341,-85,12.2,1.0,100.0,99,0.7,'bbc20572986ac467',2022-10-16 14:43:24,Gateway_e45f01fffe376ce6
28.994577,50.832885,5,60,Bare / sparse vegetation,170.74626001295343,1176.620014474341,-83,10.0,1.0,100.0,97,0.7,'bbc20572986ac467',2022-10-16 14:43:29,Gateway_e45f01fffe376ce6
28.994074,50.833277,11,50,Built-up,238.30052687643808,1109.0701156523983,-73,10.0,1.0,100.0,87,0.6,'bbc20572986ac467',2022-10-16 14:43:33,Gateway_e45f01fffe376ce6
28.993953,50.833372,12,50,Built-up,254.59068223262554,1092.7806733289092,-83,8.5,1.0,100.0,97,0.6,'bbc20572986ac467',2022-10-16 14:43:39,Gateway_e45f01fffe376ce6
28.993833,50.833459,12,50,Built-up,270.3621588727723,1077.0419821408996,-72,5.8,1.0,100.0,86,0.6,'bbc20572986ac467',2022-10-16 14:43:45,Gateway_e45f01fffe376ce6
28.993709,50.833549,12,50,Built-up,286.66478231534734,1060.773938065723,-89,9.5,1.0,100.0,103,0.6,'bbc20572986ac467',2022-10-16 14:43:51,Gateway_e45f01fffe376ce6
28.993585,50.833644,9,50,Built-up,303.2335091795331,1044.2179056898804,-101,10.2,0.2,100.0,115,0.6,'bbc20572986ac467',2022-10-16 14:43:57,Gateway_e45f01fffe376ce6
28.993585,50.833644,9,50,Built-up,303.2335091795331,1044.2179056898804,-79,9.8,1.0,100.0,93,0.6,'bbc20572986ac467',2022-10-16 14:44:03,Gateway_e45f01fffe376ce6
28.993331,50.833825,10,50,Built-up,336.4493274498981,1011.094204622726,-103,7.0,0.2,100.0,117,0.6,'bbc20572986ac467',2022-10-16 14:44:09,Gateway_e45f01fffe376ce6
28.993183,50.83392,10,50,Built-up,355.24993123793,992.4052480130878,-91,2.8,0.736,100.0,105,0.6,'bbc20572986ac467',2022-10-16 14:44:15,Gateway_e45f01fffe376ce6
28.99304,50.834028,9,50,Built-up,374.2737198919412,973.4078281593543,-92,9.2,1.0,100.0,106,0.6,'bbc20572986ac467',2022-10-16 14:44:25,Gateway_e45f01fffe376ce6
28.99304,50.834028,9,50,Built-up,374.2737198919412,973.4078281593543,-84,4.8,0.976,100.0,98,0.6,'bbc20572986ac467',2022-10-16 14:44:39,Gateway_e45f01fffe376ce6
28.992521,50.834426,7,50,Built-up,443.63933050760426,904.1158929239515,-94,5.8,1.0,100.0,108,0.6,'bbc20572986ac467',2022-10-16 14:44:45,Gateway_e45f01fffe376ce6
28.992521,50.834426,7,50,Built-up,443.63933050760426,904.1158929239515,-96,9.2,1.0,100.0,110,0.6,'bbc20572986ac467',2022-10-16 14:44:55,Gateway_e45f01fffe376ce6
28.992521,50.834426,7,50,Built-up,443.63933050760426,904.1158929239515,-88,0.2,0.7,100.0,102,0.6,'bbc20572986ac467',2022-10-16 14:45:01,Gateway_e45f01fffe376ce6
28.992521,50.834426,7,50,Built-up,443.63933050760426,904.1158929239515,-85,7.8,1.0,100.0,99,0.6,'bbc20572986ac467',2022-10-16 14:45:07,Gateway_e45f01fffe376ce6
28.992521,50.834426,7,50,Built-up,443.63933050760426,904.1158929239515,-95,9.2,1.0,100.0,109,0.6,'bbc20572986ac467',2022-10-16 14:45:12,Gateway_e45f01fffe376ce6
28.991589,50.835122,6,50,Built-up,352.62744347718643,780.8304704330722,-93,8.8,1.0,100.0,107,0.6,'bbc20572986ac467',2022-10-16 14:45:27,Gateway_24e124fffef06fd1
28.991446,50.835213,7,50,Built-up,334.61620091074167,762.8625406948158,-96,5.0,1.0,100.0,110,0.6,'bbc20572986ac467',2022-10-16 14:45:33,Gateway_24e124fffef06fd1
28.991299,50.835306,7,50,Built-up,316.1383048843462,744.4344574544737,-101,5.2,0.2,100.0,115,0.6,'bbc20572986ac467',2022-10-16 14:45:44,Gateway_24e124fffef06fd1
28.991023,50.835523,7,50,Built-up,280.1019584701398,707.3098558768913,-102,1.5,0.9,100.0,116,0.6,'bbc20572986ac467',2022-10-16 14:45:51,Gateway_24e124fffef06fd1
28.990873,50.835617,7,50,Built-up,261.393760435392,688.5806599217744,-93,7.0,1.0,100.0,107,0.6,'bbc20572986ac467',2022-10-16 14:45:57,Gateway_24e124fffef06fd1
28.990726,50.835717,7,50,Built-up,242.86469239806104,669.7610197257771,-79,-8.8,0.7,100.0,93,0.6,'bbc20572986ac467',2022-10-16 14:46:03,Gateway_24e124fffef06fd1
28.990587,50.835816,6,50,Built-up,225.2890495212286,651.7034491645716,-76,9.0,1.0,100.0,90,0.6,'bbc20572986ac467',2022-10-16 14:46:09,Gateway_24e124fffef06fd1
28.990315,50.836026,6,60,Bare / sparse vegetation,190.84839909178112,615.3889264986253,-88,10.2,1.0,100.0,102,0.7,'bbc20572986ac467',2022-10-16 14:46:21,Gateway_24e124fffef06fd1
28.990032,50.83624,7,50,Built-up,156.04574137720792,577.8995908506726,-96,8.8,1.0,100.0,110,0.6,'bbc20572986ac467',2022-10-16 14:46:33,Gateway_24e124fffef06fd1
28.989876,50.836344,5,50,Built-up,137.63236196735718,558.112008387997,-89,9.0,1.0,100.0,103,0.6,'bbc20572986ac467',2022-10-16 14:46:39,Gateway_24e124fffef06fd1
28.989724,50.83645,5,50,Built-up,120.18133810755427,538.5576121198615,-87,10.0,1.0,100.0,101,0.6,'bbc20572986ac467',2022-10-16 14:46:45,Gateway_24e124fffef06fd1
28.989596,50.836565,4,50,Built-up,106.28208869882414,520.4862938807449,-73,2.2,0.7,100.0,87,0.6,'bbc20572986ac467',2022-10-16 14:46:51,Gateway_24e124fffef06fd1
28.989525,50.836675,4,50,Built-up,99.91319568208166,507.5760617869406,-77,5.0,1.0,100.0,91,0.6,'bbc20572986ac467',2022-10-16 14:46:57,Gateway_24e124fffef06fd1
28.989434,50.836811,4,60,Bare / sparse vegetation,93.72852713726735,491.36654190340795,-94,9.0,1.0,100.0,108,0.7,'bbc20572986ac467',2022-10-16 14:47:03,Gateway_24e124fffef06fd1
28.98948,50.836975,4,50,Built-up,104.85610503956252,485.45867723819896,-79,10.2,1.0,100.0,93,0.6,'bbc20572986ac467',2022-10-16 14:47:09,Gateway_24e124fffef06fd1
28.989536,50.837114,3,50,Built-up,116.95864002401386,482.38362218959605,-77,2.5,0.7,100.0,91,0.6,'bbc20572986ac467',2022-10-16 14:47:15,Gateway_24e124fffef06fd1
28.989439,50.837242,3,50,Built-up,115.57010481163593,466.39253139647883,-64,9.0,1.0,100.0,78,0.6,'bbc20572986ac467',2022-10-16 14:47:21,Gateway_24e124fffef06fd1
28.989288,50.837344,3,50,Built-up,110.66758649274881,446.9893431003185,-91,9.5,1.0,100.0,105,0.6,'bbc20572986ac467',2022-10-16 14:47:27,Gateway_24e124fffef06fd1
28.988854,50.83767,-1,50,Built-up,118.36566327269342,389.3810518993837,-73,8.0,1.0,100.0,87,0.6,'bbc20572986ac467',2022-10-16 14:47:45,Gateway_24e124fffef06fd1
28.988719,50.837768,-1,50,Built-up,125.82002773674175,371.65793881584347,-90,4.5,0.94,100.0,104,0.6,'bbc20572986ac467',2022-10-16 14:47:51,Gateway_24e124fffef06fd1
28.988594,50.83787,-1,50,Built-up,135.55083557834482,354.60672406365467,-75,7.8,1.0,100.0,89,0.6,'bbc20572986ac467',2022-10-16 14:47:57,Gateway_24e124fffef06fd1
28.988339,50.838075,5,60,Bare / sparse vegetation,158.97226758138353,319.99811309379334,-75,6.0,1.0,100.0,89,0.7,'bbc20572986ac467',2022-10-16 14:48:09,Gateway_24e124fffef06fd1
28.988209,50.838174,6,60,Bare / sparse vegetation,171.85272176173635,302.67002938930085,-82,8.8,1.0,100.0,96,0.7,'bbc20572986ac467',2022-10-16 14:48:15,Gateway_24e124fffef06fd1
28.987952,50.83835,5,60,Bare / sparse vegetation,197.54251518539587,269.559964832612,-81,9.8,1.0,100.0,95,0.7,'bbc20572986ac467',2022-10-16 14:48:27,Gateway_24e124fffef06fd1
28.987952,50.83835,5,60,Bare / sparse vegetation,197.54251518539587,269.559964832612,-85,8.8,1.0,100.0,99,0.7,'bbc20572986ac467',2022-10-16 14:48:28,Gateway_24e124fffef06fd1
28.987817,50.838416,3,50,Built-up,209.5576953348091,253.7420720177615,-81,9.2,1.0,100.0,95,0.6,'bbc20572986ac467',2022-10-16 14:48:33,Gateway_24e124fffef06fd1
28.987577,50.838566,3,50,Built-up,234.9557894183845,223.78434785149904,-75,8.2,1.0,100.0,89,0.6,'bbc20572986ac467',2022-10-16 14:48:45,Gateway_24e124fffef06fd1
28.987687,50.838624,3,50,Built-up,234.1150055322556,230.09186912082563,-93,-3.2,0.7,100.0,107,0.6,'bbc20572986ac467',2022-10-16 14:48:51,Gateway_24e124fffef06fd1
28.987835,50.838563,3,60,Bare / sparse vegetation,221.7315851533973,246.93155980113,-81,9.8,1.0,100.0,95,0.7,'bbc20572986ac467',2022-10-16 14:48:57,Gateway_24e124fffef06fd1
28.987835,50.838563,3,60,Bare / sparse vegetation,221.7315851533973,246.93155980113,-83,9.5,1.0,100.0,97,0.7,'bbc20572986ac467',2022-10-16 14:49:03,Gateway_24e124fffef06fd1
28.988139,50.838479,4,60,Bare / sparse vegetation,202.5618466131363,279.5991478969005,-79,-3.0,0.7,100.0,93,0.7,'bbc20572986ac467',2022-10-16 14:49:09,Gateway_24e124fffef06fd1
28.988293,50.838488,4,50,Built-up,199.42280547976804,293.7702329692634,-99,9.5,1.0,100.0,113,0.6,'bbc20572986ac467',2022-10-16 14:49:15,Gateway_24e124fffef06fd1
28.988578,50.838319,6,50,Built-up,179.3414959971347,329.3618907476037,-82,8.0,1.0,100.0,96,0.6,'bbc20572986ac467',2022-10-16 14:49:27,Gateway_24e124fffef06fd1
28.988847,50.83811,3,50,Built-up,160.4909938881888,365.3683199168962,-83,4.0,0.8799999999999999,100.0,97,0.6,'bbc20572986ac467',2022-10-16 14:49:39,Gateway_24e124fffef06fd1
28.988976,50.838,3,50,Built-up,152.73285245352574,383.12570074959797,-79,6.5,1.0,100.0,93,0.6,'bbc20572986ac467',2022-10-16 14:49:45,Gateway_24e124fffef06fd1
28.98911,50.837892,3,50,Built-up,147.12916148116162,401.26909157658855,-95,9.2,1.0,100.0,109,0.6,'bbc20572986ac467',2022-10-16 14:49:51,Gateway_24e124fffef06fd1
28.989241,50.837784,2,50,Built-up,143.47455815103646,419.1326270741998,-85,9.2,1.0,100.0,99,0.6,'bbc20572986ac467',2022-10-16 14:49:57,Gateway_24e124fffef06fd1
28.989336,50.837638,2,50,Built-up,136.69341213537965,435.5399882645626,-84,8.5,1.0,100.0,98,0.6,'bbc20572986ac467',2022-10-16 14:50:03,Gateway_24e124fffef06fd1
28.989346,50.837457,3,50,Built-up,123.23795630520551,446.03480959792597,-75,9.8,1.0,100.0,89,0.6,'bbc20572986ac467',2022-10-16 14:50:09,Gateway_24e124fffef06fd1
28.989473,50.837347,1,60,Bare / sparse vegetation,125.14948169980133,463.6953751141316,-79,7.2,1.0,100.0,93,0.7,'bbc20572986ac467',2022-10-16 14:50:15,Gateway_24e124fffef06fd1
28.989615,50.837241,3,50,Built-up,131.06296667192333,482.520000386443,-84,9.8,1.0,100.0,98,0.6,'bbc20572986ac467',2022-10-16 14:50:25,Gateway_24e124fffef06fd1
28.989615,50.837241,3,50,Built-up,131.06296667192333,482.520000386443,-79,10.2,1.0,100.0,93,0.6,'bbc20572986ac467',2022-10-16 14:50:31,Gateway_24e124fffef06fd1
28.989615,50.837241,3,50,Built-up,131.06296667192333,482.520000386443,-89,11.0,1.0,100.0,103,0.6,'bbc20572986ac467',2022-10-16 14:50:37,Gateway_24e124fffef06fd1
28.989615,50.837241,3,50,Built-up,131.06296667192333,482.520000386443,-77,7.0,1.0,100.0,91,0.6,'bbc20572986ac467',2022-10-16 14:50:43,Gateway_24e124fffef06fd1
28.989615,50.837241,3,50,Built-up,131.06296667192333,482.520000386443,-79,11.5,1.0,100.0,93,0.6,'bbc20572986ac467',2022-10-16 14:50:48,Gateway_24e124fffef06fd1
28.990302,50.83668,6,50,Built-up,185.2369157311207,576.2173803152672,-83,9.8,1.0,100.0,97,0.6,'bbc20572986ac467',2022-10-16 14:50:51,Gateway_24e124fffef06fd1
28.990441,50.836567,6,50,Built-up,199.79485968724424,595.1488072783849,-75,9.8,1.0,100.0,89,0.6,'bbc20572986ac467',2022-10-16 14:50:57,Gateway_24e124fffef06fd1
28.990571,50.836461,5,50,Built-up,214.0315389965775,612.8721139472864,-75,8.8,1.0,100.0,89,0.6,'bbc20572986ac467',2022-10-16 14:51:07,Gateway_24e124fffef06fd1
28.991009,50.836149,6,50,Built-up,264.5433246300633,670.1148079350869,-78,8.0,1.0,100.0,92,0.6,'bbc20572986ac467',2022-10-16 14:51:26,Gateway_24e124fffef06fd1
28.991291,50.835944,6,50,Built-up,298.4316426685049,707.1974202523243,-82,10.0,1.0,100.0,96,0.6,'bbc20572986ac467',2022-10-16 14:51:33,Gateway_24e124fffef06fd1
28.991291,50.835944,6,50,Built-up,298.4316426685049,707.1974202523243,-89,7.5,1.0,100.0,103,0.6,'bbc20572986ac467',2022-10-16 14:51:37,Gateway_24e124fffef06fd1
28.991291,50.835944,6,50,Built-up,298.4316426685049,707.1974202523243,-79,12.2,1.0,100.0,93,0.6,'bbc20572986ac467',2022-10-16 14:51:42,Gateway_24e124fffef06fd1
28.991572,50.835763,6,50,Built-up,332.39638344602037,742.8867542999467,-78,3.8,0.8559999999999999,100.0,92,0.6,'bbc20572986ac467',2022-10-16 14:51:45,Gateway_24e124fffef06fd1
28.991704,50.835674,6,50,Built-up,348.56475238613496,759.8700273046795,-85,-3.5,0.7,100.0,99,0.6,'bbc20572986ac467',2022-10-16 14:51:51,Gateway_24e124fffef06fd1
28.991829,50.835582,3,50,Built-up,364.1263056553119,776.3705721326662,-81,9.2,1.0,100.0,95,0.6,'bbc20572986ac467',2022-10-16 14:51:57,Gateway_24e124fffef06fd1
28.991956,50.835635,3,50,Built-up,376.64226952162886,785.3131172866482,-78,9.2,1.0,100.0,92,0.6,'bbc20572986ac467',2022-10-16 14:52:03,Gateway_24e124fffef06fd1
28.992089,50.835745,7,50,Built-up,388.92404977790045,792.0805921294169,-73,2.2,0.7,100.0,87,0.6,'bbc20572986ac467',2022-10-16 14:52:09,Gateway_24e124fffef06fd1
28.992239,50.835692,2,50,Built-up,406.221163961785,808.9609250065919,-75,4.2,0.9039999999999999,100.0,89,0.6,'bbc20572986ac467',2022-10-16 14:52:15,Gateway_24e124fffef06fd1
28.992503,50.835501,2,50,Built-up,438.65778664923505,843.6321530775701,-77,10.0,1.0,100.0,91,0.6,'bbc20572986ac467',2022-10-16 14:52:27,Gateway_24e124fffef06fd1
28.992635,50.835407,8,50,Built-up,454.96651007188706,860.8919723124766,-79,10.2,1.0,100.0,93,0.6,'bbc20572986ac467',2022-10-16 14:52:33,Gateway_24e124fffef06fd1
28.992763,50.835313,8,50,Built-up,470.91284632927363,877.7732195992403,-81,-2.0,0.7,100.0,95,0.6,'bbc20572986ac467',2022-10-16 14:52:39,Gateway_24e124fffef06fd1
28.992876,50.8352,8,50,Built-up,459.65557936248666,894.2029440855433,-79,10.2,1.0,100.0,93,0.6,'bbc20572986ac467',2022-10-16 14:52:45,Gateway_e45f01fffe376ce6
28.992858,50.835038,6,80,Permanent water bodies,450.3816998857946,900.8772847048739,-79,8.0,1.0,100.0,93,0.95,'bbc20572986ac467',2022-10-16 14:52:51,Gateway_e45f01fffe376ce6
28.992842,50.834889,6,80,Permanent water bodies,442.13907560600296,907.2705701561598,-77,0.5,0.7,100.0,91,0.95,'bbc20572986ac467',2022-10-16 14:52:57,Gateway_e45f01fffe376ce6
28.992842,50.834889,6,80,Permanent water bodies,442.13907560600296,907.2705701561598,-85,8.5,1.0,100.0,99,0.95,'bbc20572986ac467',2022-10-16 14:53:01,Gateway_e45f01fffe376ce6
28.992842,50.834889,6,80,Permanent water bodies,442.13907560600296,907.2705701561598,-81,12.2,1.0,100.0,95,0.95,'bbc20572986ac467',2022-10-16 14:53:06,Gateway_e45f01fffe376ce6
28.993115,50.834676,5,50,Built-up,405.6679406618798,943.9562515137322,-85,9.0,1.0,100.0,99,0.6,'bbc20572986ac467',2022-10-16 14:53:09,Gateway_e45f01fffe376ce6
28.993262,50.83458,7,60,Bare / sparse vegetation,387.2531748641101,962.7097379937009,-79,-3.5,0.7,100.0,93,0.7,'bbc20572986ac467',2022-10-16 14:53:15,Gateway_e45f01fffe376ce6
28.993395,50.834476,7,50,Built-up,369.50659462873233,980.5943588871853,-91,7.5,1.0,100.0,105,0.6,'bbc20572986ac467',2022-10-16 14:53:21,Gateway_e45f01fffe376ce6
28.993537,50.834387,4,50,Built-up,352.02417549264493,998.5113521597419,-85,3.5,0.82,100.0,99,0.6,'bbc20572986ac467',2022-10-16 14:53:27,Gateway_e45f01fffe376ce6
28.993859,50.834215,3,50,Built-up,314.62341830176183,1037.565215551203,-85,9.5,1.0,100.0,99,0.6,'bbc20572986ac467',2022-10-16 14:53:39,Gateway_e45f01fffe376ce6
28.994028,50.834144,6,60,Bare / sparse vegetation,296.56037239623623,1057.0584355763006,-83,9.2,1.0,100.0,97,0.7,'bbc20572986ac467',2022-10-16 14:53:45,Gateway_e45f01fffe376ce6
28.994193,50.834058,6,50,Built-up,277.9682233526393,1076.9801367229409,-79,8.2,1.0,100.0,93,0.6,'bbc20572986ac467',2022-10-16 14:53:51,Gateway_e45f01fffe376ce6
28.994353,50.833954,6,50,Built-up,258.6316794363866,1097.3817113225898,-70,-6.8,0.7,100.0,84,0.6,'bbc20572986ac467',2022-10-16 14:53:57,Gateway_e45f01fffe376ce6
28.994353,50.833954,6,50,Built-up,258.6316794363866,1097.3817113225898,-75,9.2,1.0,100.0,89,0.6,'bbc20572986ac467',2022-10-16 14:54:01,Gateway_e45f01fffe376ce6
28.994353,50.833954,6,50,Built-up,258.6316794363866,1097.3817113225898,-71,10.0,1.0,100.0,85,0.6,'bbc20572986ac467',2022-10-16 14:54:07,Gateway_e45f01fffe376ce6
28.994353,50.833954,6,50,Built-up,258.6316794363866,1097.3817113225898,-70,11.5,1.0,100.0,84,0.6,'bbc20572986ac467',2022-10-16 14:54:13,Gateway_e45f01fffe376ce6
28.994353,50.833954,6,50,Built-up,258.6316794363866,1097.3817113225898,-75,9.0,1.0,100.0,89,0.6,'bbc20572986ac467',2022-10-16 14:54:19,Gateway_e45f01fffe376ce6
28.994353,50.833954,6,50,Built-up,258.6316794363866,1097.3817113225898,-63,11.0,1.0,100.0,77,0.6,'bbc20572986ac467',2022-10-16 14:54:25,Gateway_e45f01fffe376ce6
28.994353,50.833954,6,50,Built-up,258.6316794363866,1097.3817113225898,-78,8.8,1.0,100.0,92,0.6,'bbc20572986ac467',2022-10-16 14:54:31,Gateway_e45f01fffe376ce6
28.994353,50.833954,6,50,Built-up,258.6316794363866,1097.3817113225898,-73,12.0,1.0,100.0,87,0.6,'bbc20572986ac467',2022-10-16 14:54:36,Gateway_e45f01fffe376ce6
28.995607,50.832451,5,50,Built-up,57.77545172022787,1294.1977408369241,-85,10.5,1.0,100.0,99,0.6,'bbc20572986ac467',2022-10-16 14:54:57,Gateway_e45f01fffe376ce6
28.995271,50.832418,4,50,Built-up,81.47685950107396,1265.6106015421583,-81,8.5,1.0,100.0,95,0.6,'bbc20572986ac467',2022-10-16 14:55:09,Gateway_e45f01fffe376ce6
28.995105,50.832527,4,50,Built-up,102.6669372830441,1244.4738278454013,-81,8.5,1.0,100.0,95,0.6,'bbc20572986ac467',2022-10-16 14:55:15,Gateway_e45f01fffe376ce6
28.994936,50.832645,5,50,Built-up,124.63360277495846,1222.5571338718942,-90,8.8,1.0,100.0,104,0.6,'bbc20572986ac467',2022-10-16 14:55:21,Gateway_e45f01fffe376ce6
28.994586,50.832882,5,60,Bare / sparse vegetation,169.7481962281298,1177.5982537911095,-82,9.0,1.0,100.0,96,0.7,'bbc20572986ac467',2022-10-16 14:55:33,Gateway_e45f01fffe376ce6
28.994415,50.833011,6,50,Built-up,192.48804216299888,1154.8783907632276,-77,9.2,1.0,100.0,91,0.6,'bbc20572986ac467',2022-10-16 14:55:39,Gateway_e45f01fffe376ce6
28.994248,50.833128,8,50,Built-up,214.223548643001,1133.2079020368953,-77,9.5,1.0,100.0,91,0.6,'bbc20572986ac467',2022-10-16 14:55:45,Gateway_e45f01fffe376ce6
28.994094,50.833246,11,60,Bare / sparse vegetation,234.79872519038642,1112.643761047229,-76,-2.8,0.7,100.0,90,0.7,'bbc20572986ac467',2022-10-16 14:55:51,Gateway_e45f01fffe376ce6
28.993956,50.833357,12,50,Built-up,253.5151084239503,1093.9132724321075,-79,7.8,1.0,100.0,93,0.6,'bbc20572986ac467',2022-10-16 14:55:57,Gateway_e45f01fffe376ce6
28.993817,50.833467,12,50,Built-up,272.27356432951535,1075.1512548491785,-81,11.0,1.0,100.0,95,0.6,'bbc20572986ac467',2022-10-16 14:56:03,Gateway_e45f01fffe376ce6
28.993664,50.833578,9,50,Built-up,292.38654724759556,1055.0820670128523,-77,11.0,1.0,100.0,91,0.6,'bbc20572986ac467',2022-10-16 14:56:09,Gateway_e45f01fffe376ce6
28.993501,50.833689,9,50,Built-up,313.42995676804094,1034.123349113473,-76,6.5,1.0,100.0,90,0.6,'bbc20572986ac467',2022-10-16 14:56:15,Gateway_e45f01fffe376ce6
28.99334,50.833799,10,50,Built-up,334.23589268609317,1013.404734300426,-84,4.0,0.8799999999999999,100.0,98,0.6,'bbc20572986ac467',2022-10-16 14:56:21,Gateway_e45f01fffe376ce6
28.993175,50.833918,10,50,Built-up,355.8898639019518,991.8105358790729,-93,4.5,0.94,100.0,107,0.6,'bbc20572986ac467',2022-10-16 14:56:27,Gateway_e45f01fffe376ce6
28.993003,50.834039,9,50,Built-up,378.3021057661222,969.4810360654088,-96,10.0,1.0,100.0,110,0.6,'bbc20572986ac467',2022-10-16 14:56:33,Gateway_e45f01fffe376ce6
28.993003,50.834039,9,50,Built-up,378.3021057661222,969.4810360654088,-78,11.2,1.0,100.0,92,0.6,'bbc20572986ac467',2022-10-16 14:56:43,Gateway_e45f01fffe376ce6
28.993003,50.834039,9,50,Built-up,378.3021057661222,969.4810360654088,-90,10.8,1.0,100.0,104,0.6,'bbc20572986ac467',2022-10-16 14:56:51,Gateway_e45f01fffe376ce6
28.992417,50.834489,7,50,Built-up,456.6506842488756,891.2152193391468,-89,10.2,1.0,100.0,103,0.6,'bbc20572986ac467',2022-10-16 14:56:57,Gateway_e45f01fffe376ce6
28.992055,50.834779,7,50,Built-up,413.20819023037313,842.1682076584044,-102,7.0,0.2,100.0,116,0.6,'bbc20572986ac467',2022-10-16 14:57:09,Gateway_24e124fffef06fd1
28.991862,50.834916,8,50,Built-up,388.2752024501285,817.059824684039,-87,8.2,1.0,100.0,101,0.6,'bbc20572986ac467',2022-10-16 14:57:15,Gateway_24e124fffef06fd1
28.991862,50.834916,8,50,Built-up,388.2752024501285,817.059824684039,-99,10.2,1.0,100.0,113,0.6,'bbc20572986ac467',2022-10-16 14:57:20,Gateway_24e124fffef06fd1
28.991262,50.835316,7,50,Built-up,311.96322070138496,740.6023870612819,-91,6.8,1.0,100.0,105,0.6,'bbc20572986ac467',2022-10-16 14:57:33,Gateway_24e124fffef06fd1
28.991262,50.835316,7,50,Built-up,311.96322070138496,740.6023870612819,-95,7.5,1.0,100.0,109,0.6,'bbc20572986ac467',2022-10-16 14:57:37,Gateway_24e124fffef06fd1
28.991262,50.835316,7,50,Built-up,311.96322070138496,740.6023870612819,-93,11.0,1.0,100.0,107,0.6,'bbc20572986ac467',2022-10-16 14:57:42,Gateway_24e124fffef06fd1
28.990862,50.835589,7,50,Built-up,261.1342056079774,689.3229916709936,-90,-0.2,0.7,100.0,104,0.6,'bbc20572986ac467',2022-10-16 14:57:45,Gateway_24e124fffef06fd1
28.99067,50.835737,6,50,Built-up,236.35926063795551,663.696433845483,-76,8.5,1.0,100.0,90,0.6,'bbc20572986ac467',2022-10-16 14:57:51,Gateway_24e124fffef06fd1
28.990477,50.835873,6,50,Built-up,212.0232831518094,638.7258035019559,-96,8.2,1.0,100.0,110,0.6,'bbc20572986ac467',2022-10-16 14:58:02,Gateway_24e124fffef06fd1
28.989743,50.836439,5,50,Built-up,122.31692299023784,540.8603816324987,-85,6.8,1.0,100.0,99,0.6,'bbc20572986ac467',2022-10-16 14:58:21,Gateway_24e124fffef06fd1
28.989636,50.836551,4,50,Built-up,110.6088527706624,524.7617055922758,-87,9.8,1.0,100.0,101,0.6,'bbc20572986ac467',2022-10-16 14:58:27,Gateway_24e124fffef06fd1
28.989636,50.836551,4,50,Built-up,110.6088527706624,524.7617055922758,-78,3.0,0.76,100.0,92,0.6,'bbc20572986ac467',2022-10-16 14:58:31,Gateway_24e124fffef06fd1
28.989636,50.836551,4,50,Built-up,110.6088527706624,524.7617055922758,-78,10.8,1.0,100.0,92,0.6,'bbc20572986ac467',2022-10-16 14:58:36,Gateway_24e124fffef06fd1
28.989707,50.836881,4,50,Built-up,124.55045821805723,511.0734973841567,-67,7.2,1.0,100.0,81,0.6,'bbc20572986ac467',2022-10-16 14:58:39,Gateway_24e124fffef06fd1
28.989707,50.836881,4,50,Built-up,124.55045821805723,511.0734973841567,-85,10.5,1.0,100.0,99,0.6,'bbc20572986ac467',2022-10-16 14:58:44,Gateway_24e124fffef06fd1
28.989464,50.837175,3,50,Built-up,113.70078776654657,472.4344177559921,-72,5.8,1.0,100.0,86,0.6,'bbc20572986ac467',2022-10-16 14:58:51,Gateway_24e124fffef06fd1
28.989294,50.837296,4,50,Built-up,107.59876758174659,450.2531445860025,-87,4.5,0.94,100.0,101,0.6,'bbc20572986ac467',2022-10-16 14:58:57,Gateway_24e124fffef06fd1
28.989131,50.837419,3,50,Built-up,106.46462498744381,428.5900220984024,-82,9.0,1.0,100.0,96,0.6,'bbc20572986ac467',2022-10-16 14:59:03,Gateway_24e124fffef06fd1
28.988965,50.837538,5,60,Bare / sparse vegetation,109.21294275749743,406.88974924954175,-83,10.8,1.0,100.0,97,0.7,'bbc20572986ac467',2022-10-16 14:59:09,Gateway_24e124fffef06fd1
28.988798,50.837662,-1,50,Built-up,116.50889458261784,384.8169369701624,-73,5.5,1.0,100.0,87,0.6,'bbc20572986ac467',2022-10-16 14:59:15,Gateway_24e124fffef06fd1
28.988637,50.837798,-1,50,Built-up,128.43895254488191,362.58950779252694,-75,8.0,1.0,100.0,89,0.6,'bbc20572986ac467',2022-10-16 14:59:21,Gateway_24e124fffef06fd1
28.988474,50.837924,5,50,Built-up,141.9149903223388,340.76106132706974,-96,9.0,1.0,100.0,110,0.6,'bbc20572986ac467',2022-10-16 14:59:27,Gateway_24e124fffef06fd1
28.988307,50.838051,6,60,Bare / sparse vegetation,157.47964847079288,318.52064748863484,-76,9.5,1.0,100.0,90,0.7,'bbc20572986ac467',2022-10-16 14:59:33,Gateway_24e124fffef06fd1
28.988135,50.838176,6,60,Bare / sparse vegetation,174.49538291395166,295.95761547161044,-83,1.0,0.7,100.0,97,0.7,'bbc20572986ac467',2022-10-16 14:59:39,Gateway_24e124fffef06fd1
28.987971,50.838289,5,60,Bare / sparse vegetation,191.24622165952192,274.81857304579245,-83,9.0,1.0,100.0,97,0.7,'bbc20572986ac467',2022-10-16 14:59:45,Gateway_24e124fffef06fd1
28.987793,50.838377,5,60,Bare / sparse vegetation,207.3335408163618,253.98523370096999,-76,10.2,1.0,100.0,90,0.7,'bbc20572986ac467',2022-10-16 14:59:51,Gateway_24e124fffef06fd1
28.987622,50.838434,3,60,Bare / sparse vegetation,221.33576815612798,235.81466734125217,-90,6.2,1.0,100.0,104,0.7,'bbc20572986ac467',2022-10-16 14:59:57,Gateway_24e124fffef06fd1
28.987627,50.838573,3,50,Built-up,232.82369096330393,227.72178995202302,-84,-6.2,0.7,100.0,98,0.6,'bbc20572986ac467',2022-10-16 15:00:03,Gateway_24e124fffef06fd1
28.9878,50.838523,3,50,Built-up,219.78373426051795,246.00659158525954,-77,9.8,1.0,100.0,91,0.6,'bbc20572986ac467',2022-10-16 15:00:09,Gateway_24e124fffef06fd1
28.987985,50.838455,3,50,Built-up,205.7001750009975,266.5945841013992,-85,9.2,1.0,100.0,99,0.6,'bbc20572986ac467',2022-10-16 15:00:15,Gateway_24e124fffef06fd1
28.987985,50.838455,3,50,Built-up,205.7001750009975,266.5945841013992,-87,9.0,1.0,100.0,101,0.6,'bbc20572986ac467',2022-10-16 15:00:19,Gateway_24e124fffef06fd1
28.987985,50.838455,3,50,Built-up,205.7001750009975,266.5945841013992,-95,11.5,1.0,100.0,109,0.6,'bbc20572986ac467',2022-10-16 15:00:37,Gateway_24e124fffef06fd1
28.987985,50.838455,3,50,Built-up,205.7001750009975,266.5945841013992,-90,12.0,1.0,100.0,104,0.6,'bbc20572986ac467',2022-10-16 15:00:43,Gateway_24e124fffef06fd1
28.987985,50.838455,3,50,Built-up,205.7001750009975,266.5945841013992,-77,5.8,1.0,100.0,91,0.6,'bbc20572986ac467',2022-10-16 15:00:48,Gateway_24e124fffef06fd1
28.988881,50.838049,3,50,Built-up,155.2138904432662,371.63356266229914,-78,10.5,1.0,100.0,92,0.6,'bbc20572986ac467',2022-10-16 15:00:51,Gateway_24e124fffef06fd1
28.989027,50.837947,3,50,Built-up,149.2544778171011,390.622820304409,-77,10.2,1.0,100.0,91,0.6,'bbc20572986ac467',2022-10-16 15:00:57,Gateway_24e124fffef06fd1
28.989167,50.837837,2,80,Permanent water bodies,144.5643374943186,409.4422174684004,-87,7.2,1.0,100.0,101,0.95,'bbc20572986ac467',2022-10-16 15:01:03,Gateway_24e124fffef06fd1
28.989297,50.837712,2,50,Built-up,140.41510501497984,428.07648275516476,-87,3.5,0.82,100.0,101,0.6,'bbc20572986ac467',2022-10-16 15:01:09,Gateway_24e124fffef06fd1
28.989326,50.837528,3,50,Built-up,127.32216105483302,440.37076539744515,-102,7.0,0.2,100.0,116,0.6,'bbc20572986ac467',2022-10-16 15:01:15,Gateway_24e124fffef06fd1
28.989326,50.837528,3,50,Built-up,127.32216105483302,440.37076539744515,-73,7.2,1.0,100.0,87,0.6,'bbc20572986ac467',2022-10-16 15:01:20,Gateway_24e124fffef06fd1
28.989326,50.837528,3,50,Built-up,127.32216105483302,440.37076539744515,-90,7.8,1.0,100.0,104,0.6,'bbc20572986ac467',2022-10-16 15:01:31,Gateway_24e124fffef06fd1
28.989326,50.837528,3,50,Built-up,127.32216105483302,440.37076539744515,-93,12.5,1.0,100.0,107,0.6,'bbc20572986ac467',2022-10-16 15:01:36,Gateway_24e124fffef06fd1
28.989821,50.837069,3,50,Built-up,142.9281239034988,510.8200506792324,-84,8.2,1.0,100.0,98,0.6,'bbc20572986ac467',2022-10-16 15:01:39,Gateway_24e124fffef06fd1
28.989963,50.836959,5,50,Built-up,153.88568656043915,529.8621600372437,-87,7.8,1.0,100.0,101,0.6,'bbc20572986ac467',2022-10-16 15:01:45,Gateway_24e124fffef06fd1
28.990106,50.836845,5,50,Built-up,166.33252547185623,549.2142664069075,-73,7.8,1.0,100.0,87,0.6,'bbc20572986ac467',2022-10-16 15:01:51,Gateway_24e124fffef06fd1
28.990241,50.836728,6,50,Built-up,179.08593841619034,567.9964197755917,-79,4.8,0.976,100.0,93,0.6,'bbc20572986ac467',2022-10-16 15:01:57,Gateway_24e124fffef06fd1
28.990385,50.836608,6,50,Built-up,193.8099137500792,587.7696010471296,-78,6.0,1.0,100.0,92,0.6,'bbc20572986ac467',2022-10-16 15:02:03,Gateway_24e124fffef06fd1
28.990527,50.836496,5,50,Built-up,209.15257528310315,606.9214967842989,-78,9.8,1.0,100.0,92,0.6,'bbc20572986ac467',2022-10-16 15:02:09,Gateway_24e124fffef06fd1
28.99068,50.836382,5,50,Built-up,226.30620249700237,627.1910804750019,-72,7.8,1.0,100.0,86,0.6,'bbc20572986ac467',2022-10-16 15:02:15,Gateway_24e124fffef06fd1
28.990833,50.836271,9,50,Built-up,243.91425527822162,647.2966763871275,-84,5.0,1.0,100.0,98,0.6,'bbc20572986ac467',2022-10-16 15:02:21,Gateway_24e124fffef06fd1
28.990977,50.836165,6,50,Built-up,260.8353234948852,666.30362338835,-79,7.2,1.0,100.0,93,0.6,'bbc20572986ac467',2022-10-16 15:02:27,Gateway_24e124fffef06fd1
28.991121,50.836061,8,50,Built-up,277.9979779080184,685.2016004995437,-85,8.8,1.0,100.0,99,0.6,'bbc20572986ac467',2022-10-16 15:02:33,Gateway_24e124fffef06fd1
28.99126,50.835958,6,50,Built-up,294.81092907257596,703.5862232052184,-87,-2.5,0.7,100.0,101,0.6,'bbc20572986ac467',2022-10-16 15:02:39,Gateway_24e124fffef06fd1
28.991406,50.835858,6,50,Built-up,312.5057716639104,722.4507776995381,-77,8.5,1.0,100.0,91,0.6,'bbc20572986ac467',2022-10-16 15:02:45,Gateway_24e124fffef06fd1
28.991549,50.835756,6,50,Built-up,330.04969844206545,741.1493544608661,-79,10.0,1.0,100.0,93,0.6,'bbc20572986ac467',2022-10-16 15:02:51,Gateway_24e124fffef06fd1
28.99169,50.835654,6,50,Built-up,347.4994020873109,759.6643700271117,-87,9.8,1.0,100.0,101,0.6,'bbc20572986ac467',2022-10-16 15:02:57,Gateway_24e124fffef06fd1
28.991828,50.835558,3,50,Built-up,364.58801246547955,777.5778891453779,-78,7.0,1.0,100.0,92,0.6,'bbc20572986ac467',2022-10-16 15:03:03,Gateway_24e124fffef06fd1
28.991962,50.835463,3,50,Built-up,381.30031530239296,795.069437332277,-75,10.0,1.0,100.0,89,0.6,'bbc20572986ac467',2022-10-16 15:03:09,Gateway_24e124fffef06fd1
28.992091,50.835363,5,50,Built-up,397.6802646793727,812.3715635645956,-70,1.2,0.7,100.0,84,0.6,'bbc20572986ac467',2022-10-16 15:03:15,Gateway_24e124fffef06fd1
28.992218,50.835272,4,50,Built-up,413.67246590201756,829.0017689070241,-84,9.0,1.0,100.0,98,0.6,'bbc20572986ac467',2022-10-16 15:03:21,Gateway_24e124fffef06fd1
28.992477,50.835084,5,50,Built-up,446.5041529344949,863.0483755943127,-81,10.5,1.0,100.0,95,0.6,'bbc20572986ac467',2022-10-16 15:03:33,Gateway_24e124fffef06fd1
28.992608,50.834987,5,50,Built-up,463.23582349101747,880.3724005838671,-77,9.0,1.0,100.0,91,0.6,'bbc20572986ac467',2022-10-16 15:03:39,Gateway_24e124fffef06fd1
28.992732,50.834896,6,50,Built-up,451.9156068435874,896.7265965256294,-85,9.2,1.0,100.0,99,0.6,'bbc20572986ac467',2022-10-16 15:03:45,Gateway_e45f01fffe376ce6
28.992866,50.834814,6,50,Built-up,435.3879074795524,913.5179675581853,-79,3.0,0.76,100.0,93,0.6,'bbc20572986ac467',2022-10-16 15:03:51,Gateway_e45f01fffe376ce6
28.993003,50.83473,5,50,Built-up,418.5076416042231,930.696840904424,-84,5.5,1.0,100.0,98,0.6,'bbc20572986ac467',2022-10-16 15:03:57,Gateway_e45f01fffe376ce6
28.993143,50.834649,5,50,Built-up,401.59969740645545,947.9950786524555,-87,10.0,1.0,100.0,101,0.6,'bbc20572986ac467',2022-10-16 15:04:03,Gateway_e45f01fffe376ce6
28.993276,50.834561,7,60,Bare / sparse vegetation,384.86395814062826,965.0230933496272,-88,8.5,1.0,100.0,102,0.7,'bbc20572986ac467',2022-10-16 15:04:09,Gateway_e45f01fffe376ce6
28.993555,50.834386,4,50,Built-up,350.4912818663353,1000.2342977943853,-84,8.0,1.0,100.0,98,0.6,'bbc20572986ac467',2022-10-16 15:04:21,Gateway_e45f01fffe376ce6
28.993877,50.834238,3,50,Built-up,314.7969558506449,1038.0265349234787,-82,8.5,1.0,100.0,96,0.6,'bbc20572986ac467',2022-10-16 15:04:33,Gateway_e45f01fffe376ce6
28.994178,50.83405,6,50,Built-up,278.5115900824577,1075.9986229709941,-75,9.2,1.0,100.0,89,0.6,'bbc20572986ac467',2022-10-16 15:04:45,Gateway_e45f01fffe376ce6
28.99433,50.833956,6,50,Built-up,260.4495153093821,1095.1271125312437,-84,11.0,1.0,100.0,98,0.6,'bbc20572986ac467',2022-10-16 15:04:51,Gateway_e45f01fffe376ce6
28.994481,50.833864,6,50,Built-up,242.77938304539762,1114.0591042281085,-71,9.8,1.0,100.0,85,0.6,'bbc20572986ac467',2022-10-16 15:04:57,Gateway_e45f01fffe376ce6
28.994637,50.833767,1,50,Built-up,224.59900896227853,1133.7218568109934,-72,7.2,1.0,100.0,86,0.6,'bbc20572986ac467',2022-10-16 15:05:03,Gateway_e45f01fffe376ce6
28.994789,50.833661,0,50,Built-up,206.24374315685992,1153.480909683024,-87,9.2,1.0,100.0,101,0.6,'bbc20572986ac467',2022-10-16 15:05:09,Gateway_e45f01fffe376ce6
28.994789,50.833661,0,50,Built-up,206.24374315685992,1153.480909683024,-69,-5.0,0.7,100.0,83,0.6,'bbc20572986ac467',2022-10-16 15:05:15,Gateway_e45f01fffe376ce6
28.99509,50.833449,0,50,Built-up,170.64857685194355,1192.718342041391,-77,9.2,1.0,100.0,91,0.6,'bbc20572986ac467',2022-10-16 15:05:21,Gateway_e45f01fffe376ce6
28.995233,50.833333,0,50,Built-up,153.03895488929575,1212.1569572641488,-78,-0.5,0.7,100.0,92,0.6,'bbc20572986ac467',2022-10-16 15:05:27,Gateway_e45f01fffe376ce6
28.995366,50.833206,5,50,Built-up,135.4179566002214,1231.2374852891596,-90,9.2,1.0,100.0,104,0.6,'bbc20572986ac467',2022-10-16 15:05:33,Gateway_e45f01fffe376ce6
28.995487,50.833072,5,50,Built-up,118.1459302659185,1249.571807006766,-78,10.5,1.0,100.0,92,0.6,'bbc20572986ac467',2022-10-16 15:05:39,Gateway_e45f01fffe376ce6
28.995579,50.832905,5,50,Built-up,99.33724280489062,1266.970972919102,-73,10.2,1.0,100.0,87,0.6,'bbc20572986ac467',2022-10-16 15:05:45,Gateway_e45f01fffe376ce6
28.995626,50.832716,4,60,Bare / sparse vegetation,80.24382384777968,1281.4485416547361,-80,2.8,0.736,100.0,94,0.7,'bbc20572986ac467',2022-10-16 15:05:51,Gateway_e45f01fffe376ce6
28.995615,50.832537,4,50,Built-up,64.69498594951347,1290.1849293328823,-83,9.5,1.0,100.0,97,0.6,'bbc20572986ac467',2022-10-16 15:05:57,Gateway_e45f01fffe376ce6
28.99552,50.832411,3,50,Built-up,60.29637827573472,1288.5092943719615,-85,9.0,1.0,100.0,99,0.6,'bbc20572986ac467',2022-10-16 15:06:03,Gateway_e45f01fffe376ce6
28.995381,50.832411,3,50,Built-up,71.33810140671119,1275.924177521175,-90,10.0,1.0,100.0,104,0.6,'bbc20572986ac467',2022-10-16 15:06:09,Gateway_e45f01fffe376ce6
28.995105,50.832572,4,50,Built-up,105.15998610356719,1241.91286641303,-78,8.8,1.0,100.0,92,0.6,'bbc20572986ac467',2022-10-16 15:06:21,Gateway_e45f01fffe376ce6
28.994824,50.832758,5,50,Built-up,141.07371492869174,1206.046284453329,-75,9.8,1.0,100.0,89,0.6,'bbc20572986ac467',2022-10-16 15:06:33,Gateway_e45f01fffe376ce6
28.994688,50.832856,5,50,Built-up,158.90904241781195,1188.2353151845873,-82,4.2,0.9039999999999999,100.0,96,0.6,'bbc20572986ac467',2022-10-16 15:06:39,Gateway_e45f01fffe376ce6
28.99455,50.832959,5,50,Built-up,177.20192128190334,1169.9600227537526,-90,8.5,1.0,100.0,104,0.6,'bbc20572986ac467',2022-10-16 15:06:45,Gateway_e45f01fffe376ce6
28.99455,50.832959,5,50,Built-up,177.20192128190334,1169.9600227537526,-84,10.8,1.0,100.0,98,0.6,'bbc20572986ac467',2022-10-16 15:06:49,Gateway_e45f01fffe376ce6
28.99455,50.832959,5,50,Built-up,177.20192128190334,1169.9600227537526,-72,11.8,1.0,100.0,86,0.6,'bbc20572986ac467',2022-10-16 15:06:54,Gateway_e45f01fffe376ce6
28.994281,50.833161,8,50,Built-up,212.92700402740377,1134.2680640143897,-73,3.5,0.82,100.0,87,0.6,'bbc20572986ac467',2022-10-16 15:06:57,Gateway_e45f01fffe376ce6
28.994154,50.833247,11,60,Bare / sparse vegetation,229.28657141016544,1117.955086118887,-87,8.5,1.0,100.0,101,0.7,'bbc20572986ac467',2022-10-16 15:07:03,Gateway_e45f01fffe376ce6
28.994022,50.833341,11,50,Built-up,246.54148104252104,1100.7368913224097,-77,7.5,1.0,100.0,91,0.6,'bbc20572986ac467',2022-10-16 15:07:09,Gateway_e45f01fffe376ce6
28.993893,50.833427,12,50,Built-up,263.09058716045274,1084.248793712601,-87,10.5,1.0,100.0,101,0.6,'bbc20572986ac467',2022-10-16 15:07:15,Gateway_e45f01fffe376ce6
28.993768,50.833515,12,50,Built-up,279.3782621757541,1068.0052968510563,-84,7.0,1.0,100.0,98,0.6,'bbc20572986ac467',2022-10-16 15:07:21,Gateway_e45f01fffe376ce6
28.993515,50.833683,9,50,Built-up,311.809563521001,1035.7186218209017,-83,9.5,1.0,100.0,97,0.6,'bbc20572986ac467',2022-10-16 15:07:37,Gateway_e45f01fffe376ce6
28.993222,50.833889,10,50,Built-up,349.9800456401233,997.676432175236,-91,-4.8,0.7,100.0,105,0.6,'bbc20572986ac467',2022-10-16 15:07:45,Gateway_e45f01fffe376ce6
28.99306,50.834009,9,50,Built-up,371.40718725353884,976.2916795979102,-113,8.5,0.2,100.0,127,0.6,'bbc20572986ac467',2022-10-16 15:07:51,Gateway_e45f01fffe376ce6
28.992897,50.834125,7,60,Bare / sparse vegetation,392.7163489712958,955.0537031634784,-95,10.2,1.0,100.0,109,0.7,'bbc20572986ac467',2022-10-16 15:07:57,Gateway_e45f01fffe376ce6
28.992739,50.834244,7,50,Built-up,413.7180213995215,934.0864473678173,-91,7.8,1.0,100.0,105,0.6,'bbc20572986ac467',2022-10-16 15:08:03,Gateway_e45f01fffe376ce6
28.992593,50.834356,6,50,Built-up,433.23252103155,914.593658562955,-88,6.2,1.0,100.0,102,0.6,'bbc20572986ac467',2022-10-16 15:08:09,Gateway_e45f01fffe376ce6
28.992359,50.834559,8,50,Built-up,452.71370127415065,881.9759256915446,-88,9.2,1.0,100.0,102,0.6,'bbc20572986ac467',2022-10-16 15:08:21,Gateway_24e124fffef06fd1
28.992049,50.834801,7,50,Built-up,411.74251867651276,840.344102497001,-85,9.0,1.0,100.0,99,0.6,'bbc20572986ac467',2022-10-16 15:08:33,Gateway_24e124fffef06fd1
28.991893,50.834913,8,50,Built-up,391.55157522192934,819.9713355444912,-97,7.2,1.0,100.0,111,0.6,'bbc20572986ac467',2022-10-16 15:08:39,Gateway_24e124fffef06fd1
28.991739,50.835029,6,50,Built-up,371.44496072575345,799.5423963852943,-90,9.5,1.0,100.0,104,0.6,'bbc20572986ac467',2022-10-16 15:08:45,Gateway_24e124fffef06fd1
28.99153,50.835159,6,50,Built-up,345.21414038441486,773.4484533062972,-92,6.2,1.0,100.0,106,0.6,'bbc20572986ac467',2022-10-16 15:08:57,Gateway_24e124fffef06fd1
28.991398,50.835255,7,50,Built-up,328.16649374108295,756.1503037451895,-95,10.5,1.0,100.0,109,0.6,'bbc20572986ac467',2022-10-16 15:09:07,Gateway_24e124fffef06fd1
28.991398,50.835255,7,50,Built-up,328.16649374108295,756.1503037451895,-81,-9.0,0.7,100.0,95,0.6,'bbc20572986ac467',2022-10-16 15:09:13,Gateway_24e124fffef06fd1
28.991398,50.835255,7,50,Built-up,328.16649374108295,756.1503037451895,-95,6.0,1.0,100.0,109,0.6,'bbc20572986ac467',2022-10-16 15:09:19,Gateway_24e124fffef06fd1
28.991398,50.835255,7,50,Built-up,328.16649374108295,756.1503037451895,-85,9.5,1.0,100.0,99,0.6,'bbc20572986ac467',2022-10-16 15:09:24,Gateway_24e124fffef06fd1
28.990786,50.835672,7,50,Built-up,250.54715933842016,677.6950498779158,-85,9.2,1.0,100.0,99,0.6,'bbc20572986ac467',2022-10-16 15:09:27,Gateway_24e124fffef06fd1
28.990485,50.83588,6,50,Built-up,212.68636921520798,638.9860470146205,-88,7.0,1.0,100.0,102,0.6,'bbc20572986ac467',2022-10-16 15:09:39,Gateway_24e124fffef06fd1
28.990323,50.836002,6,50,Built-up,192.26423303379806,617.5511124173365,-88,9.0,1.0,100.0,102,0.6,'bbc20572986ac467',2022-10-16 15:09:45,Gateway_24e124fffef06fd1
28.990157,50.836126,7,50,Built-up,171.63998553898986,595.656878775072,-84,9.0,1.0,100.0,98,0.6,'bbc20572986ac467',2022-10-16 15:09:51,Gateway_24e124fffef06fd1
28.989686,50.836493,5,50,Built-up,115.94094409502786,532.6382705259786,-89,9.2,1.0,100.0,103,0.6,'bbc20572986ac467',2022-10-16 15:10:09,Gateway_24e124fffef06fd1
28.989621,50.83663,4,50,Built-up,109.70787127384075,518.5767263187178,-79,9.2,1.0,100.0,93,0.6,'bbc20572986ac467',2022-10-16 15:10:15,Gateway_24e124fffef06fd1
28.989674,50.836797,4,50,Built-up,118.69436276537131,513.0761165193865,-83,1.0,0.7,100.0,97,0.6,'bbc20572986ac467',2022-10-16 15:10:21,Gateway_24e124fffef06fd1
28.989698,50.836986,4,50,Built-up,127.20950129943928,504.24396121205905,-79,10.8,1.0,100.0,93,0.6,'bbc20572986ac467',2022-10-16 15:10:27,Gateway_24e124fffef06fd1
28.989698,50.836986,4,50,Built-up,127.20950129943928,504.24396121205905,-84,8.2,1.0,100.0,98,0.6,'bbc20572986ac467',2022-10-16 15:10:31,Gateway_24e124fffef06fd1
28.989698,50.836986,4,50,Built-up,127.20950129943928,504.24396121205905,-71,11.8,1.0,100.0,85,0.6,'bbc20572986ac467',2022-10-16 15:10:37,Gateway_24e124fffef06fd1
28.989698,50.836986,4,50,Built-up,127.20950129943928,504.24396121205905,-79,-4.2,0.7,100.0,93,0.6,'bbc20572986ac467',2022-10-16 15:10:42,Gateway_24e124fffef06fd1
28.989182,50.837428,3,50,Built-up,110.1960742719692,432.670907331816,-90,8.0,1.0,100.0,104,0.6,'bbc20572986ac467',2022-10-16 15:10:45,Gateway_24e124fffef06fd1
28.989182,50.837428,3,50,Built-up,110.1960742719692,432.670907331816,-78,11.8,1.0,100.0,92,0.6,'bbc20572986ac467',2022-10-16 15:10:54,Gateway_24e124fffef06fd1
28.988836,50.837667,-1,50,Built-up,117.69474903586486,387.93334495149753,-83,-6.0,0.7,100.0,97,0.6,'bbc20572986ac467',2022-10-16 15:10:57,Gateway_24e124fffef06fd1
28.988689,50.837785,-1,50,Built-up,127.28755909187309,367.99274263321666,-82,5.5,1.0,100.0,96,0.6,'bbc20572986ac467',2022-10-16 15:11:03,Gateway_24e124fffef06fd1
28.988531,50.837921,5,50,Built-up,140.94361326635374,346.0361894472279,-78,11.0,1.0,100.0,92,0.6,'bbc20572986ac467',2022-10-16 15:11:09,Gateway_24e124fffef06fd1
28.988368,50.838057,5,50,Built-up,156.60726147551506,323.6307366625316,-77,9.2,1.0,100.0,91,0.6,'bbc20572986ac467',2022-10-16 15:11:15,Gateway_24e124fffef06fd1
28.988188,50.838185,6,60,Bare / sparse vegetation,173.54025032004947,300.15743355608265,-71,-2.8,0.7,100.0,85,0.7,'bbc20572986ac467',2022-10-16 15:11:21,Gateway_24e124fffef06fd1
28.988006,50.838305,5,50,Built-up,191.22508771474233,276.97951115255825,-96,5.2,1.0,100.0,110,0.6,'bbc20572986ac467',2022-10-16 15:11:27,Gateway_24e124fffef06fd1
28.987829,50.838403,5,50,Built-up,207.83921232884398,255.56843909901866,-76,9.2,1.0,100.0,90,0.6,'bbc20572986ac467',2022-10-16 15:11:33,Gateway_24e124fffef06fd1
28.987829,50.838403,5,50,Built-up,207.83921232884398,255.56843909901866,-83,10.0,1.0,100.0,97,0.6,'bbc20572986ac467',2022-10-16 15:11:34,Gateway_24e124fffef06fd1
28.987653,50.838453,3,60,Bare / sparse vegetation,221.2115047494433,237.26363421440212,-77,3.5,0.82,100.0,91,0.7,'bbc20572986ac467',2022-10-16 15:11:39,Gateway_24e124fffef06fd1
28.987661,50.838599,3,50,Built-up,233.26987100677562,229.19913070087173,-90,9.2,1.0,100.0,104,0.6,'bbc20572986ac467',2022-10-16 15:11:45,Gateway_24e124fffef06fd1
28.987847,50.838556,3,60,Bare / sparse vegetation,220.57391458287185,248.41395448077162,-85,9.5,1.0,100.0,99,0.7,'bbc20572986ac467',2022-10-16 15:11:51,Gateway_24e124fffef06fd1
28.988038,50.838488,3,60,Bare / sparse vegetation,206.74221297326585,269.6922618577248,-83,10.2,1.0,100.0,97,0.7,'bbc20572986ac467',2022-10-16 15:11:57,Gateway_24e124fffef06fd1
28.988583,50.838323,6,50,Built-up,179.7106692780601,329.649354180336,-69,9.8,1.0,100.0,83,0.6,'bbc20572986ac467',2022-10-16 15:12:15,Gateway_24e124fffef06fd1
28.988746,50.838197,6,50,Built-up,167.7327702370412,351.43052425834145,-78,9.0,1.0,100.0,92,0.6,'bbc20572986ac467',2022-10-16 15:12:21,Gateway_24e124fffef06fd1
28.988746,50.838197,6,50,Built-up,167.7327702370412,351.43052425834145,-89,9.8,1.0,100.0,103,0.6,'bbc20572986ac467',2022-10-16 15:12:30,Gateway_24e124fffef06fd1
28.989338,50.837646,2,50,Built-up,137.46233714238585,435.31685780176275,-85,-0.2,0.7,100.0,99,0.6,'bbc20572986ac467',2022-10-16 15:12:45,Gateway_24e124fffef06fd1
28.989372,50.837469,3,50,Built-up,125.97985313140364,447.78847789989635,-83,8.5,1.0,100.0,97,0.6,'bbc20572986ac467',2022-10-16 15:12:51,Gateway_24e124fffef06fd1
28.989523,50.837336,1,60,Bare / sparse vegetation,128.59400351480278,468.8986265198001,-69,8.0,1.0,100.0,83,0.7,'bbc20572986ac467',2022-10-16 15:12:57,Gateway_24e124fffef06fd1
28.989685,50.837202,3,50,Built-up,135.51860036804771,491.08147811823926,-76,9.2,1.0,100.0,90,0.6,'bbc20572986ac467',2022-10-16 15:13:03,Gateway_24e124fffef06fd1
28.989685,50.837202,3,50,Built-up,135.51860036804771,491.08147811823926,-81,0.5,0.7,100.0,95,0.6,'bbc20572986ac467',2022-10-16 15:13:08,Gateway_24e124fffef06fd1
28.990017,50.836945,5,50,Built-up,159.20547957092793,535.591246381075,-78,8.0,1.0,100.0,92,0.6,'bbc20572986ac467',2022-10-16 15:13:15,Gateway_24e124fffef06fd1
28.990178,50.836817,5,50,Built-up,173.59967056349254,557.3586066508217,-79,7.2,1.0,100.0,93,0.6,'bbc20572986ac467',2022-10-16 15:13:21,Gateway_24e124fffef06fd1
28.990178,50.836817,5,50,Built-up,173.59967056349254,557.3586066508217,-83,8.8,1.0,100.0,97,0.6,'bbc20572986ac467',2022-10-16 15:13:25,Gateway_24e124fffef06fd1
28.990178,50.836817,5,50,Built-up,173.59967056349254,557.3586066508217,-75,1.0,0.7,100.0,89,0.6,'bbc20572986ac467',2022-10-16 15:13:31,Gateway_24e124fffef06fd1
28.990178,50.836817,5,50,Built-up,173.59967056349254,557.3586066508217,-83,6.5,1.0,100.0,97,0.6,'bbc20572986ac467',2022-10-16 15:13:37,Gateway_24e124fffef06fd1
28.990178,50.836817,5,50,Built-up,173.59967056349254,557.3586066508217,-75,9.2,1.0,100.0,89,0.6,'bbc20572986ac467',2022-10-16 15:13:42,Gateway_24e124fffef06fd1
28.990849,50.836303,9,50,Built-up,245.44264242205523,647.0234354301256,-89,9.5,1.0,100.0,103,0.6,'bbc20572986ac467',2022-10-16 15:13:45,Gateway_24e124fffef06fd1
28.991017,50.836169,8,50,Built-up,265.19362439898697,669.7612480097969,-75,2.8,0.736,100.0,89,0.6,'bbc20572986ac467',2022-10-16 15:13:51,Gateway_24e124fffef06fd1
28.99118,50.83604,8,50,Built-up,284.7689132322514,691.7676205031214,-73,10.0,1.0,100.0,87,0.6,'bbc20572986ac467',2022-10-16 15:13:57,Gateway_24e124fffef06fd1
28.991358,50.83592,6,50,Built-up,306.1539803765262,714.6657966108428,-82,8.5,1.0,100.0,96,0.6,'bbc20572986ac467',2022-10-16 15:14:03,Gateway_24e124fffef06fd1
28.991528,50.835798,6,50,Built-up,326.9197996695385,736.9369950164012,-84,8.5,1.0,100.0,98,0.6,'bbc20572986ac467',2022-10-16 15:14:09,Gateway_24e124fffef06fd1
28.991687,50.835681,6,80,Permanent water bodies,346.5753816450655,757.9241066556186,-73,0.8,0.7,100.0,87,0.95,'bbc20572986ac467',2022-10-16 15:14:15,Gateway_24e124fffef06fd1
28.991844,50.835566,3,50,Built-up,366.11651475383724,778.6187692147123,-73,10.5,1.0,100.0,87,0.6,'bbc20572986ac467',2022-10-16 15:14:21,Gateway_24e124fffef06fd1
28.991844,50.835566,3,50,Built-up,366.11651475383724,778.6187692147123,-78,8.2,1.0,100.0,92,0.6,'bbc20572986ac467',2022-10-16 15:14:27,Gateway_24e124fffef06fd1
28.992151,50.835336,4,50,Built-up,404.79722095291635,819.3628382796211,-78,9.5,1.0,100.0,92,0.6,'bbc20572986ac467',2022-10-16 15:14:33,Gateway_24e124fffef06fd1
28.9923,50.835227,4,50,Built-up,423.6361763257167,838.9956191835236,-72,0.5,0.7,100.0,86,0.6,'bbc20572986ac467',2022-10-16 15:14:39,Gateway_24e124fffef06fd1
28.99245,50.835116,5,50,Built-up,442.70858904708086,858.8287705396028,-83,9.8,1.0,100.0,97,0.6,'bbc20572986ac467',2022-10-16 15:14:45,Gateway_24e124fffef06fd1
28.992604,50.835004,5,50,Built-up,462.29684279248573,879.0850565462899,-70,10.2,1.0,100.0,84,0.6,'bbc20572986ac467',2022-10-16 15:14:51,Gateway_24e124fffef06fd1
28.992743,50.834911,6,50,Built-up,451.91010648968347,896.9322736891496,-78,10.2,1.0,100.0,92,0.6,'bbc20572986ac467',2022-10-16 15:14:57,Gateway_e45f01fffe376ce6
28.992905,50.834808,5,50,Built-up,431.70621347167923,917.444242152048,-85,-0.2,0.7,100.0,99,0.6,'bbc20572986ac467',2022-10-16 15:15:03,Gateway_e45f01fffe376ce6
28.993076,50.834704,5,50,Built-up,410.72063804851445,938.8454806203877,-81,10.8,1.0,100.0,95,0.6,'bbc20572986ac467',2022-10-16 15:15:09,Gateway_e45f01fffe376ce6
28.993076,50.834704,5,50,Built-up,410.72063804851445,938.8454806203877,-85,8.2,1.0,100.0,99,0.6,'bbc20572986ac467',2022-10-16 15:15:15,Gateway_e45f01fffe376ce6
28.993665,50.834332,6,50,Built-up,337.99753432930646,1013.3214962591699,-85,9.5,1.0,100.0,99,0.6,'bbc20572986ac467',2022-10-16 15:15:33,Gateway_e45f01fffe376ce6
28.993833,50.834252,3,50,Built-up,319.20841046536617,1033.187999479547,-78,9.8,1.0,100.0,92,0.6,'bbc20572986ac467',2022-10-16 15:15:39,Gateway_e45f01fffe376ce6
28.994001,50.834167,6,50,Built-up,300.24869855961026,1053.3295142116651,-81,10.2,1.0,100.0,95,0.6,'bbc20572986ac467',2022-10-16 15:15:45,Gateway_e45f01fffe376ce6
28.994179,50.834074,6,50,Built-up,280.16546286187946,1074.8336338194104,-73,8.8,1.0,100.0,87,0.6,'bbc20572986ac467',2022-10-16 15:15:51,Gateway_e45f01fffe376ce6
28.994358,50.83397,6,50,Built-up,259.4551063095165,1097.013323953573,-88,4.2,0.9039999999999999,100.0,102,0.6,'bbc20572986ac467',2022-10-16 15:15:57,Gateway_e45f01fffe376ce6
28.994541,50.833859,3,50,Built-up,238.21692951569435,1119.9360900474626,-70,9.0,1.0,100.0,84,0.6,'bbc20572986ac467',2022-10-16 15:16:03,Gateway_e45f01fffe376ce6
28.994725,50.833742,1,50,Built-up,216.7968009546727,1143.266958589366,-81,9.2,1.0,100.0,95,0.6,'bbc20572986ac467',2022-10-16 15:16:09,Gateway_e45f01fffe376ce6
28.994906,50.833608,0,50,Built-up,194.62111130070298,1167.2009525394772,-70,2.8,0.736,100.0,84,0.6,'bbc20572986ac467',2022-10-16 15:16:15,Gateway_e45f01fffe376ce6
28.995081,50.833471,0,50,Built-up,173.00132216969615,1190.7289734952665,-73,7.5,1.0,100.0,87,0.6,'bbc20572986ac467',2022-10-16 15:16:21,Gateway_e45f01fffe376ce6
28.995253,50.833326,0,50,Built-up,151.4118239898572,1214.394110757093,-69,8.8,1.0,100.0,83,0.6,'bbc20572986ac467',2022-10-16 15:16:27,Gateway_e45f01fffe376ce6
28.995411,50.83317,5,50,Built-up,130.18415363221757,1237.3289894887978,-69,10.0,1.0,100.0,83,0.6,'bbc20572986ac467',2022-10-16 15:16:33,Gateway_e45f01fffe376ce6
28.995563,50.833013,5,50,Built-up,109.8689093186979,1259.7662566482431,-71,2.5,0.7,100.0,85,0.6,'bbc20572986ac467',2022-10-16 15:16:39,Gateway_e45f01fffe376ce6
28.995644,50.832795,6,60,Bare / sparse vegetation,86.89695465562343,1278.867411913618,-84,6.0,1.0,100.0,98,0.7,'bbc20572986ac467',2022-10-16 15:16:45,Gateway_e45f01fffe376ce6
28.995644,50.832795,6,60,Bare / sparse vegetation,86.89695465562343,1278.867411913618,-85,6.8,1.0,100.0,99,0.7,'bbc20572986ac467',2022-10-16 15:16:49,Gateway_e45f01fffe376ce6
28.995644,50.832795,6,60,Bare / sparse vegetation,86.89695465562343,1278.867411913618,-82,9.2,1.0,100.0,96,0.7,'bbc20572986ac467',2022-10-16 15:16:55,Gateway_e45f01fffe376ce6
28.995644,50.832795,6,60,Bare / sparse vegetation,86.89695465562343,1278.867411913618,-85,-0.8,0.7,100.0,99,0.7,'bbc20572986ac467',2022-10-16 15:17:00,Gateway_e45f01fffe376ce6
28.995372,50.832379,3,50,Built-up,70.17865421615582,1276.9225192299195,-90,5.8,1.0,100.0,104,0.6,'bbc20572986ac467',2022-10-16 15:17:03,Gateway_e45f01fffe376ce6
28.995198,50.832471,4,50,Built-up,91.07013711415851,1256.0266213899147,-99,9.0,1.0,100.0,113,0.6,'bbc20572986ac467',2022-10-16 15:17:09,Gateway_e45f01fffe376ce6
28.995033,50.832582,5,50,Built-up,112.27967710054553,1234.8665191332561,-89,10.2,1.0,100.0,103,0.6,'bbc20572986ac467',2022-10-16 15:17:15,Gateway_e45f01fffe376ce6
28.994856,50.832699,5,50,Built-up,134.93451149018384,1212.2893980856434,-73,1.5,0.7,100.0,87,0.6,'bbc20572986ac467',2022-10-16 15:17:21,Gateway_e45f01fffe376ce6
28.994499,50.832976,6,50,Built-up,182.82449301013943,1164.4117489816686,-88,8.2,1.0,100.0,102,0.6,'bbc20572986ac467',2022-10-16 15:17:33,Gateway_e45f01fffe376ce6
28.994499,50.832976,6,50,Built-up,182.82449301013943,1164.4117489816686,-77,9.2,1.0,100.0,91,0.6,'bbc20572986ac467',2022-10-16 15:17:39,Gateway_e45f01fffe376ce6
28.994149,50.833229,11,60,Bare / sparse vegetation,228.78284814518267,1118.540964480944,-77,0.0,0.7,100.0,91,0.7,'bbc20572986ac467',2022-10-16 15:17:45,Gateway_e45f01fffe376ce6
28.994149,50.833229,11,60,Bare / sparse vegetation,228.78284814518267,1118.540964480944,-77,10.5,1.0,100.0,91,0.7,'bbc20572986ac467',2022-10-16 15:17:49,Gateway_e45f01fffe376ce6
28.994149,50.833229,11,60,Bare / sparse vegetation,228.78284814518267,1118.540964480944,-69,8.0,1.0,100.0,83,0.7,'bbc20572986ac467',2022-10-16 15:17:54,Gateway_e45f01fffe376ce6
28.994149,50.833229,11,60,Bare / sparse vegetation,228.78284814518267,1118.540964480944,-78,9.8,1.0,100.0,92,0.7,'bbc20572986ac467',2022-10-16 15:17:59,Gateway_e45f01fffe376ce6
28.9935,50.833695,9,50,Built-up,313.8406748978688,1033.6866058364155,-83,5.8,1.0,100.0,97,0.6,'bbc20572986ac467',2022-10-16 15:18:09,Gateway_e45f01fffe376ce6
28.993359,50.83379,10,60,Bare / sparse vegetation,331.9906030603607,1015.618356075602,-95,10.5,1.0,100.0,109,0.7,'bbc20572986ac467',2022-10-16 15:18:15,Gateway_e45f01fffe376ce6
28.993195,50.833912,10,50,Built-up,353.7097054008269,993.9376552310583,-97,7.8,1.0,100.0,111,0.6,'bbc20572986ac467',2022-10-16 15:18:21,Gateway_e45f01fffe376ce6
28.99303,50.834031,9,50,Built-up,375.36344344199784,972.3446991927615,-93,2.2,0.7,100.0,107,0.6,'bbc20572986ac467',2022-10-16 15:18:27,Gateway_e45f01fffe376ce6
28.992865,50.834155,7,50,Built-up,397.2813741557955,950.4624533513909,-88,-3.5,0.7,100.0,102,0.6,'bbc20572986ac467',2022-10-16 15:18:33,Gateway_e45f01fffe376ce6
28.99271,50.834271,7,50,Built-up,417.84542628692896,929.9363429194697,-78,5.2,1.0,100.0,92,0.6,'bbc20572986ac467',2022-10-16 15:18:39,Gateway_e45f01fffe376ce6
28.992592,50.834357,6,50,Built-up,433.3784989266793,914.4465030363307,-69,-11.0,0.7,100.0,83,0.6,'bbc20572986ac467',2022-10-16 15:18:45,Gateway_e45f01fffe376ce6
28.992592,50.834357,6,50,Built-up,433.3784989266793,914.4465030363307,-83,8.5,1.0,100.0,97,0.6,'bbc20572986ac467',2022-10-16 15:18:50,Gateway_e45f01fffe376ce6
28.992414,50.834498,7,50,Built-up,457.4066146811293,890.4215074343922,-89,-2.0,0.7,100.0,103,0.6,'bbc20572986ac467',2022-10-16 15:18:57,Gateway_e45f01fffe376ce6
28.992289,50.834595,8,50,Built-up,444.1989775383456,873.6690402634699,-93,8.2,1.0,100.0,107,0.6,'bbc20572986ac467',2022-10-16 15:19:03,Gateway_24e124fffef06fd1
28.99216,50.834702,8,50,Built-up,426.88419299050787,855.9757844409629,-96,6.8,1.0,100.0,110,0.6,'bbc20572986ac467',2022-10-16 15:19:09,Gateway_24e124fffef06fd1
28.992039,50.834792,7,50,Built-up,411.0758247082827,839.9897246061122,-88,9.8,1.0,100.0,102,0.6,'bbc20572986ac467',2022-10-16 15:19:15,Gateway_24e124fffef06fd1
28.991877,50.834909,7,50,Built-up,390.0720560891801,818.7955922200435,-89,-0.8,0.7,100.0,103,0.6,'bbc20572986ac467',2022-10-16 15:19:27,Gateway_24e124fffef06fd1
28.991838,50.834931,8,50,Built-up,385.2550008352479,814.0583936672688,-106,7.8,0.2,100.0,120,0.6,'bbc20572986ac467',2022-10-16 15:19:33,Gateway_24e124fffef06fd1
28.991828,50.834935,8,50,Built-up,384.0825477342994,812.9409779370767,-96,-0.5,0.7,100.0,110,0.6,'bbc20572986ac467',2022-10-16 15:19:39,Gateway_24e124fffef06fd1
28.991732,50.835021,6,50,Built-up,371.0256801972597,799.3982486242007,-87,2.0,0.7,100.0,101,0.6,'bbc20572986ac467',2022-10-16 15:19:45,Gateway_24e124fffef06fd1
28.991629,50.8351,6,50,Built-up,357.5415209725902,785.6534068091757,-96,7.2,1.0,100.0,110,0.6,'bbc20572986ac467',2022-10-16 15:19:51,Gateway_24e124fffef06fd1
28.991509,50.835173,6,50,Built-up,342.5459741438571,770.7719579115216,-96,10.2,1.0,100.0,110,0.6,'bbc20572986ac467',2022-10-16 15:20:02,Gateway_24e124fffef06fd1
28.991247,50.835349,7,50,Built-up,309.2544624531479,737.3127113513737,-94,6.8,1.0,100.0,108,0.6,'bbc20572986ac467',2022-10-16 15:20:13,Gateway_24e124fffef06fd1
28.991247,50.835349,7,50,Built-up,309.2544624531479,737.3127113513737,-81,10.5,1.0,100.0,95,0.6,'bbc20572986ac467',2022-10-16 15:20:24,Gateway_24e124fffef06fd1
28.990643,50.835794,6,50,Built-up,231.85023159043303,657.8904030017113,-79,1.0,0.7,100.0,93,0.6,'bbc20572986ac467',2022-10-16 15:20:27,Gateway_24e124fffef06fd1
28.990433,50.835942,7,50,Built-up,205.52746156619327,630.7070688964841,-85,8.8,1.0,100.0,99,0.6,'bbc20572986ac467',2022-10-16 15:20:33,Gateway_24e124fffef06fd1
28.99021,50.836101,6,50,Built-up,177.88813164277303,601.7474890060469,-84,10.0,1.0,100.0,98,0.6,'bbc20572986ac467',2022-10-16 15:20:39,Gateway_24e124fffef06fd1
28.98999,50.836255,7,50,Built-up,151.22599474224023,573.3759387667076,-88,9.0,1.0,100.0,102,0.6,'bbc20572986ac467',2022-10-16 15:20:45,Gateway_24e124fffef06fd1
28.98978,50.836409,5,50,Built-up,126.54186081520527,545.8817639279463,-81,6.8,1.0,100.0,95,0.6,'bbc20572986ac467',2022-10-16 15:20:51,Gateway_24e124fffef06fd1
28.989643,50.836536,4,50,Built-up,111.30195509430439,526.2941382164886,-83,6.5,1.0,100.0,97,0.6,'bbc20572986ac467',2022-10-16 15:20:57,Gateway_24e124fffef06fd1
28.98965,50.836698,4,50,Built-up,113.94186825183098,516.9173433806054,-79,11.0,1.0,100.0,93,0.6,'bbc20572986ac467',2022-10-16 15:21:03,Gateway_24e124fffef06fd1
28.98972,50.836893,4,50,Built-up,126.28717255022224,511.5395238671303,-75,8.8,1.0,100.0,89,0.6,'bbc20572986ac467',2022-10-16 15:21:09,Gateway_24e124fffef06fd1
28.98972,50.836893,4,50,Built-up,126.28717255022224,511.5395238671303,-81,1.0,0.7,100.0,95,0.6,'bbc20572986ac467',2022-10-16 15:21:13,Gateway_24e124fffef06fd1
28.98972,50.836893,4,50,Built-up,126.28717255022224,511.5395238671303,-75,11.8,1.0,100.0,89,0.6,'bbc20572986ac467',2022-10-16 15:21:19,Gateway_24e124fffef06fd1
28.98972,50.836893,4,50,Built-up,126.28717255022224,511.5395238671303,-83,10.5,1.0,100.0,97,0.6,'bbc20572986ac467',2022-10-16 15:21:24,Gateway_24e124fffef06fd1
28.98925,50.837388,3,50,Built-up,111.35744270542854,441.0739671662949,-84,10.0,1.0,100.0,98,0.6,'bbc20572986ac467',2022-10-16 15:21:27,Gateway_24e124fffef06fd1
28.989045,50.837537,5,50,Built-up,112.36009153621899,414.14054815548883,-84,1.5,0.7,100.0,98,0.6,'bbc20572986ac467',2022-10-16 15:21:33,Gateway_24e124fffef06fd1
28.988844,50.837699,-1,50,Built-up,120.92357126840054,386.83620207367255,-79,8.5,1.0,100.0,93,0.6,'bbc20572986ac467',2022-10-16 15:21:39,Gateway_24e124fffef06fd1
28.988646,50.837858,-1,50,Built-up,134.2871366642415,359.97226364044747,-68,-3.5,0.7,100.0,82,0.6,'bbc20572986ac467',2022-10-16 15:21:45,Gateway_24e124fffef06fd1
28.98844,50.838007,5,50,Built-up,150.44764533839967,332.95402308622187,-79,10.0,1.0,100.0,93,0.6,'bbc20572986ac467',2022-10-16 15:21:51,Gateway_24e124fffef06fd1
28.988052,50.838298,6,50,Built-up,188.77053012898864,281.48994087495373,-85,8.8,1.0,100.0,99,0.6,'bbc20572986ac467',2022-10-16 15:22:03,Gateway_24e124fffef06fd1
28.987886,50.83839,5,50,Built-up,204.02959997072043,261.36650605056116,-79,10.2,1.0,100.0,93,0.6,'bbc20572986ac467',2022-10-16 15:22:09,Gateway_24e124fffef06fd1
28.987721,50.838444,3,60,Bare / sparse vegetation,216.80831104952898,243.67538815332279,-78,8.5,1.0,100.0,92,0.7,'bbc20572986ac467',2022-10-16 15:22:15,Gateway_24e124fffef06fd1
28.987721,50.838444,3,60,Bare / sparse vegetation,216.80831104952898,243.67538815332279,-88,4.8,0.976,100.0,102,0.7,'bbc20572986ac467',2022-10-16 15:22:20,Gateway_24e124fffef06fd1
28.987927,50.838539,3,50,Built-up,215.6507031192736,256.68544115540294,-89,9.2,1.0,100.0,103,0.6,'bbc20572986ac467',2022-10-16 15:22:33,Gateway_24e124fffef06fd1
28.988091,50.838483,4,60,Bare / sparse vegetation,204.45654468504253,274.8927799040033,-89,10.2,1.0,100.0,103,0.7,'bbc20572986ac467',2022-10-16 15:22:39,Gateway_24e124fffef06fd1
28.988394,50.83845,8,50,Built-up,193.90240168970567,305.3215639705524,-81,9.5,1.0,100.0,95,0.6,'bbc20572986ac467',2022-10-16 15:22:51,Gateway_24e124fffef06fd1
28.988532,50.838361,6,50,Built-up,183.6931492530936,322.90470997523755,-79,7.5,1.0,100.0,93,0.6,'bbc20572986ac467',2022-10-16 15:22:57,Gateway_24e124fffef06fd1
28.988649,50.838258,6,50,Built-up,173.26818189016473,339.14770005629344,-84,8.8,1.0,100.0,98,0.6,'bbc20572986ac467',2022-10-16 15:23:03,Gateway_24e124fffef06fd1
28.988721,50.838107,3,50,Built-up,158.80434321261646,353.5299131087382,-74,5.5,1.0,100.0,88,0.6,'bbc20572986ac467',2022-10-16 15:23:09,Gateway_24e124fffef06fd1
28.98871,50.837933,3,80,Permanent water bodies,141.80656273949887,361.65326788082984,-78,9.8,1.0,100.0,92,0.95,'bbc20572986ac467',2022-10-16 15:23:15,Gateway_24e124fffef06fd1
28.988811,50.837811,-1,50,Built-up,131.08266755065463,377.58987723393784,-78,7.8,1.0,100.0,92,0.6,'bbc20572986ac467',2022-10-16 15:23:21,Gateway_24e124fffef06fd1
28.988811,50.837811,-1,50,Built-up,131.08266755065463,377.58987723393784,-93,9.2,1.0,100.0,107,0.6,'bbc20572986ac467',2022-10-16 15:23:25,Gateway_24e124fffef06fd1
28.988811,50.837811,-1,50,Built-up,131.08266755065463,377.58987723393784,-88,2.2,0.7,100.0,102,0.6,'bbc20572986ac467',2022-10-16 15:23:30,Gateway_24e124fffef06fd1
28.988811,50.837811,-1,50,Built-up,131.08266755065463,377.58987723393784,-83,7.2,1.0,100.0,97,0.6,'bbc20572986ac467',2022-10-16 15:23:35,Gateway_24e124fffef06fd1
28.989287,50.837463,3,50,Built-up,119.6605166572068,440.2841333076748,-79,8.0,1.0,100.0,93,0.6,'bbc20572986ac467',2022-10-16 15:23:39,Gateway_24e124fffef06fd1
28.989454,50.837339,1,60,Bare / sparse vegetation,123.07253496063365,462.38547629656904,-74,9.5,1.0,100.0,88,0.7,'bbc20572986ac467',2022-10-16 15:23:45,Gateway_24e124fffef06fd1
28.98962,50.837221,3,50,Built-up,130.43125606091823,484.06794969574446,-83,-5.0,0.7,100.0,97,0.6,'bbc20572986ac467',2022-10-16 15:23:51,Gateway_24e124fffef06fd1
28.989785,50.837098,3,50,Built-up,140.4713205279005,505.9318572665835,-83,9.0,1.0,100.0,97,0.6,'bbc20572986ac467',2022-10-16 15:23:57,Gateway_24e124fffef06fd1
28.989949,50.836972,5,50,Built-up,152.80057678144848,527.8673504429009,-73,-8.0,0.7,100.0,87,0.6,'bbc20572986ac467',2022-10-16 15:24:03,Gateway_24e124fffef06fd1
28.99011,50.83684,5,50,Built-up,166.66239668254514,549.8544154683095,-73,10.8,1.0,100.0,87,0.6,'bbc20572986ac467',2022-10-16 15:24:09,Gateway_24e124fffef06fd1
28.990269,50.836701,6,50,Built-up,181.8310611465117,572.0418732839715,-83,8.2,1.0,100.0,97,0.6,'bbc20572986ac467',2022-10-16 15:24:15,Gateway_24e124fffef06fd1
28.990434,50.836568,6,50,Built-up,199.02388702420663,594.4524712935602,-83,9.0,1.0,100.0,97,0.6,'bbc20572986ac467',2022-10-16 15:24:21,Gateway_24e124fffef06fd1
28.990599,50.836449,5,50,Built-up,217.14794148130653,616.0960411169183,-109,9.8,0.2,100.0,123,0.6,'bbc20572986ac467',2022-10-16 15:24:27,Gateway_24e124fffef06fd1
28.990775,50.836322,9,50,Built-up,237.13437380452766,639.1869679613789,-76,8.2,1.0,100.0,90,0.6,'bbc20572986ac467',2022-10-16 15:24:33,Gateway_24e124fffef06fd1
28.990947,50.836201,6,50,Built-up,257.13910330985027,661.5839759529235,-78,7.5,1.0,100.0,92,0.6,'bbc20572986ac467',2022-10-16 15:24:39,Gateway_24e124fffef06fd1
28.990947,50.836201,6,50,Built-up,257.13910330985027,661.5839759529235,-77,9.0,1.0,100.0,91,0.6,'bbc20572986ac467',2022-10-16 15:24:40,Gateway_24e124fffef06fd1
28.991119,50.836078,8,50,Built-up,277.5400419177007,684.0910570865356,-78,10.8,1.0,100.0,92,0.6,'bbc20572986ac467',2022-10-16 15:24:45,Gateway_24e124fffef06fd1
28.991119,50.836078,8,50,Built-up,277.5400419177007,684.0910570865356,-77,10.8,1.0,100.0,91,0.6,'bbc20572986ac467',2022-10-16 15:24:49,Gateway_24e124fffef06fd1
28.991119,50.836078,8,50,Built-up,277.5400419177007,684.0910570865356,-79,2.0,0.7,100.0,93,0.6,'bbc20572986ac467',2022-10-16 15:24:54,Gateway_24e124fffef06fd1
28.991474,50.835835,6,50,Built-up,320.3350317503443,729.9575317153661,-83,10.0,1.0,100.0,97,0.6,'bbc20572986ac467',2022-10-16 15:24:57,Gateway_24e124fffef06fd1
28.991648,50.835711,6,50,Built-up,341.7116734350651,752.7058593575968,-68,-7.8,0.7,100.0,82,0.6,'bbc20572986ac467',2022-10-16 15:25:03,Gateway_24e124fffef06fd1
28.991817,50.835591,6,50,Built-up,362.6248764732624,774.7774382945871,-79,9.5,1.0,100.0,93,0.6,'bbc20572986ac467',2022-10-16 15:25:09,Gateway_24e124fffef06fd1
28.991817,50.835591,6,50,Built-up,362.6248764732624,774.7774382945871,-75,8.5,1.0,100.0,89,0.6,'bbc20572986ac467',2022-10-16 15:25:14,Gateway_24e124fffef06fd1
28.992111,50.835372,4,50,Built-up,399.5749018880381,813.7281996265893,-81,10.0,1.0,100.0,95,0.6,'bbc20572986ac467',2022-10-16 15:25:21,Gateway_24e124fffef06fd1
28.992257,50.835262,4,50,Built-up,418.09374649123635,833.1383485324056,-84,7.8,1.0,100.0,98,0.6,'bbc20572986ac467',2022-10-16 15:25:27,Gateway_24e124fffef06fd1
28.992405,50.835155,5,80,Permanent water bodies,436.8152341159812,852.571090266246,-79,7.0,1.0,100.0,93,0.95,'bbc20572986ac467',2022-10-16 15:25:38,Gateway_24e124fffef06fd1
28.992689,50.834958,6,50,Built-up,459.44022760884235,889.413059780339,-83,7.8,1.0,100.0,97,0.6,'bbc20572986ac467',2022-10-16 15:25:45,Gateway_e45f01fffe376ce6
28.992999,50.834756,5,50,Built-up,420.4921266047381,928.9309188857253,-83,10.8,1.0,100.0,97,0.6,'bbc20572986ac467',2022-10-16 15:25:57,Gateway_e45f01fffe376ce6
28.992999,50.834756,5,50,Built-up,420.4921266047381,928.9309188857253,-86,-3.8,0.7,100.0,100,0.6,'bbc20572986ac467',2022-10-16 15:26:02,Gateway_e45f01fffe376ce6
28.9933,50.834569,7,50,Built-up,383.3959763951041,966.820117099296,-82,9.5,1.0,100.0,96,0.6,'bbc20572986ac467',2022-10-16 15:26:09,Gateway_e45f01fffe376ce6
28.993436,50.834468,7,50,Built-up,365.6121832027891,984.8223058102724,-82,10.5,1.0,100.0,96,0.6,'bbc20572986ac467',2022-10-16 15:26:15,Gateway_e45f01fffe376ce6
28.993609,50.834373,4,50,Built-up,345.2520635460333,1005.9400926629988,-96,8.8,1.0,100.0,110,0.6,'bbc20572986ac467',2022-10-16 15:26:21,Gateway_e45f01fffe376ce6
28.993803,50.834296,3,50,Built-up,324.58985636336274,1028.0710519902716,-79,-0.8,0.7,100.0,93,0.6,'bbc20572986ac467',2022-10-16 15:26:27,Gateway_e45f01fffe376ce6
28.994175,50.834095,6,50,Built-up,281.9815971563473,1073.3612715989684,-76,7.8,1.0,100.0,90,0.6,'bbc20572986ac467',2022-10-16 15:26:39,Gateway_e45f01fffe376ce6
28.994354,50.833982,6,50,Built-up,260.633055225341,1096.0128357160747,-77,9.8,1.0,100.0,91,0.6,'bbc20572986ac467',2022-10-16 15:26:45,Gateway_e45f01fffe376ce6
28.994533,50.833867,3,50,Built-up,239.37872647822138,1118.7700660294865,-70,7.2,1.0,100.0,84,0.6,'bbc20572986ac467',2022-10-16 15:26:51,Gateway_e45f01fffe376ce6
28.994716,50.83373,1,50,Built-up,216.44360029732016,1143.047980205527,-77,10.0,1.0,100.0,91,0.6,'bbc20572986ac467',2022-10-16 15:26:57,Gateway_e45f01fffe376ce6
28.994905,50.833593,0,50,Built-up,193.46610289406382,1167.887996935404,-70,-2.2,0.7,100.0,84,0.6,'bbc20572986ac467',2022-10-16 15:27:03,Gateway_e45f01fffe376ce6
28.99509,50.833462,0,50,Built-up,171.73900204215906,1192.0407798767703,-73,10.5,1.0,100.0,87,0.6,'bbc20572986ac467',2022-10-16 15:27:09,Gateway_e45f01fffe376ce6
28.995265,50.833333,0,50,Built-up,151.41955958935267,1215.1526739769868,-73,6.5,1.0,100.0,87,0.6,'bbc20572986ac467',2022-10-16 15:27:15,Gateway_e45f01fffe376ce6
28.995421,50.833213,5,50,Built-up,133.61964297958704,1236.0162561927286,-75,10.5,1.0,100.0,89,0.6,'bbc20572986ac467',2022-10-16 15:27:21,Gateway_e45f01fffe376ce6
28.99558,50.833066,5,50,Built-up,114.22503631827611,1258.5715817576393,-66,7.5,1.0,100.0,80,0.6,'bbc20572986ac467',2022-10-16 15:27:27,Gateway_e45f01fffe376ce6
28.995697,50.832639,4,60,Bare / sparse vegetation,70.64693754597737,1292.157850650187,-78,8.0,1.0,100.0,92,0.7,'bbc20572986ac467',2022-10-16 15:27:39,Gateway_e45f01fffe376ce6
28.995438,50.832405,3,50,Built-up,66.20210566060254,1281.4151366415642,-103,9.0,0.2,100.0,117,0.6,'bbc20572986ac467',2022-10-16 15:27:51,Gateway_e45f01fffe376ce6
28.995269,50.832465,4,50,Built-up,84.33869848509516,1262.7619565086711,-88,10.5,1.0,100.0,102,0.6,'bbc20572986ac467',2022-10-16 15:27:57,Gateway_e45f01fffe376ce6
28.995115,50.832565,4,50,Built-up,103.86181147558005,1243.211060467107,-76,5.8,1.0,100.0,90,0.6,'bbc20572986ac467',2022-10-16 15:28:03,Gateway_e45f01fffe376ce6
28.994965,50.83267,5,50,Built-up,123.34164076803368,1223.7388670966902,-81,7.5,1.0,100.0,95,0.6,'bbc20572986ac467',2022-10-16 15:28:09,Gateway_e45f01fffe376ce6
28.99481,50.832775,5,50,Built-up,143.28950080100392,1203.818711181621,-77,8.5,1.0,100.0,91,0.6,'bbc20572986ac467',2022-10-16 15:28:15,Gateway_e45f01fffe376ce6
28.994662,50.83289,5,50,Built-up,163.15542250155366,1183.9592789181766,-90,10.0,1.0,100.0,104,0.6,'bbc20572986ac467',2022-10-16 15:28:21,Gateway_e45f01fffe376ce6
28.994514,50.83302,6,50,Built-up,183.85161215333503,1163.244739690402,-81,-5.2,0.7,100.0,95,0.6,'bbc20572986ac467',2022-10-16 15:28:27,Gateway_e45f01fffe376ce6
28.994354,50.833147,8,50,Built-up,205.47644731197093,1141.6224485001255,-75,8.5,1.0,100.0,89,0.6,'bbc20572986ac467',2022-10-16 15:28:33,Gateway_e45f01fffe376ce6
28.994203,50.833277,11,50,Built-up,226.45076275416687,1120.63831729337,-79,10.2,1.0,100.0,93,0.6,'bbc20572986ac467',2022-10-16 15:28:39,Gateway_e45f01fffe376ce6
28.994058,50.833383,11,50,Built-up,245.54088413114016,1101.5615492041304,-75,9.5,1.0,100.0,89,0.6,'bbc20572986ac467',2022-10-16 15:28:45,Gateway_e45f01fffe376ce6
28.994058,50.833383,11,50,Built-up,245.54088413114016,1101.5615492041304,-82,7.0,1.0,100.0,96,0.6,'bbc20572986ac467',2022-10-16 15:28:49,Gateway_e45f01fffe376ce6
28.994058,50.833383,11,50,Built-up,245.54088413114016,1101.5615492041304,-87,7.2,1.0,100.0,101,0.6,'bbc20572986ac467',2022-10-16 15:28:54,Gateway_e45f01fffe376ce6
28.993756,50.833591,7,50,Built-up,284.60307897266983,1062.563486800009,-82,10.0,1.0,100.0,96,0.6,'bbc20572986ac467',2022-10-16 15:28:57,Gateway_e45f01fffe376ce6
28.993603,50.833688,9,50,Built-up,303.942199634579,1043.2910693478725,-89,10.2,1.0,100.0,103,0.6,'bbc20572986ac467',2022-10-16 15:29:03,Gateway_e45f01fffe376ce6
28.993308,50.833874,10,50,Built-up,341.19899876692824,1006.2065197804116,-95,9.8,1.0,100.0,109,0.6,'bbc20572986ac467',2022-10-16 15:29:15,Gateway_e45f01fffe376ce6
28.993004,50.834084,9,50,Built-up,380.5944915232379,966.9488752381075,-84,9.0,1.0,100.0,98,0.6,'bbc20572986ac467',2022-10-16 15:29:27,Gateway_e45f01fffe376ce6
28.992849,50.834192,7,50,Built-up,400.73240299632465,946.8838264414343,-85,-3.2,0.7,100.0,99,0.6,'bbc20572986ac467',2022-10-16 15:29:33,Gateway_e45f01fffe376ce6
28.992849,50.834192,7,50,Built-up,400.73240299632465,946.8838264414343,-84,10.8,1.0,100.0,98,0.6,'bbc20572986ac467',2022-10-16 15:29:38,Gateway_e45f01fffe376ce6
28.992564,50.8344,7,50,Built-up,438.26303828461573,909.4483398463094,-89,8.8,1.0,100.0,103,0.6,'bbc20572986ac467',2022-10-16 15:29:45,Gateway_e45f01fffe376ce6
28.992445,50.834497,7,50,Built-up,454.4746532354908,893.2255332358483,-88,9.0,1.0,100.0,102,0.6,'bbc20572986ac467',2022-10-16 15:29:51,Gateway_e45f01fffe376ce6
28.99231,50.834606,8,50,Built-up,445.8791227818917,874.8826816168134,-93,-1.2,0.7,100.0,107,0.6,'bbc20572986ac467',2022-10-16 15:30:01,Gateway_24e124fffef06fd1
28.99231,50.834606,8,50,Built-up,445.8791227818917,874.8826816168134,-85,11.0,1.0,100.0,99,0.6,'bbc20572986ac467',2022-10-16 15:30:06,Gateway_24e124fffef06fd1
28.992023,50.834826,7,50,Built-up,408.1314674152128,836.5762747572145,-85,10.0,1.0,100.0,99,0.6,'bbc20572986ac467',2022-10-16 15:30:09,Gateway_24e124fffef06fd1
28.991717,50.835046,6,50,Built-up,368.5600371073862,796.5988464291272,-90,10.5,1.0,100.0,104,0.6,'bbc20572986ac467',2022-10-16 15:30:21,Gateway_24e124fffef06fd1
28.991558,50.835157,6,50,Built-up,348.1677380449271,776.0285308049511,-96,9.8,1.0,100.0,110,0.6,'bbc20572986ac467',2022-10-16 15:30:27,Gateway_24e124fffef06fd1
28.991389,50.835265,7,50,Built-up,326.88328821084485,754.7651435676962,-93,8.2,1.0,100.0,107,0.6,'bbc20572986ac467',2022-10-16 15:30:33,Gateway_24e124fffef06fd1
28.991046,50.8355,7,50,Built-up,283.25478743097153,710.6988577982646,-87,-4.0,0.7,100.0,101,0.6,'bbc20572986ac467',2022-10-16 15:30:45,Gateway_24e124fffef06fd1
28.99089,50.835616,7,50,Built-up,263.2096373821508,690.1198637385187,-79,10.0,1.0,100.0,93,0.6,'bbc20572986ac467',2022-10-16 15:30:57,Gateway_24e124fffef06fd1
28.990576,50.835852,6,50,Built-up,223.13394635430578,648.5604985756286,-87,8.8,1.0,100.0,101,0.6,'bbc20572986ac467',2022-10-16 15:31:03,Gateway_24e124fffef06fd1
28.990409,50.835976,7,50,Built-up,202.1260123264663,626.5580935436558,-93,2.8,0.736,100.0,107,0.6,'bbc20572986ac467',2022-10-16 15:31:09,Gateway_24e124fffef06fd1
28.990239,50.836088,6,50,Built-up,181.29624559617133,605.0407190160846,-87,10.5,1.0,100.0,101,0.6,'bbc20572986ac467',2022-10-16 15:31:15,Gateway_24e124fffef06fd1
28.990068,50.83621,7,50,Built-up,160.44529217679042,582.8387616220288,-95,8.5,1.0,100.0,109,0.6,'bbc20572986ac467',2022-10-16 15:31:21,Gateway_24e124fffef06fd1
28.989926,50.83633,5,50,Built-up,143.28213154318695,563.2540720706013,-89,-2.5,0.7,100.0,103,0.6,'bbc20572986ac467',2022-10-16 15:31:27,Gateway_24e124fffef06fd1
28.989809,50.83643,5,50,Built-up,129.65838462675256,547.048769230011,-94,6.0,1.0,100.0,108,0.6,'bbc20572986ac467',2022-10-16 15:31:33,Gateway_24e124fffef06fd1
28.989697,50.836512,5,50,Built-up,117.19470917579234,532.3899299937951,-89,10.2,1.0,100.0,103,0.6,'bbc20572986ac467',2022-10-16 15:31:39,Gateway_24e124fffef06fd1
28.989647,50.836605,4,50,Built-up,112.27418408204385,522.349770779099,-72,9.2,1.0,100.0,86,0.6,'bbc20572986ac467',2022-10-16 15:31:45,Gateway_24e124fffef06fd1
28.989707,50.836754,5,50,Built-up,121.23837952908444,518.5293741650132,-79,-0.5,0.7,100.0,93,0.6,'bbc20572986ac467',2022-10-16 15:31:51,Gateway_24e124fffef06fd1
28.989749,50.836928,4,50,Built-up,130.439469097696,512.1325284002904,-73,10.2,1.0,100.0,87,0.6,'bbc20572986ac467',2022-10-16 15:31:57,Gateway_24e124fffef06fd1
28.989639,50.837015,4,50,Built-up,122.38486834774571,497.28475936181246,-90,6.2,1.0,100.0,104,0.6,'bbc20572986ac467',2022-10-16 15:32:03,Gateway_24e124fffef06fd1
28.989479,50.836978,4,50,Built-up,104.89264350733288,485.1931189227153,-75,10.2,1.0,100.0,89,0.6,'bbc20572986ac467',2022-10-16 15:32:09,Gateway_24e124fffef06fd1
28.98932,50.836989,3,50,Built-up,90.22577278813831,470.64019983069375,-75,2.2,0.7,100.0,89,0.6,'bbc20572986ac467',2022-10-16 15:32:15,Gateway_24e124fffef06fd1
28.989162,50.83703,3,50,Built-up,78.86690349186628,454.52424678596816,-73,10.0,1.0,100.0,87,0.6,'bbc20572986ac467',2022-10-16 15:32:21,Gateway_24e124fffef06fd1
28.989162,50.83703,3,50,Built-up,78.86690349186628,454.52424678596816,-91,7.8,1.0,100.0,105,0.6,'bbc20572986ac467',2022-10-16 15:32:26,Gateway_24e124fffef06fd1
28.989162,50.83703,3,50,Built-up,78.86690349186628,454.52424678596816,-83,10.5,1.0,100.0,97,0.6,'bbc20572986ac467',2022-10-16 15:32:31,Gateway_24e124fffef06fd1
28.989162,50.83703,3,50,Built-up,78.86690349186628,454.52424678596816,-90,8.0,1.0,100.0,104,0.6,'bbc20572986ac467',2022-10-16 15:32:36,Gateway_24e124fffef06fd1
28.98874,50.837171,6,50,Built-up,68.24367714031703,410.1600121274637,-85,8.8,1.0,100.0,99,0.6,'bbc20572986ac467',2022-10-16 15:32:39,Gateway_24e124fffef06fd1
28.988941,50.837304,5,60,Bare / sparse vegetation,86.95292243714428,418.66477147488195,-79,9.8,1.0,100.0,93,0.7,'bbc20572986ac467',2022-10-16 15:32:51,Gateway_24e124fffef06fd1
28.988941,50.837304,5,60,Bare / sparse vegetation,86.95292243714428,418.66477147488195,-77,7.2,1.0,100.0,91,0.7,'bbc20572986ac467',2022-10-16 15:32:56,Gateway_24e124fffef06fd1
28.989191,50.837127,4,60,Bare / sparse vegetation,87.77732560942856,451.0799592547256,-79,10.5,1.0,100.0,93,0.7,'bbc20572986ac467',2022-10-16 15:33:03,Gateway_24e124fffef06fd1
28.989315,50.837055,3,50,Built-up,93.47122419630615,466.220536570635,-69,-4.0,0.7,100.0,83,0.6,'bbc20572986ac467',2022-10-16 15:33:09,Gateway_24e124fffef06fd1
28.989447,50.837009,4,50,Built-up,103.23638811804547,480.5408970218932,-85,10.5,1.0,100.0,99,0.6,'bbc20572986ac467',2022-10-16 15:33:15,Gateway_24e124fffef06fd1
28.989403,50.836883,4,50,Built-up,93.24142201836489,484.2785191927339,-82,8.0,1.0,100.0,96,0.6,'bbc20572986ac467',2022-10-16 15:33:21,Gateway_24e124fffef06fd1
28.989263,50.836981,3,50,Built-up,84.56699554035168,466.2089944567804,-79,10.0,1.0,100.0,93,0.6,'bbc20572986ac467',2022-10-16 15:33:27,Gateway_24e124fffef06fd1
28.989113,50.837059,5,50,Built-up,77.01933845347158,448.5390129581823,-72,10.0,1.0,100.0,86,0.6,'bbc20572986ac467',2022-10-16 15:33:33,Gateway_24e124fffef06fd1
28.98897,50.837114,5,50,Built-up,71.79773283500678,432.9640930762297,-99,9.8,1.0,100.0,113,0.6,'bbc20572986ac467',2022-10-16 15:33:39,Gateway_24e124fffef06fd1
28.98897,50.837114,5,50,Built-up,71.79773283500678,432.9640930762297,-79,-2.0,0.7,100.0,93,0.6,'bbc20572986ac467',2022-10-16 15:33:45,Gateway_24e124fffef06fd1
28.988695,50.837196,6,50,Built-up,70.0396541340339,404.8325766225293,-87,11.0,1.0,100.0,101,0.6,'bbc20572986ac467',2022-10-16 15:33:56,Gateway_24e124fffef06fd1
28.988852,50.837427,4,60,Bare / sparse vegetation,95.22904167753637,403.4748867112441,-82,10.5,1.0,100.0,96,0.7,'bbc20572986ac467',2022-10-16 15:34:03,Gateway_24e124fffef06fd1
28.988852,50.837427,4,60,Bare / sparse vegetation,95.22904167753637,403.4748867112441,-79,11.8,1.0,100.0,93,0.7,'bbc20572986ac467',2022-10-16 15:34:13,Gateway_24e124fffef06fd1
28.988852,50.837427,4,60,Bare / sparse vegetation,95.22904167753637,403.4748867112441,-70,-5.8,0.7,100.0,84,0.7,'bbc20572986ac467',2022-10-16 15:34:18,Gateway_24e124fffef06fd1
28.989177,50.837141,4,60,Bare / sparse vegetation,87.70198972546861,449.01655472914956,-85,10.5,1.0,100.0,99,0.7,'bbc20572986ac467',2022-10-16 15:34:21,Gateway_24e124fffef06fd1
28.989293,50.837068,4,50,Built-up,92.31219366785253,463.51934317740466,-84,8.0,1.0,100.0,98,0.6,'bbc20572986ac467',2022-10-16 15:34:27,Gateway_24e124fffef06fd1
28.989419,50.837041,4,50,Built-up,102.19321793466887,476.18247670588397,-85,9.5,1.0,100.0,99,0.6,'bbc20572986ac467',2022-10-16 15:34:33,Gateway_24e124fffef06fd1
28.989452,50.836922,4,50,Built-up,99.77460809273224,486.1661537309738,-83,9.0,1.0,100.0,97,0.6,'bbc20572986ac467',2022-10-16 15:34:39,Gateway_24e124fffef06fd1
28.989337,50.83695,3,50,Built-up,89.8091192989887,474.4862552752778,-87,10.2,1.0,100.0,101,0.6,'bbc20572986ac467',2022-10-16 15:34:45,Gateway_24e124fffef06fd1
28.989337,50.83695,3,50,Built-up,89.8091192989887,474.4862552752778,-77,6.0,1.0,100.0,91,0.6,'bbc20572986ac467',2022-10-16 15:34:50,Gateway_24e124fffef06fd1
28.989309,50.836959,3,50,Built-up,87.61808179471313,471.5194944856684,-79,9.0,1.0,100.0,93,0.6,'bbc20572986ac467',2022-10-16 15:34:57,Gateway_24e124fffef06fd1
28.989228,50.837,3,50,Built-up,82.55372683410496,462.03241749736173,-94,8.0,1.0,100.0,108,0.6,'bbc20572986ac467',2022-10-16 15:35:09,Gateway_24e124fffef06fd1
28.989194,50.837022,3,50,Built-up,80.99387723007465,457.75837037119516,-73,8.0,1.0,100.0,87,0.6,'bbc20572986ac467',2022-10-16 15:35:15,Gateway_24e124fffef06fd1
28.989198,50.837018,3,50,Built-up,81.07789659369959,458.3483524913813,-81,9.0,1.0,100.0,95,0.6,'bbc20572986ac467',2022-10-16 15:35:21,Gateway_24e124fffef06fd1
28.989134,50.837089,4,50,Built-up,80.74583839232193,448.47694931300475,-79,7.8,1.0,100.0,93,0.6,'bbc20572986ac467',2022-10-16 15:35:27,Gateway_24e124fffef06fd1
28.989016,50.837144,5,50,Built-up,76.96527888289994,434.97655089007435,-96,10.0,1.0,100.0,110,0.6,'bbc20572986ac467',2022-10-16 15:35:33,Gateway_24e124fffef06fd1
28.989016,50.837144,5,50,Built-up,76.96527888289994,434.97655089007435,-84,3.8,0.8559999999999999,100.0,98,0.6,'bbc20572986ac467',2022-10-16 15:35:37,Gateway_24e124fffef06fd1
28.989016,50.837144,5,50,Built-up,76.96527888289994,434.97655089007435,-89,9.0,1.0,100.0,103,0.6,'bbc20572986ac467',2022-10-16 15:35:43,Gateway_24e124fffef06fd1
28.989016,50.837144,5,50,Built-up,76.96527888289994,434.97655089007435,-89,12.2,1.0,100.0,103,0.6,'bbc20572986ac467',2022-10-16 15:35:54,Gateway_24e124fffef06fd1
28.989016,50.837144,5,50,Built-up,76.96527888289994,434.97655089007435,-81,-3.0,0.7,100.0,95,0.6,'bbc20572986ac467',2022-10-16 15:35:58,Gateway_24e124fffef06fd1
28.988902,50.837318,5,60,Bare / sparse vegetation,86.67204781200003,414.44642094486755,-87,2.2,0.7,100.0,101,0.7,'bbc20572986ac467',2022-10-16 15:36:03,Gateway_24e124fffef06fd1
28.989003,50.837217,5,50,Built-up,82.32169140161957,429.3415019222808,-75,10.2,1.0,100.0,89,0.6,'bbc20572986ac467',2022-10-16 15:36:09,Gateway_24e124fffef06fd1
28.989003,50.837217,5,50,Built-up,82.32169140161957,429.3415019222808,-75,9.8,1.0,100.0,89,0.6,'bbc20572986ac467',2022-10-16 15:36:13,Gateway_24e124fffef06fd1
28.989003,50.837217,5,50,Built-up,82.32169140161957,429.3415019222808,-83,5.5,1.0,100.0,97,0.6,'bbc20572986ac467',2022-10-16 15:36:18,Gateway_24e124fffef06fd1
28.989203,50.837063,3,50,Built-up,84.3891231477226,456.0119578919119,-84,8.8,1.0,100.0,98,0.6,'bbc20572986ac467',2022-10-16 15:36:21,Gateway_24e124fffef06fd1
28.989347,50.837009,3,50,Built-up,93.79699868246168,471.7769910302784,-73,9.5,1.0,100.0,87,0.6,'bbc20572986ac467',2022-10-16 15:36:27,Gateway_24e124fffef06fd1
28.989486,50.837046,4,50,Built-up,108.78621998840767,481.8217329449526,-96,10.2,1.0,100.0,110,0.6,'bbc20572986ac467',2022-10-16 15:36:33,Gateway_24e124fffef06fd1
28.989522,50.837182,3,50,Built-up,119.31580230462988,477.2804779644982,-88,5.8,1.0,100.0,102,0.6,'bbc20572986ac467',2022-10-16 15:36:39,Gateway_24e124fffef06fd1
28.989396,50.837304,4,50,Built-up,116.05533745293596,459.02100975413657,-77,10.0,1.0,100.0,91,0.6,'bbc20572986ac467',2022-10-16 15:36:45,Gateway_24e124fffef06fd1
28.989243,50.837415,3,50,Built-up,112.9987659656273,438.92522271738613,-89,10.0,1.0,100.0,103,0.6,'bbc20572986ac467',2022-10-16 15:36:51,Gateway_24e124fffef06fd1
28.989087,50.83752,5,50,Built-up,112.80886076811906,418.8963905472948,-95,10.2,1.0,100.0,109,0.6,'bbc20572986ac467',2022-10-16 15:36:57,Gateway_24e124fffef06fd1
28.989087,50.83752,5,50,Built-up,112.80886076811906,418.8963905472948,-81,1.8,0.7,100.0,95,0.6,'bbc20572986ac467',2022-10-16 15:37:04,Gateway_24e124fffef06fd1
28.988784,50.837742,-1,60,Bare / sparse vegetation,124.01258873802142,378.98858121807507,-72,10.2,1.0,100.0,86,0.7,'bbc20572986ac467',2022-10-16 15:37:09,Gateway_24e124fffef06fd1
28.988661,50.837729,-1,60,Bare / sparse vegetation,121.73674116028377,368.73318483627816,-72,7.2,1.0,100.0,86,0.7,'bbc20572986ac467',2022-10-16 15:37:15,Gateway_24e124fffef06fd1
28.988661,50.837729,-1,60,Bare / sparse vegetation,121.73674116028377,368.73318483627816,-82,10.5,1.0,100.0,96,0.7,'bbc20572986ac467',2022-10-16 15:37:19,Gateway_24e124fffef06fd1
28.988661,50.837729,-1,60,Bare / sparse vegetation,121.73674116028377,368.73318483627816,-77,6.0,1.0,100.0,91,0.7,'bbc20572986ac467',2022-10-16 15:37:25,Gateway_24e124fffef06fd1
28.988661,50.837729,-1,60,Bare / sparse vegetation,121.73674116028377,368.73318483627816,-83,11.5,1.0,100.0,97,0.7,'bbc20572986ac467',2022-10-16 15:37:31,Gateway_24e124fffef06fd1
28.988661,50.837729,-1,60,Bare / sparse vegetation,121.73674116028377,368.73318483627816,-85,9.2,1.0,100.0,99,0.7,'bbc20572986ac467',2022-10-16 15:37:45,Gateway_24e124fffef06fd1
28.987996,50.837726,6,50,Built-up,140.84837476225135,313.12931068566746,-87,1.5,0.7,100.0,101,0.6,'bbc20572986ac467',2022-10-16 15:37:51,Gateway_24e124fffef06fd1
28.987915,50.837852,6,50,Built-up,155.99064242070966,298.10580170378324,-84,9.8,1.0,100.0,98,0.6,'bbc20572986ac467',2022-10-16 15:37:57,Gateway_24e124fffef06fd1
28.987893,50.837976,7,50,Built-up,167.6548844040511,287.9670257179969,-91,9.0,1.0,100.0,105,0.6,'bbc20572986ac467',2022-10-16 15:38:03,Gateway_24e124fffef06fd1
28.987979,50.838038,7,60,Bare / sparse vegetation,168.5786857483926,290.9788306362026,-87,9.5,1.0,100.0,101,0.7,'bbc20572986ac467',2022-10-16 15:38:09,Gateway_24e124fffef06fd1
28.987979,50.838038,7,60,Bare / sparse vegetation,168.5786857483926,290.9788306362026,-79,0.2,0.7,100.0,93,0.7,'bbc20572986ac467',2022-10-16 15:38:14,Gateway_24e124fffef06fd1
28.988168,50.837914,6,60,Bare / sparse vegetation,149.21426792166946,314.7441824728088,-93,9.2,1.0,100.0,107,0.7,'bbc20572986ac467',2022-10-16 15:38:21,Gateway_24e124fffef06fd1
28.98825,50.837848,5,60,Bare / sparse vegetation,140.14408698423213,325.83823641799,-79,8.0,1.0,100.0,93,0.7,'bbc20572986ac467',2022-10-16 15:38:27,Gateway_24e124fffef06fd1
28.988342,50.83779,4,60,Bare / sparse vegetation,131.8626651995963,337.28757608075176,-72,9.8,1.0,100.0,86,0.7,'bbc20572986ac467',2022-10-16 15:38:33,Gateway_24e124fffef06fd1
28.988437,50.83773,4,60,Bare / sparse vegetation,123.87256827850135,349.13150484841026,-77,3.0,0.76,100.0,91,0.7,'bbc20572986ac467',2022-10-16 15:38:39,Gateway_24e124fffef06fd1
28.988517,50.837631,4,60,Bare / sparse vegetation,112.98995488564681,362.10885337390437,-77,9.8,1.0,100.0,91,0.7,'bbc20572986ac467',2022-10-16 15:38:45,Gateway_24e124fffef06fd1
28.988492,50.837501,4,60,Bare / sparse vegetation,100.83922117955501,368.23142012991985,-79,8.0,1.0,100.0,93,0.7,'bbc20572986ac467',2022-10-16 15:38:51,Gateway_24e124fffef06fd1
28.988369,50.837488,4,60,Bare / sparse vegetation,102.71893762782835,358.98208684760414,-67,9.2,1.0,100.0,81,0.7,'bbc20572986ac467',2022-10-16 15:38:57,Gateway_24e124fffef06fd1
28.988242,50.837537,4,60,Bare / sparse vegetation,112.0527580215106,345.4842631648087,-77,-1.0,0.7,100.0,91,0.7,'bbc20572986ac467',2022-10-16 15:39:03,Gateway_24e124fffef06fd1
28.988119,50.837603,4,60,Bare / sparse vegetation,123.73677770887014,331.2458706179302,-76,10.2,1.0,100.0,90,0.7,'bbc20572986ac467',2022-10-16 15:39:09,Gateway_24e124fffef06fd1
28.988004,50.837681,6,50,Built-up,136.62637259138205,316.8688922292497,-88,6.8,1.0,100.0,102,0.6,'bbc20572986ac467',2022-10-16 15:39:15,Gateway_24e124fffef06fd1
28.987913,50.837787,6,50,Built-up,150.71524482170452,302.4318246088768,-81,10.0,1.0,100.0,95,0.6,'bbc20572986ac467',2022-10-16 15:39:21,Gateway_24e124fffef06fd1
28.988018,50.838,7,50,Built-up,163.38096095904228,296.6705269174357,-84,8.5,1.0,100.0,98,0.6,'bbc20572986ac467',2022-10-16 15:39:33,Gateway_24e124fffef06fd1
28.988018,50.838,7,50,Built-up,163.38096095904228,296.6705269174357,-84,12.0,1.0,100.0,98,0.6,'bbc20572986ac467',2022-10-16 15:39:42,Gateway_24e124fffef06fd1
28.988233,50.837843,5,60,Bare / sparse vegetation,140.27521862767406,324.71364942164206,-77,4.8,0.976,100.0,91,0.7,'bbc20572986ac467',2022-10-16 15:39:45,Gateway_24e124fffef06fd1
28.988344,50.837768,4,60,Bare / sparse vegetation,129.73199066626142,338.83047777695583,-84,10.8,1.0,100.0,98,0.7,'bbc20572986ac467',2022-10-16 15:39:51,Gateway_24e124fffef06fd1
28.988456,50.837693,4,60,Bare / sparse vegetation,119.95275261830756,353.04830588283187,-73,-9.2,0.7,100.0,87,0.7,'bbc20572986ac467',2022-10-16 15:39:57,Gateway_24e124fffef06fd1
28.988499,50.837464,4,60,Bare / sparse vegetation,97.15556408923626,371.204446941384,-82,3.5,0.82,100.0,96,0.7,'bbc20572986ac467',2022-10-16 15:40:09,Gateway_24e124fffef06fd1
28.988372,50.837463,4,60,Bare / sparse vegetation,100.29272370964259,360.88998108348255,-72,10.2,1.0,100.0,86,0.7,'bbc20572986ac467',2022-10-16 15:40:15,Gateway_24e124fffef06fd1
28.988245,50.837518,4,60,Bare / sparse vegetation,110.22063819939329,347.01152468921225,-75,8.2,1.0,100.0,89,0.7,'bbc20572986ac467',2022-10-16 15:40:21,Gateway_24e124fffef06fd1
28.988126,50.837591,4,60,Bare / sparse vegetation,122.34053611582475,332.6207324332689,-72,10.5,1.0,100.0,86,0.7,'bbc20572986ac467',2022-10-16 15:40:27,Gateway_24e124fffef06fd1
28.988006,50.837658,6,50,Built-up,134.5954833132258,318.62594397024435,-84,-0.2,0.7,100.0,98,0.6,'bbc20572986ac467',2022-10-16 15:40:33,Gateway_24e124fffef06fd1
28.987891,50.837734,6,50,Built-up,147.73288416726618,304.4525427614931,-87,10.2,1.0,100.0,101,0.6,'bbc20572986ac467',2022-10-16 15:40:39,Gateway_24e124fffef06fd1
28.98787,50.837874,7,60,Bare / sparse vegetation,160.42883091656682,293.0559138093893,-82,8.0,1.0,100.0,96,0.7,'bbc20572986ac467',2022-10-16 15:40:45,Gateway_24e124fffef06fd1
28.987974,50.837969,7,50,Built-up,162.79961383707902,295.02946556927606,-83,7.2,1.0,100.0,97,0.6,'bbc20572986ac467',2022-10-16 15:40:51,Gateway_24e124fffef06fd1
28.988103,50.837924,6,60,Bare / sparse vegetation,152.78710266867722,308.6394431888955,-82,2.0,0.7,100.0,96,0.7,'bbc20572986ac467',2022-10-16 15:40:57,Gateway_24e124fffef06fd1
28.988212,50.837855,5,60,Bare / sparse vegetation,142.142763474657,322.18318839980486,-84,9.8,1.0,100.0,98,0.7,'bbc20572986ac467',2022-10-16 15:41:03,Gateway_24e124fffef06fd1
28.988325,50.837786,4,60,Bare / sparse vegetation,131.97125202427432,336.0897621873313,-69,-5.5,0.7,100.0,83,0.7,'bbc20572986ac467',2022-10-16 15:41:09,Gateway_24e124fffef06fd1
28.988325,50.837786,4,60,Bare / sparse vegetation,131.97125202427432,336.0897621873313,-99,9.5,1.0,100.0,113,0.7,'bbc20572986ac467',2022-10-16 15:41:13,Gateway_24e124fffef06fd1
28.988325,50.837786,4,60,Bare / sparse vegetation,131.97125202427432,336.0897621873313,-78,7.0,1.0,100.0,92,0.7,'bbc20572986ac467',2022-10-16 15:41:18,Gateway_24e124fffef06fd1
28.988532,50.837618,4,60,Bare / sparse vegetation,111.54181746553095,364.19737094422607,-77,10.0,1.0,100.0,91,0.7,'bbc20572986ac467',2022-10-16 15:41:21,Gateway_24e124fffef06fd1
28.988516,50.837485,4,60,Bare / sparse vegetation,98.89649463448755,371.25830251891676,-72,9.0,1.0,100.0,86,0.7,'bbc20572986ac467',2022-10-16 15:41:31,Gateway_24e124fffef06fd1
28.988516,50.837485,4,60,Bare / sparse vegetation,98.89649463448755,371.25830251891676,-75,-5.0,0.7,100.0,89,0.7,'bbc20572986ac467',2022-10-16 15:41:37,Gateway_24e124fffef06fd1
28.988516,50.837485,4,60,Bare / sparse vegetation,98.89649463448755,371.25830251891676,-85,9.8,1.0,100.0,99,0.7,'bbc20572986ac467',2022-10-16 15:41:42,Gateway_24e124fffef06fd1
28.988166,50.837618,5,60,Bare / sparse vegetation,122.71255612296426,333.94171989738936,-72,10.2,1.0,100.0,86,0.7,'bbc20572986ac467',2022-10-16 15:41:45,Gateway_24e124fffef06fd1
28.988166,50.837618,5,60,Bare / sparse vegetation,122.71255612296426,333.94171989738936,-90,8.8,1.0,100.0,104,0.7,'bbc20572986ac467',2022-10-16 15:41:49,Gateway_24e124fffef06fd1
28.988166,50.837618,5,60,Bare / sparse vegetation,122.71255612296426,333.94171989738936,-84,1.8,0.7,100.0,98,0.7,'bbc20572986ac467',2022-10-16 15:41:54,Gateway_24e124fffef06fd1
28.987928,50.837742,6,50,Built-up,146.12351099805193,306.7302849005041,-77,7.8,1.0,100.0,91,0.6,'bbc20572986ac467',2022-10-16 15:41:57,Gateway_24e124fffef06fd1
28.98788,50.837872,6,60,Bare / sparse vegetation,159.67636139814545,293.97828520177677,-89,8.0,1.0,100.0,103,0.7,'bbc20572986ac467',2022-10-16 15:42:03,Gateway_24e124fffef06fd1
28.98788,50.837872,6,60,Bare / sparse vegetation,159.67636139814545,293.97828520177677,-81,10.0,1.0,100.0,95,0.7,'bbc20572986ac467',2022-10-16 15:42:04,Gateway_24e124fffef06fd1
28.987961,50.837973,7,50,Built-up,163.80410797192022,293.7002298727531,-87,2.8,0.736,100.0,101,0.6,'bbc20572986ac467',2022-10-16 15:42:09,Gateway_24e124fffef06fd1
28.988094,50.837939,6,60,Bare / sparse vegetation,154.5223652071044,306.9282782798415,-82,10.0,1.0,100.0,96,0.7,'bbc20572986ac467',2022-10-16 15:42:15,Gateway_24e124fffef06fd1
28.98821,50.837857,5,60,Bare / sparse vegetation,142.40054175183442,321.8880546766426,-87,7.8,1.0,100.0,101,0.7,'bbc20572986ac467',2022-10-16 15:42:21,Gateway_24e124fffef06fd1
28.988313,50.837778,5,60,Bare / sparse vegetation,131.5797219531374,335.57360553044913,-78,9.2,1.0,100.0,92,0.7,'bbc20572986ac467',2022-10-16 15:42:27,Gateway_24e124fffef06fd1
28.988409,50.837717,4,60,Bare / sparse vegetation,123.23420539035492,347.5457632497533,-74,-0.5,0.7,100.0,88,0.7,'bbc20572986ac467',2022-10-16 15:42:33,Gateway_24e124fffef06fd1
28.988504,50.837658,4,60,Bare / sparse vegetation,115.7810754433984,359.32302005721846,-75,9.2,1.0,100.0,89,0.7,'bbc20572986ac467',2022-10-16 15:42:39,Gateway_24e124fffef06fd1
28.988541,50.837543,4,60,Bare / sparse vegetation,104.16845691676953,369.65818353160927,-89,9.5,1.0,100.0,103,0.7,'bbc20572986ac467',2022-10-16 15:42:45,Gateway_24e124fffef06fd1
28.988541,50.837543,4,60,Bare / sparse vegetation,104.16845691676953,369.65818353160927,-93,9.8,1.0,100.0,107,0.7,'bbc20572986ac467',2022-10-16 15:42:49,Gateway_24e124fffef06fd1
28.988541,50.837543,4,60,Bare / sparse vegetation,104.16845691676953,369.65818353160927,-70,8.5,1.0,100.0,84,0.7,'bbc20572986ac467',2022-10-16 15:42:55,Gateway_24e124fffef06fd1
28.988541,50.837543,4,60,Bare / sparse vegetation,104.16845691676953,369.65818353160927,-78,12.8,1.0,100.0,92,0.7,'bbc20572986ac467',2022-10-16 15:43:01,Gateway_24e124fffef06fd1
28.988541,50.837543,4,60,Bare / sparse vegetation,104.16845691676953,369.65818353160927,-73,9.0,1.0,100.0,87,0.7,'bbc20572986ac467',2022-10-16 15:43:09,Gateway_24e124fffef06fd1
28.988067,50.837659,5,50,Built-up,131.27774738853606,323.3111730709351,-83,9.2,1.0,100.0,97,0.6,'bbc20572986ac467',2022-10-16 15:43:15,Gateway_24e124fffef06fd1
28.987956,50.837713,6,50,Built-up,142.07315436018908,310.9198225956377,-87,4.0,0.8799999999999999,100.0,101,0.6,'bbc20572986ac467',2022-10-16 15:43:21,Gateway_24e124fffef06fd1
28.987894,50.837827,6,50,Built-up,155.13555935504814,298.17836133615975,-83,9.2,1.0,100.0,97,0.6,'bbc20572986ac467',2022-10-16 15:43:27,Gateway_24e124fffef06fd1
28.987936,50.837958,7,50,Built-up,163.80878362368244,292.64765061294537,-83,8.0,1.0,100.0,97,0.6,'bbc20572986ac467',2022-10-16 15:43:33,Gateway_24e124fffef06fd1
28.988164,50.837908,6,60,Bare / sparse vegetation,148.82341281290223,314.78421039553695,-89,2.8,0.736,100.0,103,0.7,'bbc20572986ac467',2022-10-16 15:43:45,Gateway_24e124fffef06fd1
28.988164,50.837908,6,60,Bare / sparse vegetation,148.82341281290223,314.78421039553695,-89,9.0,1.0,100.0,103,0.7,'bbc20572986ac467',2022-10-16 15:43:46,Gateway_24e124fffef06fd1
28.98826,50.837831,5,60,Bare / sparse vegetation,138.22741440766382,327.75323425408766,-84,10.0,1.0,100.0,98,0.7,'bbc20572986ac467',2022-10-16 15:43:51,Gateway_24e124fffef06fd1
28.988358,50.837765,4,60,Bare / sparse vegetation,129.06462671648012,340.2087842331186,-81,10.8,1.0,100.0,95,0.7,'bbc20572986ac467',2022-10-16 15:43:57,Gateway_24e124fffef06fd1
28.988461,50.837699,4,60,Bare / sparse vegetation,120.43644684438273,353.10416987705497,-79,-1.2,0.7,100.0,93,0.7,'bbc20572986ac467',2022-10-16 15:44:03,Gateway_24e124fffef06fd1
28.98855,50.837614,4,60,Bare / sparse vegetation,110.95715099289872,365.9843918383103,-78,9.8,1.0,100.0,92,0.7,'bbc20572986ac467',2022-10-16 15:44:09,Gateway_24e124fffef06fd1
28.988526,50.837487,4,60,Bare / sparse vegetation,98.9418626373533,371.96318169276543,-77,9.5,1.0,100.0,91,0.7,'bbc20572986ac467',2022-10-16 15:44:21,Gateway_24e124fffef06fd1
28.988313,50.83749,4,60,Bare / sparse vegetation,104.88516175264982,354.3330112356501,-78,3.5,0.82,100.0,92,0.7,'bbc20572986ac467',2022-10-16 15:44:27,Gateway_24e124fffef06fd1
28.988208,50.837566,4,60,Bare / sparse vegetation,116.15795101991198,340.8109333994055,-75,10.0,1.0,100.0,89,0.7,'bbc20572986ac467',2022-10-16 15:44:33,Gateway_24e124fffef06fd1
28.987974,50.837686,6,50,Built-up,138.78362018641351,314.1972045979836,-79,9.0,1.0,100.0,93,0.6,'bbc20572986ac467',2022-10-16 15:44:45,Gateway_24e124fffef06fd1
28.987894,50.837774,6,50,Built-up,150.79055106797236,301.8682963999304,-77,6.8,1.0,100.0,91,0.6,'bbc20572986ac467',2022-10-16 15:44:51,Gateway_24e124fffef06fd1
28.98788,50.8379,7,60,Bare / sparse vegetation,162.0007892800203,292.0598767303725,-79,10.0,1.0,100.0,93,0.7,'bbc20572986ac467',2022-10-16 15:44:57,Gateway_24e124fffef06fd1
28.987953,50.837999,7,50,Built-up,166.46237110493493,291.34275783685104,-89,10.0,1.0,100.0,103,0.6,'bbc20572986ac467',2022-10-16 15:45:03,Gateway_24e124fffef06fd1
28.988063,50.837989,6,50,Built-up,160.3561803336096,301.1451151011561,-97,9.0,1.0,100.0,111,0.6,'bbc20572986ac467',2022-10-16 15:45:09,Gateway_24e124fffef06fd1
28.988146,50.837921,6,60,Bare / sparse vegetation,150.721892506676,312.44380839942636,-73,2.2,0.7,100.0,87,0.7,'bbc20572986ac467',2022-10-16 15:45:15,Gateway_24e124fffef06fd1
28.988226,50.837857,5,60,Bare / sparse vegetation,141.81685833079982,323.23956941648646,-88,8.2,1.0,100.0,102,0.7,'bbc20572986ac467',2022-10-16 15:45:21,Gateway_24e124fffef06fd1
28.988327,50.83779,4,60,Bare / sparse vegetation,132.28889783720828,336.00977542066227,-72,8.2,1.0,100.0,86,0.7,'bbc20572986ac467',2022-10-16 15:45:27,Gateway_24e124fffef06fd1
28.988327,50.83779,4,60,Bare / sparse vegetation,132.28889783720828,336.00977542066227,-81,8.2,1.0,100.0,95,0.7,'bbc20572986ac467',2022-10-16 15:45:33,Gateway_24e124fffef06fd1
28.98855,50.83753,4,60,Bare / sparse vegetation,102.80716517915694,371.238876183629,-90,9.0,1.0,100.0,104,0.7,'bbc20572986ac467',2022-10-16 15:45:45,Gateway_24e124fffef06fd1
28.988472,50.837445,4,60,Bare / sparse vegetation,95.86466207166613,370.2196230222666,-84,9.5,1.0,100.0,98,0.7,'bbc20572986ac467',2022-10-16 15:45:51,Gateway_24e124fffef06fd1
28.988355,50.837475,4,60,Bare / sparse vegetation,101.97806779004068,358.71653149435383,-71,9.0,1.0,100.0,85,0.7,'bbc20572986ac467',2022-10-16 15:45:57,Gateway_24e124fffef06fd1
28.988128,50.837615,5,60,Bare / sparse vegetation,124.31370029005329,331.1320196414393,-83,7.8,1.0,100.0,97,0.7,'bbc20572986ac467',2022-10-16 15:46:09,Gateway_24e124fffef06fd1
28.987922,50.837759,6,50,Built-up,147.87732110552895,305.0792686037483,-89,10.2,1.0,100.0,103,0.6,'bbc20572986ac467',2022-10-16 15:46:21,Gateway_24e124fffef06fd1
28.987922,50.837759,6,50,Built-up,147.87732110552895,305.0792686037483,-87,0.2,0.7,100.0,101,0.6,'bbc20572986ac467',2022-10-16 15:46:26,Gateway_24e124fffef06fd1
28.987945,50.83799,7,50,Built-up,166.09231415418276,291.2736636211239,-93,7.2,1.0,100.0,107,0.6,'bbc20572986ac467',2022-10-16 15:46:33,Gateway_24e124fffef06fd1
28.988064,50.83798,6,50,Built-up,159.50788826921107,301.8006119299601,-80,8.2,1.0,100.0,94,0.6,'bbc20572986ac467',2022-10-16 15:46:39,Gateway_24e124fffef06fd1
28.988064,50.83798,6,50,Built-up,159.50788826921107,301.8006119299601,-81,11.2,1.0,100.0,95,0.6,'bbc20572986ac467',2022-10-16 15:46:44,Gateway_24e124fffef06fd1
28.988257,50.837833,5,60,Bare / sparse vegetation,138.5146009660755,327.37342741651867,-82,-2.5,0.7,100.0,96,0.7,'bbc20572986ac467',2022-10-16 15:46:51,Gateway_24e124fffef06fd1
28.988357,50.837768,4,60,Bare / sparse vegetation,129.3751205497713,339.9365098736764,-75,9.8,1.0,100.0,89,0.7,'bbc20572986ac467',2022-10-16 15:46:57,Gateway_24e124fffef06fd1
28.988462,50.837709,4,60,Bare / sparse vegetation,121.37967168456889,352.5718986582606,-78,10.0,1.0,100.0,92,0.7,'bbc20572986ac467',2022-10-16 15:47:09,Gateway_24e124fffef06fd1
28.988427,50.837464,4,60,Bare / sparse vegetation,98.75382507721649,365.28866345456385,-81,9.8,1.0,100.0,95,0.7,'bbc20572986ac467',2022-10-16 15:47:21,Gateway_24e124fffef06fd1
28.988312,50.837499,4,60,Bare / sparse vegetation,105.74667004871625,353.6478140535495,-73,6.8,1.0,100.0,87,0.7,'bbc20572986ac467',2022-10-16 15:47:27,Gateway_24e124fffef06fd1
28.988201,50.837558,4,60,Bare / sparse vegetation,115.77204507301447,340.798189729742,-73,9.5,1.0,100.0,87,0.7,'bbc20572986ac467',2022-10-16 15:47:33,Gateway_24e124fffef06fd1
28.988201,50.837558,4,60,Bare / sparse vegetation,115.77204507301447,340.798189729742,-85,3.8,0.8559999999999999,100.0,99,0.7,'bbc20572986ac467',2022-10-16 15:47:38,Gateway_24e124fffef06fd1
28.987978,50.837695,6,50,Built-up,139.29305817414274,313.8778218441608,-90,11.0,1.0,100.0,104,0.6,'bbc20572986ac467',2022-10-16 15:47:45,Gateway_24e124fffef06fd1
28.987978,50.837695,6,50,Built-up,139.29305817414274,313.8778218441608,-81,7.0,1.0,100.0,95,0.6,'bbc20572986ac467',2022-10-16 15:47:46,Gateway_24e124fffef06fd1
28.987978,50.837695,6,50,Built-up,139.29305817414274,313.8778218441608,-87,11.8,1.0,100.0,101,0.6,'bbc20572986ac467',2022-10-16 15:47:53,Gateway_24e124fffef06fd1
28.988122,50.837927,6,60,Bare / sparse vegetation,152.24984294867392,310.0423081903127,-83,9.5,1.0,100.0,97,0.7,'bbc20572986ac467',2022-10-16 15:48:09,Gateway_24e124fffef06fd1
28.988233,50.837856,5,60,Bare / sparse vegetation,141.47535897527376,323.8949913251731,-83,10.8,1.0,100.0,97,0.7,'bbc20572986ac467',2022-10-16 15:48:15,Gateway_24e124fffef06fd1
28.988452,50.837711,4,60,Bare / sparse vegetation,121.75676528776631,351.59109424306047,-82,10.0,1.0,100.0,96,0.7,'bbc20572986ac467',2022-10-16 15:48:27,Gateway_24e124fffef06fd1
28.988553,50.83762,4,60,Bare / sparse vegetation,111.51024679517941,365.8702920512277,-75,-7.0,0.7,100.0,89,0.7,'bbc20572986ac467',2022-10-16 15:48:33,Gateway_24e124fffef06fd1
28.988553,50.83762,4,60,Bare / sparse vegetation,111.51024679517941,365.8702920512277,-96,9.2,1.0,100.0,110,0.7,'bbc20572986ac467',2022-10-16 15:48:39,Gateway_24e124fffef06fd1
28.988422,50.837448,4,60,Bare / sparse vegetation,97.376582656348,365.93862586100647,-70,7.8,1.0,100.0,84,0.7,'bbc20572986ac467',2022-10-16 15:48:45,Gateway_24e124fffef06fd1
28.988422,50.837448,4,60,Bare / sparse vegetation,97.376582656348,365.93862586100647,-72,9.0,1.0,100.0,86,0.7,'bbc20572986ac467',2022-10-16 15:48:46,Gateway_24e124fffef06fd1
28.988315,50.837506,4,60,Bare / sparse vegetation,106.27433457553586,353.4193605827271,-73,8.5,1.0,100.0,87,0.7,'bbc20572986ac467',2022-10-16 15:48:51,Gateway_24e124fffef06fd1
28.988204,50.837569,4,60,Bare / sparse vegetation,116.607402263995,340.2891313999609,-79,8.2,1.0,100.0,93,0.7,'bbc20572986ac467',2022-10-16 15:48:57,Gateway_24e124fffef06fd1
28.988089,50.837639,5,60,Bare / sparse vegetation,128.39788807859338,326.41441820148,-79,4.5,0.94,100.0,93,0.7,'bbc20572986ac467',2022-10-16 15:49:03,Gateway_24e124fffef06fd1
28.987978,50.837708,6,50,Built-up,140.3714881188989,312.97244871516233,-81,9.0,1.0,100.0,95,0.6,'bbc20572986ac467',2022-10-16 15:49:09,Gateway_24e124fffef06fd1
28.987898,50.837808,6,50,Built-up,153.33383450312027,299.80706463293353,-78,11.0,1.0,100.0,92,0.6,'bbc20572986ac467',2022-10-16 15:49:15,Gateway_24e124fffef06fd1
28.987898,50.837808,6,50,Built-up,153.33383450312027,299.80706463293353,-84,10.2,1.0,100.0,98,0.6,'bbc20572986ac467',2022-10-16 15:49:19,Gateway_24e124fffef06fd1
28.987898,50.837808,6,50,Built-up,153.33383450312027,299.80706463293353,-84,-2.8,0.7,100.0,98,0.6,'bbc20572986ac467',2022-10-16 15:49:27,Gateway_24e124fffef06fd1
28.988119,50.837947,6,60,Bare / sparse vegetation,154.18093285381687,308.52272191744146,-78,10.5,1.0,100.0,92,0.7,'bbc20572986ac467',2022-10-16 15:49:33,Gateway_24e124fffef06fd1
28.988226,50.837873,5,60,Bare / sparse vegetation,143.29307092353764,322.23439447172063,-83,9.2,1.0,100.0,97,0.7,'bbc20572986ac467',2022-10-16 15:49:39,Gateway_24e124fffef06fd1
28.988333,50.837795,4,60,Bare / sparse vegetation,132.58692981692263,336.2088672100054,-77,9.8,1.0,100.0,91,0.7,'bbc20572986ac467',2022-10-16 15:49:45,Gateway_24e124fffef06fd1
28.988532,50.837659,4,60,Bare / sparse vegetation,115.51497342447836,361.6638795286731,-84,10.0,1.0,100.0,98,0.7,'bbc20572986ac467',2022-10-16 15:49:57,Gateway_24e124fffef06fd1
28.988545,50.837544,4,60,Bare / sparse vegetation,104.21963878846734,369.93300697301294,-77,10.8,1.0,100.0,91,0.7,'bbc20572986ac467',2022-10-16 15:50:08,Gateway_24e124fffef06fd1
28.988634,50.837827,-1,50,Built-up,131.26624585884795,360.6549719379247,-81,10.5,1.0,100.0,95,0.6,'bbc20572986ac467',2022-10-16 15:50:21,Gateway_24e124fffef06fd1
28.988679,50.837963,3,60,Bare / sparse vegetation,144.58230140541798,357.1717095000427,-77,7.0,1.0,100.0,91,0.7,'bbc20572986ac467',2022-10-16 15:50:27,Gateway_24e124fffef06fd1
28.988679,50.837963,3,60,Bare / sparse vegetation,144.58230140541798,357.1717095000427,-81,9.8,1.0,100.0,95,0.7,'bbc20572986ac467',2022-10-16 15:50:31,Gateway_24e124fffef06fd1
28.988679,50.837963,3,60,Bare / sparse vegetation,144.58230140541798,357.1717095000427,-84,4.8,0.976,100.0,98,0.7,'bbc20572986ac467',2022-10-16 15:50:36,Gateway_24e124fffef06fd1
28.988926,50.838051,3,50,Built-up,156.34035477344452,375.82914439248543,-95,9.2,1.0,100.0,109,0.6,'bbc20572986ac467',2022-10-16 15:50:39,Gateway_24e124fffef06fd1
28.989063,50.837969,3,80,Permanent water bodies,152.48828584333265,392.970966666088,-86,9.2,1.0,100.0,100,0.95,'bbc20572986ac467',2022-10-16 15:50:45,Gateway_24e124fffef06fd1
28.989196,50.837871,2,80,Permanent water bodies,148.90240894823884,410.51665321401623,-82,9.5,1.0,100.0,96,0.95,'bbc20572986ac467',2022-10-16 15:50:51,Gateway_24e124fffef06fd1
28.98931,50.837753,2,50,Built-up,144.58092366165428,427.2456544593314,-79,-3.5,0.7,100.0,93,0.6,'bbc20572986ac467',2022-10-16 15:50:57,Gateway_24e124fffef06fd1
28.989344,50.837588,3,50,Built-up,133.2168829803134,438.8831270392176,-84,10.2,1.0,100.0,98,0.6,'bbc20572986ac467',2022-10-16 15:51:03,Gateway_24e124fffef06fd1
28.989344,50.837588,3,50,Built-up,133.2168829803134,438.8831270392176,-76,8.8,1.0,100.0,90,0.6,'bbc20572986ac467',2022-10-16 15:51:04,Gateway_24e124fffef06fd1
28.989415,50.837458,1,50,Built-up,128.3023646098742,452.35999142052407,-71,9.2,1.0,100.0,85,0.6,'bbc20572986ac467',2022-10-16 15:51:09,Gateway_24e124fffef06fd1
28.989558,50.837374,1,60,Bare / sparse vegetation,133.94878400000331,470.10789532473547,-83,5.2,1.0,100.0,97,0.7,'bbc20572986ac467',2022-10-16 15:51:15,Gateway_24e124fffef06fd1
28.989695,50.837331,3,50,Built-up,143.3535158378256,485.14969382426284,-94,10.5,1.0,100.0,108,0.6,'bbc20572986ac467',2022-10-16 15:51:21,Gateway_24e124fffef06fd1
28.989695,50.837331,3,50,Built-up,143.3535158378256,485.14969382426284,-89,11.8,1.0,100.0,103,0.6,'bbc20572986ac467',2022-10-16 15:51:26,Gateway_24e124fffef06fd1
28.989948,50.837406,5,50,Built-up,170.76300235683806,505.3472762190089,-87,9.0,1.0,100.0,101,0.6,'bbc20572986ac467',2022-10-16 15:51:33,Gateway_24e124fffef06fd1
28.990078,50.837318,4,80,Permanent water bodies,179.0843280608164,522.113342375268,-83,-4.8,0.7,100.0,97,0.95,'bbc20572986ac467',2022-10-16 15:51:39,Gateway_24e124fffef06fd1
28.990203,50.837217,4,50,Built-up,187.53347115914,539.0362000948111,-91,7.8,1.0,100.0,105,0.6,'bbc20572986ac467',2022-10-16 15:51:45,Gateway_24e124fffef06fd1
28.990327,50.837117,11,80,Permanent water bodies,197.0144045636733,555.8185373577707,-69,2.0,0.7,100.0,83,0.95,'bbc20572986ac467',2022-10-16 15:51:51,Gateway_24e124fffef06fd1
28.990453,50.837022,6,50,Built-up,207.77035651380453,572.5485808052459,-87,8.8,1.0,100.0,101,0.6,'bbc20572986ac467',2022-10-16 15:51:57,Gateway_24e124fffef06fd1
28.990453,50.837022,6,50,Built-up,207.77035651380453,572.5485808052459,-77,0.8,0.7,100.0,91,0.6,'bbc20572986ac467',2022-10-16 15:52:04,Gateway_24e124fffef06fd1
28.990724,50.836874,10,50,Built-up,234.15070684622358,605.757300116767,-77,9.2,1.0,100.0,91,0.6,'bbc20572986ac467',2022-10-16 15:52:09,Gateway_24e124fffef06fd1
28.990859,50.836791,10,50,Built-up,247.80441110387596,622.7580797661388,-77,7.2,1.0,100.0,91,0.6,'bbc20572986ac467',2022-10-16 15:52:15,Gateway_24e124fffef06fd1
28.99099,50.836685,10,50,Built-up,261.2286199889863,640.5032738224297,-83,-5.2,0.7,100.0,97,0.6,'bbc20572986ac467',2022-10-16 15:52:27,Gateway_24e124fffef06fd1
28.991251,50.8365,12,80,Permanent water bodies,289.3983111024004,674.5756898065558,-75,9.8,1.0,100.0,89,0.95,'bbc20572986ac467',2022-10-16 15:52:33,Gateway_24e124fffef06fd1
28.991376,50.836383,9,50,Built-up,303.39348682306644,692.2992405843064,-79,10.0,1.0,100.0,93,0.6,'bbc20572986ac467',2022-10-16 15:52:39,Gateway_24e124fffef06fd1
28.991397,50.836252,6,50,Built-up,306.38042488097875,700.8706404019312,-79,11.2,1.0,100.0,93,0.6,'bbc20572986ac467',2022-10-16 15:52:45,Gateway_24e124fffef06fd1
28.991397,50.836252,6,50,Built-up,306.38042488097875,700.8706404019312,-76,4.0,0.8799999999999999,100.0,90,0.6,'bbc20572986ac467',2022-10-16 15:52:50,Gateway_24e124fffef06fd1
28.991305,50.836046,6,80,Permanent water bodies,298.38927198638794,702.9877281572989,-83,9.5,1.0,100.0,97,0.95,'bbc20572986ac467',2022-10-16 15:52:57,Gateway_24e124fffef06fd1
28.991407,50.835936,6,50,Built-up,311.23009251413134,718.3241693001453,-86,8.0,1.0,100.0,100,0.6,'bbc20572986ac467',2022-10-16 15:53:03,Gateway_24e124fffef06fd1
28.99156,50.835825,6,50,Built-up,329.87407707893436,738.4354723298352,-85,10.0,1.0,100.0,99,0.6,'bbc20572986ac467',2022-10-16 15:53:09,Gateway_24e124fffef06fd1
28.99173,50.835697,6,80,Permanent water bodies,350.87876018985673,761.0319910009304,-78,6.0,1.0,100.0,92,0.95,'bbc20572986ac467',2022-10-16 15:53:15,Gateway_24e124fffef06fd1
28.991887,50.835578,3,50,Built-up,370.46187845599246,781.9428600326058,-77,7.2,1.0,100.0,91,0.6,'bbc20572986ac467',2022-10-16 15:53:21,Gateway_24e124fffef06fd1
28.992032,50.835472,3,50,Built-up,388.57475825901025,801.0457953977701,-79,10.0,1.0,100.0,93,0.6,'bbc20572986ac467',2022-10-16 15:53:27,Gateway_24e124fffef06fd1
28.992171,50.835372,4,50,Built-up,405.98161810453655,819.271739438788,-84,9.5,1.0,100.0,98,0.6,'bbc20572986ac467',2022-10-16 15:53:33,Gateway_24e124fffef06fd1
28.99231,50.835271,4,50,Built-up,423.4847971009223,837.5514367711398,-76,5.8,1.0,100.0,90,0.6,'bbc20572986ac467',2022-10-16 15:53:39,Gateway_24e124fffef06fd1
28.99245,50.835177,5,80,Permanent water bodies,440.9603246219686,855.5488505260141,-83,9.8,1.0,100.0,97,0.95,'bbc20572986ac467',2022-10-16 15:53:45,Gateway_24e124fffef06fd1
28.992587,50.835077,5,80,Permanent water bodies,458.33449161879116,873.5900984720107,-87,8.0,1.0,100.0,101,0.95,'bbc20572986ac467',2022-10-16 15:53:51,Gateway_24e124fffef06fd1
28.99271,50.834995,6,50,Built-up,459.9757707868777,889.3716951276173,-87,9.2,1.0,100.0,101,0.6,'bbc20572986ac467',2022-10-16 15:53:57,Gateway_e45f01fffe376ce6
28.99271,50.834995,6,50,Built-up,459.9757707868777,889.3716951276173,-88,11.5,1.0,100.0,102,0.6,'bbc20572986ac467',2022-10-16 15:54:09,Gateway_e45f01fffe376ce6
28.99311,50.834706,5,50,Built-up,408.00913722640917,941.8889238313037,-83,10.0,1.0,100.0,97,0.6,'bbc20572986ac467',2022-10-16 15:54:15,Gateway_e45f01fffe376ce6
28.993243,50.834626,7,50,Built-up,391.80771683530014,958.4933094742856,-77,10.8,1.0,100.0,91,0.6,'bbc20572986ac467',2022-10-16 15:54:21,Gateway_e45f01fffe376ce6
28.993525,50.834441,4,50,Built-up,356.5756854810704,994.5228243736209,-93,0.5,0.7,100.0,107,0.6,'bbc20572986ac467',2022-10-16 15:54:33,Gateway_e45f01fffe376ce6
28.993702,50.834393,4,50,Built-up,339.1927127204626,1013.5451789982577,-90,10.8,1.0,100.0,104,0.6,'bbc20572986ac467',2022-10-16 15:54:39,Gateway_e45f01fffe376ce6
28.993886,50.834381,3,50,Built-up,324.16370831018185,1031.400485264536,-77,9.8,1.0,100.0,91,0.6,'bbc20572986ac467',2022-10-16 15:54:45,Gateway_e45f01fffe376ce6
28.994073,50.834335,6,50,Built-up,307.01587677522804,1051.3689587983222,-79,5.0,1.0,100.0,93,0.6,'bbc20572986ac467',2022-10-16 15:54:51,Gateway_e45f01fffe376ce6
28.994255,50.834251,10,50,Built-up,287.84451881243507,1072.8405016098795,-77,9.5,1.0,100.0,91,0.6,'bbc20572986ac467',2022-10-16 15:54:57,Gateway_e45f01fffe376ce6
28.99491,50.83383,0,80,Permanent water bodies,212.76456662618187,1156.1795508848184,-71,-0.8,0.7,100.0,85,0.95,'bbc20572986ac467',2022-10-16 15:55:21,Gateway_e45f01fffe376ce6
